-- MySQL dump 10.13  Distrib 8.0.19, for Win64 (x86_64)
--
-- Host: ejaradb-prod.colfljowwrps.us-west-2.rds.amazonaws.com    Database: ejara_db
-- ------------------------------------------------------
-- Server version	8.0.17

/*!40101 SET @OLD_CHARACTER_SET_CLIENT=@@CHARACTER_SET_CLIENT */;
/*!40101 SET @OLD_CHARACTER_SET_RESULTS=@@CHARACTER_SET_RESULTS */;
/*!40101 SET @OLD_COLLATION_CONNECTION=@@COLLATION_CONNECTION */;
/*!50503 SET NAMES utf8 */;
/*!40103 SET @OLD_TIME_ZONE=@@TIME_ZONE */;
/*!40103 SET TIME_ZONE='+00:00' */;
/*!40014 SET @OLD_UNIQUE_CHECKS=@@UNIQUE_CHECKS, UNIQUE_CHECKS=0 */;
/*!40014 SET @OLD_FOREIGN_KEY_CHECKS=@@FOREIGN_KEY_CHECKS, FOREIGN_KEY_CHECKS=0 */;
/*!40101 SET @OLD_SQL_MODE=@@SQL_MODE, SQL_MODE='NO_AUTO_VALUE_ON_ZERO' */;
/*!40111 SET @OLD_SQL_NOTES=@@SQL_NOTES, SQL_NOTES=0 */;
SET @MYSQLDUMP_TEMP_LOG_BIN = @@SESSION.SQL_LOG_BIN;
SET @@SESSION.SQL_LOG_BIN= 0;

--
-- GTID state at the beginning of the backup 
--

SET @@GLOBAL.GTID_PURGED=/*!80000 '+'*/ '';

--
-- Table structure for table `add_source_type`
--

DROP TABLE IF EXISTS `add_source_type`;
/*!40101 SET @saved_cs_client     = @@character_set_client */;
/*!50503 SET character_set_client = utf8mb4 */;
CREATE TABLE `add_source_type` (
  `add_source_type_id` int(11) NOT NULL AUTO_INCREMENT,
  `add_source_type_desc` varchar(255) DEFAULT NULL,
  `Code` varchar(3) NOT NULL,
  PRIMARY KEY (`add_source_type_id`)
) ENGINE=MyISAM AUTO_INCREMENT=5 DEFAULT CHARSET=utf8;
/*!40101 SET character_set_client = @saved_cs_client */;

--
-- Dumping data for table `add_source_type`
--

LOCK TABLES `add_source_type` WRITE;
/*!40000 ALTER TABLE `add_source_type` DISABLE KEYS */;
INSERT INTO `add_source_type` VALUES (1,'Transaction via mobile money','MOM'),(2,'International Money Transfer','ITL'),(3,'Transaction via bank','BAC');
/*!40000 ALTER TABLE `add_source_type` ENABLE KEYS */;
UNLOCK TABLES;

--
-- Table structure for table `addmoney`
--

DROP TABLE IF EXISTS `addmoney`;
/*!40101 SET @saved_cs_client     = @@character_set_client */;
/*!50503 SET character_set_client = utf8mb4 */;
CREATE TABLE `addmoney` (
  `transaction_id` int(11) NOT NULL AUTO_INCREMENT,
  `transaction_uid` int(11) NOT NULL DEFAULT '0',
  `customers_id` int(11) NOT NULL,
  `identification` varchar(20) NOT NULL COMMENT 'Numero de telephone pour les transaction momo ou numero de carte de credit',
  `amount` float NOT NULL,
  `add_source_type_id` int(11) NOT NULL,
  `statut` int(1) NOT NULL COMMENT '0 : Pending; 1 : Validate; 2 : Cancellation; 3 : not validated',
  `revenu` int(11) DEFAULT NULL,
  `fees` int(11) DEFAULT NULL,
  `operator_fees` float NOT NULL DEFAULT '0',
  `transaction_date` datetime DEFAULT NULL,
  `deliver` varchar(100) DEFAULT 'Auto',
  `payment_type` int(11) DEFAULT NULL,
  `manuel_transfert_id` int(11) DEFAULT NULL,
  PRIMARY KEY (`transaction_id`)
) ENGINE=InnoDB AUTO_INCREMENT=517 DEFAULT CHARSET=utf8;
/*!40101 SET character_set_client = @saved_cs_client */;

--
-- Dumping data for table `addmoney`
--

LOCK TABLES `addmoney` WRITE;
/*!40000 ALTER TABLE `addmoney` DISABLE KEYS */;
INSERT INTO `addmoney` VALUES (77,0,259,'651702809',1030,1,1,999,31,0,'2020-02-21 21:39:35','Auto',NULL,NULL),(78,0,257,'672809292',5150,1,3,NULL,NULL,0,'2020-02-22 02:36:21','Auto',NULL,NULL),(79,0,259,'651702809',1030,1,1,999,31,0,'2020-02-22 05:22:41','Auto',NULL,NULL),(80,0,260,'679495501',4120,1,3,NULL,NULL,0,'2020-02-22 11:30:10','Auto',NULL,NULL),(81,0,259,'651702809',4120,1,1,3996,124,0,'2020-02-22 11:39:19','Auto',NULL,NULL),(82,0,259,'653898618',3090,1,1,2997,93,0,'2020-02-22 11:42:03','Auto',NULL,NULL),(83,0,260,'653898618',2575,1,1,2498,77,0,'2020-02-22 11:43:53','Auto',NULL,NULL),(84,0,260,'679495501',4120,1,1,3996,124,0,'2020-02-22 11:46:50','Auto',NULL,NULL),(85,0,260,'679495501',51500,1,1,49903,124,0,'2020-02-22 12:18:21','Auto',NULL,NULL),(86,0,259,'651702809',3090,1,1,2997,93,0,'2020-02-22 12:58:19','Auto',NULL,NULL),(87,0,257,'672809292',10300,1,3,NULL,NULL,0,'2020-02-22 17:12:29','Auto',NULL,NULL),(88,0,257,'672809292',41200,1,1,9991,309,0,'2020-02-22 17:15:05','Auto',NULL,NULL),(89,0,265,'697818740',1030,1,0,NULL,NULL,0,'2020-02-23 16:19:21','Auto',NULL,NULL),(90,0,254,'675628989',36050,1,1,34930,784,0,'2020-02-23 16:20:29','Auto',NULL,NULL),(91,0,254,'675628989',61800,1,1,59887,784,0,'2020-02-24 08:06:49','Auto',NULL,NULL),(92,0,265,'697818740',1030,1,3,NULL,NULL,0,'2020-02-24 18:52:20','Auto',NULL,NULL),(93,0,257,'672809292',10300,1,1,9991,309,0,'2020-02-24 18:55:38','Auto',NULL,NULL),(94,0,257,'672809292',10300,1,1,9991,309,0,'2020-02-24 18:57:46','Auto',NULL,NULL),(95,0,275,'690603928',515,1,0,NULL,NULL,0,'2020-02-27 17:33:55','Auto',NULL,NULL),(96,0,278,'694748321',1030,1,0,NULL,NULL,0,'2020-02-27 18:24:10','Auto',NULL,NULL),(97,0,280,'652035569',6180,1,1,5995,185,0,'2020-02-27 21:25:04','Auto',NULL,NULL),(98,0,266,'651702809',25600,1,1,24829,771,0,'2020-02-27 21:47:34','Auto',NULL,NULL),(99,0,279,'671843554',20600,1,1,19982,618,0,'2020-02-27 22:38:28','Auto',NULL,NULL),(100,0,253,'653919163',2575,1,1,2498,77,0,'2020-02-27 22:47:47','Auto',NULL,NULL),(101,0,264,'696201988',1030,1,0,NULL,NULL,0,'2020-02-28 00:46:18','Auto',NULL,NULL),(102,0,286,'697380148',103,1,0,NULL,NULL,0,'2020-02-28 16:13:50','Auto',NULL,NULL),(103,0,287,'696057257',5150,1,1,4995,155,0,'2020-02-28 20:18:30','Auto',NULL,NULL),(104,0,287,'696057257',2060,1,1,1998,62,0,'2020-02-28 20:20:22','Auto',NULL,NULL),(105,0,293,'670050977',1030,1,1,999,31,0,'2020-02-29 12:40:32','Auto',NULL,NULL),(106,0,290,'653451508',1030,1,1,999,31,0,'2020-02-29 13:17:12','Auto',NULL,NULL),(107,0,293,'658621266',1030,1,0,NULL,NULL,0,'2020-02-29 13:18:06','Auto',NULL,NULL),(108,0,295,'677012678',51500,1,3,49950,1550,0,'2020-02-29 15:57:42','Auto',NULL,NULL),(109,0,302,'691675418',1030,1,0,NULL,NULL,0,'2020-02-29 17:09:09','Auto',NULL,NULL),(110,0,296,'651279347',20600,1,1,19980,620,0,'2020-03-01 17:15:11','Auto',NULL,NULL),(111,0,289,'680583420',1030,1,3,NULL,NULL,0,'2020-03-02 11:54:59','Auto',NULL,NULL),(112,0,289,'680583420',1648,1,1,1599,49,0,'2020-03-02 12:37:23','Auto',NULL,NULL),(113,0,301,'650498522',4120,1,3,NULL,NULL,0,'2020-03-02 16:52:00','Auto',NULL,NULL),(114,0,301,'650498522',2060,1,3,NULL,NULL,0,'2020-03-02 18:18:26','Auto',NULL,NULL),(115,0,301,'650498522',2060,1,1,1998,62,0,'2020-03-03 12:34:35','Auto',NULL,NULL),(116,0,277,'651374667',30800,1,3,NULL,NULL,0,'2020-03-04 17:21:57','Auto',NULL,NULL),(117,0,277,'651374667',25000,1,1,24248,753,0,'2020-03-04 17:22:09','Auto',NULL,NULL),(118,0,264,'680583420',103000,1,1,99900,3100,0,'2020-03-04 17:22:46','Auto',NULL,NULL),(119,0,261,'680583420',27000,1,1,26187,813,0,'2020-03-04 17:22:47','Auto',NULL,NULL),(120,0,270,'680583420',27800,1,1,26963,837,0,'2020-03-04 17:28:14','Auto',NULL,NULL),(121,0,266,'680583420',55000,1,1,53345,1656,0,'2020-03-04 17:28:17','Auto',NULL,NULL),(122,0,284,'680583420',147000,1,1,142575,4425,0,'2020-03-04 17:28:17','Auto',NULL,NULL),(123,0,294,'680583420',178000,1,1,172642,5358,0,'2020-03-04 17:28:19','Auto',NULL,NULL),(124,0,289,'680583420',1030,1,1,999,31,0,'2020-03-04 17:28:20','Auto',NULL,NULL),(125,0,267,'674374267',1545,1,1,1499,46,0,'2020-03-05 20:07:11','Auto',NULL,NULL),(126,0,253,'675326066',5150,1,0,NULL,NULL,0,'2020-03-05 20:07:30','Auto',NULL,NULL),(127,0,253,'675326066',5150,1,0,NULL,NULL,0,'2020-03-05 20:13:11','Auto',NULL,NULL),(128,0,304,'651702809',4120,1,1,3996,124,0,'2020-03-07 07:50:38','Auto',NULL,NULL),(129,0,305,'673754346',18540,1,3,NULL,NULL,0,'2020-03-07 17:08:26','Auto',NULL,NULL),(130,0,305,'673754376',18540,1,3,NULL,NULL,0,'2020-03-08 15:30:17','Auto',NULL,NULL),(131,0,305,'673754346',18540,1,1,17984,556,0,'2020-03-08 15:49:10','Auto',NULL,NULL),(132,0,304,'651702809',2060,1,3,NULL,NULL,0,'2020-03-11 12:13:10','Auto',NULL,NULL),(133,0,295,'677012678',2060,1,1,1998,62,0,'2020-03-11 15:22:24','Auto',NULL,NULL),(134,0,257,'672809292',10300,1,3,NULL,NULL,0,'2020-03-11 17:04:33','Auto',NULL,NULL),(135,0,253,'653919163',1030,1,3,NULL,NULL,0,'2020-03-13 17:53:07','Auto',NULL,NULL),(136,0,253,'653919163',1030,1,3,NULL,NULL,0,'2020-03-13 17:54:15','Auto',NULL,NULL),(137,0,253,'653919163',3090,1,1,2997,93,0,'2020-03-14 12:27:30','Auto',NULL,NULL),(138,0,253,'653919163',1030,1,3,NULL,NULL,0,'2020-03-14 13:03:50','Auto',NULL,NULL),(139,0,253,'653919163',1030,1,1,999,31,0,'2020-03-14 13:15:33','Auto',NULL,NULL),(140,0,301,'650498522',5150,1,1,4995,155,0,'2020-03-14 22:56:03','Auto',NULL,NULL),(141,0,267,'680685519',4999.62,1,1,4850,150,0,'2020-03-15 07:24:42','Auto',NULL,NULL),(142,0,289,'680583420',4120,1,1,3996,124,0,'2020-03-15 09:04:30','Auto',NULL,NULL),(143,0,257,'672809292',5150,1,1,4995,155,0,'2020-03-15 16:18:58','Auto',NULL,NULL),(144,0,257,'672889292',10300,1,3,NULL,NULL,0,'2020-03-16 08:19:51','Auto',NULL,NULL),(145,0,257,'672809292',10300,1,1,9991,309,0,'2020-03-16 08:21:52','Auto',NULL,NULL),(146,0,253,'678642421',1030,1,3,NULL,NULL,0,'2020-03-16 09:16:10','Auto',NULL,NULL),(147,0,260,'679495501',6180,1,1,5995,185,0,'2020-03-16 14:09:38','Auto',NULL,NULL),(148,0,327,'651999658',3296,1,3,NULL,NULL,0,'2020-03-17 16:30:36','Auto',NULL,NULL),(149,0,327,'651999658',3296,1,3,NULL,NULL,0,'2020-03-17 16:30:45','Auto',NULL,NULL),(150,0,289,'680583420',2987,1,1,2897,90,0,'2020-03-21 08:10:37','Auto',NULL,NULL),(151,0,334,'653919163',2266,1,1,2198,68,0,'2020-03-22 08:33:16','Auto',NULL,NULL),(152,0,329,'651702607',51500,1,1,49950,1500,0,'2020-03-23 15:33:16','Auto',NULL,NULL),(153,0,329,'651702607',103000,1,1,99900,3000,0,'2020-03-23 15:56:16','Auto',NULL,NULL),(154,0,306,'690547176',309,1,0,NULL,NULL,0,'2020-03-23 18:10:30','Auto',NULL,NULL),(155,0,336,'674282135',72100,1,1,69930,2100,0,'2020-03-24 07:46:18','Auto',NULL,NULL),(156,0,253,'678642421',1030,1,3,NULL,NULL,0,'2020-03-24 16:24:22','Auto',NULL,NULL),(157,0,253,'678642421',1030,1,1,999,31,0,'2020-03-24 16:36:45','Auto',NULL,NULL),(158,0,257,'672809292',15450,1,1,14986,464,0,'2020-03-25 06:48:22','Auto',NULL,NULL),(159,0,256,'670631135',1545,1,3,NULL,NULL,0,'2020-03-25 07:24:09','Auto',NULL,NULL),(160,0,257,'672809292',5150,1,1,4995,155,0,'2020-03-26 06:21:37','Auto',NULL,NULL),(161,0,301,'650498522',6180,1,1,5995,185,0,'2020-03-27 10:02:58','Auto',NULL,NULL),(162,0,295,'677012678',515,1,1,500,15,0,'2020-03-28 14:54:05','Auto',NULL,NULL),(163,0,336,'651702607',82400,1,1,80000,2400,0,'2020-03-28 15:56:16','Auto',NULL,NULL),(164,0,289,'680583420',3450.5,1,3,NULL,NULL,0,'2020-03-29 12:50:53','Auto',NULL,NULL),(165,0,289,'680583420',3450.5,1,3,NULL,NULL,0,'2020-03-29 12:50:54','Auto',NULL,NULL),(166,0,289,'680583420',3450.5,1,3,NULL,NULL,0,'2020-03-29 12:52:43','Auto',NULL,NULL),(167,0,289,'680583420',3450.5,1,1,3347,104,0,'2020-03-29 12:52:44','Auto',NULL,NULL),(168,0,338,'673754346',18540,1,1,17984,556,0,'2020-03-30 09:28:50','Auto',NULL,NULL),(169,0,338,'673754346',10815,1,3,NULL,NULL,0,'2020-03-30 13:55:36','Auto',NULL,NULL),(170,0,338,'673754346',10815,1,1,10491,324,0,'2020-03-30 13:55:39','Auto',NULL,NULL),(171,0,338,'673754346',25750,1,1,24977,773,0,'2020-03-31 08:17:27','Auto',NULL,NULL),(172,0,313,'691679994',1030,1,0,NULL,30,0,'2020-04-02 23:35:18','Auto',NULL,NULL),(173,0,313,'691679994',1030,1,0,NULL,30,0,'2020-04-02 23:35:32','Auto',NULL,NULL),(174,0,313,'691679994',1131,1,0,NULL,31,100,'2020-04-02 23:39:10','Auto',NULL,NULL),(175,0,313,'691679994',1030,1,0,NULL,30,0,'2020-04-03 00:28:54','Auto',NULL,NULL),(176,0,336,'653675627',81000,1,1,80919,2430,0,'2020-04-04 08:34:58','Auto',NULL,NULL),(177,0,313,'653898618',2060,1,0,NULL,60,0,'2020-04-06 11:56:16','Auto',NULL,NULL),(178,0,313,'653898618',2060,1,3,NULL,60,0,'2020-04-06 11:56:16','Auto',NULL,NULL),(179,0,336,'651702809',2060,1,1,1998,62,0,'2020-04-06 15:58:25','Auto',NULL,NULL),(180,0,253,'678642421',2060,1,3,NULL,2060,0,'2020-04-06 15:59:30','Auto',NULL,NULL),(181,0,338,'673754346',37080,1,1,35968,1112,0,'2020-04-06 16:04:59','Auto',NULL,NULL),(182,0,329,'651702607',66435,1,1,64437,1935,0,'2020-04-06 15:23:23','Auto',NULL,NULL),(183,0,350,'694850018',10300,1,0,NULL,10300,0,'2020-04-06 23:16:07','Auto',NULL,NULL),(184,0,330,'678642421',2060,1,3,NULL,2060,0,'2020-04-07 12:47:59','Auto',NULL,NULL),(185,0,330,'678642421',2060,1,3,NULL,2060,0,'2020-04-07 12:48:43','Auto',NULL,NULL),(186,0,330,'653919163',2060,1,3,NULL,2060,0,'2020-04-07 12:52:22','Auto',NULL,NULL),(187,0,330,'653919163',2266,1,3,NULL,2266,0,'2020-04-07 13:00:44','Auto',NULL,NULL),(188,0,330,'653919163',2266,1,1,2198,68,0,'2020-04-07 13:20:48','Auto',NULL,NULL),(189,0,313,'691679994',1030,1,0,NULL,30,0,'2020-04-07 16:35:14','Auto',NULL,NULL),(190,0,313,'691679994',1030,1,0,NULL,30,0,'2020-04-07 16:49:07','Auto',NULL,NULL),(191,0,284,'677182675',5150,1,1,4995,155,0,'2020-04-09 14:29:50','Auto',NULL,NULL),(192,0,336,'653675627',110000,1,1,109890,3300,0,'2020-04-12 11:29:50','Auto',NULL,NULL),(193,0,353,'651974510',1030,1,3,NULL,1030,0,'2020-04-12 18:11:50','Auto',NULL,NULL),(194,0,353,'651974510',1030,1,0,NULL,1030,0,'2020-04-12 18:12:12','Auto',NULL,NULL),(195,0,353,'651974510',1030,1,3,NULL,1030,0,'2020-04-12 18:12:12','Auto',NULL,NULL),(196,0,353,'651974510',1030,1,3,NULL,1030,0,'2020-04-12 18:12:18','Auto',NULL,NULL),(197,0,274,'674099619',51500,1,1,49955,1545,0,'2020-04-13 09:02:06','Auto',NULL,NULL),(198,0,355,'654478290',10300,1,3,NULL,10300,0,'2020-04-14 11:46:16','Auto',NULL,NULL),(199,0,257,'672809292',10300,1,1,9991,309,0,'2020-04-14 18:35:07','Auto',NULL,NULL),(200,0,336,'653675627',75190,1,1,72927,2190,0,'2020-04-17 06:24:26','Auto',NULL,NULL),(201,0,353,'651974510',87550,1,1,84915,2550,0,'2020-04-17 10:02:41','Auto',NULL,NULL),(203,0,358,'653267899',15450,1,1,14985,465,0,'2020-04-18 07:25:26','Auto',NULL,NULL),(204,0,284,'677182675',5175.75,1,1,5021,155,0,'2020-04-18 05:25:55','Auto',NULL,NULL),(205,0,360,'673632095',10300,1,3,NULL,10300,0,'2020-04-19 10:18:50','Auto',NULL,NULL),(206,0,360,'673632095',10300,1,3,NULL,10300,0,'2020-04-19 10:22:39','Auto',NULL,NULL),(207,0,366,'653919163',32960,1,3,NULL,32960,0,'2020-04-20 18:34:27','Auto',NULL,NULL),(208,0,366,'653919163',32960,1,1,31971,989,0,'2020-04-20 19:02:31','Auto',NULL,NULL),(209,0,360,'673632095',10300,1,1,9991,309,0,'2020-04-21 09:53:27','Auto',NULL,NULL),(210,0,358,'653267899',15450,1,1,14985,465,0,'2020-04-21 19:03:00','Auto',NULL,NULL),(212,0,360,'673632095',4635,1,1,4496,139,0,'2020-04-23 13:47:04','Auto',NULL,NULL),(213,0,336,'653274615',113300,1,1,109890,3300,0,'2020-04-27 09:40:09','Auto',NULL,NULL),(214,0,366,'670498186',139926,1,3,NULL,139926,0,'2020-04-28 12:07:41','Auto',NULL,NULL),(215,0,366,'670498186',139926,1,3,NULL,139926,0,'2020-04-28 12:08:43','Auto',NULL,NULL),(216,0,366,'670498186',139926,1,3,NULL,139926,0,'2020-04-28 12:15:31','Auto',NULL,NULL),(217,0,366,'670498186',139926,1,3,NULL,139926,0,'2020-04-28 12:27:09','Auto',NULL,NULL),(218,0,301,'650498522',5665,1,1,5495,170,0,'2020-04-28 12:28:58','Auto',NULL,NULL),(219,0,366,'670498186',139926,1,3,NULL,139926,0,'2020-04-28 12:43:45','Auto',NULL,NULL),(220,0,336,'653274615',5150,1,1,4995,155,0,'2020-04-28 15:08:13','Auto',NULL,NULL),(221,0,366,'670498186',139956,1,3,NULL,139956,0,'2020-04-28 23:08:30','Auto',NULL,NULL),(222,0,366,'670498186',139967,1,3,NULL,139967,0,'2020-04-29 11:37:02','Auto',NULL,NULL),(223,0,366,'670498186',139967,1,3,NULL,139967,0,'2020-04-29 17:43:50','Auto',NULL,NULL),(224,0,366,'696201988',140000,1,1,137850,2150,0,'2020-02-29 20:52:59','Auto',NULL,NULL),(225,0,370,'681357976',130810,1,1,126873,3810,0,'2020-05-01 13:44:59','Auto',NULL,NULL),(226,0,336,'653274615',84460,1,1,81918,2460,0,'2020-05-01 19:31:52','Auto',NULL,NULL),(227,0,353,'674081567',114330,1,1,107892,3240,0,'2020-05-05 16:25:52','Auto',NULL,NULL),(228,0,336,'674495167',91908,1,1,89151,2760,0,'2020-02-28 00:46:18','Auto',NULL,NULL),(229,0,360,'673632095',11021,1,1,10690,331,0,'2020-05-07 15:22:02','Auto',NULL,NULL),(230,0,336,'674495167',97850,1,1,94905,2850,0,'2020-05-11 08:46:22','Auto',NULL,NULL),(231,0,330,'673421845',1895.2,1,3,NULL,1895,0,'2020-05-12 06:58:08','Auto',NULL,NULL),(232,0,366,'0000000',137850,1,1,137850,0,1150,'2020-04-29 19:54:22','Auto',NULL,NULL),(233,0,366,'0000000',200000,1,1,200000,0,1400,'2020-05-12 19:54:22','Auto',NULL,NULL),(234,0,301,'650498522',2575,1,1,2498,77,0,'2020-05-13 08:35:12','Auto',NULL,NULL),(235,0,375,'676622933',103,1,3,NULL,103,0,'2020-05-13 17:28:12','Auto',NULL,NULL),(236,0,336,'674495167',46350,1,1,44955,1350,0,'2020-05-16 15:24:15','Auto',NULL,NULL),(237,0,350,'694850018',10300,1,3,NULL,10300,0,'2020-05-16 16:03:30','Auto',NULL,NULL),(238,0,371,'670212027',51500,1,3,NULL,51500,0,'2020-05-17 08:07:35','Auto',NULL,NULL),(239,0,371,'670212027',1030,1,1,999,31,0,'2020-05-17 08:19:02','Auto',NULL,NULL),(240,0,371,'670212027',10300,1,1,9991,309,0,'2020-05-17 08:21:47','Auto',NULL,NULL),(241,0,336,'674495167',120510,1,1,116883,3510,0,'2020-05-18 16:22:51','Auto',NULL,NULL),(242,0,336,'653274615',80340,1,1,77922,2340,0,'2020-05-21 11:05:21','Auto',NULL,NULL),(243,0,294,'653274615',66950,1,1,64935,1950,0,'2020-05-22 07:04:13','Auto',NULL,NULL),(244,0,360,'673632095',15450,1,1,14986,464,0,'2020-05-23 07:09:34','Auto',NULL,NULL),(245,0,294,'674495167',46350,1,1,44955,1350,0,'2020-05-25 14:17:14','Auto',NULL,NULL),(246,0,387,'678642421',1030,1,3,NULL,30,0,'2020-05-28 09:13:30','Auto',NULL,NULL),(247,0,336,'653274615',25750,1,1,24975,750,0,'2020-05-27 07:15:41','Auto',NULL,NULL),(248,0,353,'651974510',88580,1,1,85914,2580,0,'2020-05-28 11:03:50','Auto',NULL,NULL),(249,0,389,'675943749',1030,1,3,NULL,30,0,'2020-05-29 13:15:23','Auto',NULL,NULL),(250,0,366,'670498186',14935,1,1,NULL,435,0,'2020-06-01 16:11:26','Auto',NULL,NULL),(251,0,336,'653274615',139050,1,1,135000,4050,0,'2020-06-03 01:04:13','Auto',NULL,NULL),(252,0,366,'0000000',14650,1,1,14650,0,175,'2020-06-06 10:54:22','Auto',NULL,NULL),(253,0,370,'681357976',47830,1,1,45954,1380,0,'2020-06-06 13:17:46','Auto',NULL,NULL),(254,0,353,'651974510',70040,1,1,67932,2040,0,'2020-06-07 13:04:17','Auto',NULL,NULL),(255,0,390,'656600211',15450,1,3,NULL,450,0,'2020-06-08 00:08:20','Auto',NULL,NULL),(256,0,313,'691679994',1030,1,3,NULL,30,0,'2020-06-08 13:04:39','Auto',NULL,NULL),(257,0,399,'671850154',75190,1,1,72927,2190,0,'2020-06-08 19:22:50','Auto',NULL,NULL),(258,0,398,'671850154',94760,1,1,91908,2760,0,'2020-06-09 09:54:28','Auto',NULL,NULL),(259,0,399,'671850154',66950,1,1,64935,1950,0,'2020-06-09 14:46:25','Auto',NULL,NULL),(260,0,370,'681357976',85490,1,1,82917,2490,0,'2020-06-09 16:04:46','Auto',NULL,NULL),(261,0,401,'672936475',103000,1,0,NULL,3000,0,'2020-06-10 20:43:01','Auto',NULL,NULL),(262,0,401,'694445973',10300,1,0,NULL,300,0,'2020-06-11 07:53:36','Auto',NULL,NULL),(263,0,401,'694445973',2060,1,0,NULL,60,0,'2020-06-11 07:56:43','Auto',NULL,NULL),(264,0,401,'672936475',2060,1,0,NULL,60,0,'2020-06-11 07:57:54','Auto',NULL,NULL),(265,0,401,'672936475',2060,1,0,NULL,60,0,'2020-06-11 08:27:21','Auto',NULL,NULL),(266,0,401,'672936475',1030,1,0,NULL,30,0,'2020-06-11 08:29:06','Auto',NULL,NULL),(267,0,399,'671850154',85490,1,1,82917,2490,0,'2020-06-11 12:18:24','Auto',NULL,NULL),(268,0,401,'672936475',2060,1,3,NULL,60,0,'2020-06-11 12:29:25','Auto',NULL,NULL),(269,0,313,'691679994',1030,1,3,NULL,30,0,'2020-06-11 13:38:38','Auto',NULL,NULL),(270,0,401,'672936475',1030,1,3,NULL,30,0,'2020-06-11 15:47:34','Auto',NULL,NULL),(271,0,405,'678642421',1030,1,1,999,31,0,'2020-06-11 20:23:43','Auto',NULL,NULL),(272,0,405,'678642421',1030,1,1,999,31,0,'2020-06-11 20:52:39','Auto',NULL,NULL),(273,0,405,'678642421',1030,1,1,999,31,0,'2020-06-11 21:04:48','Auto',NULL,NULL),(274,0,405,'678642421',2575,1,1,2498,77,0,'2020-06-11 21:15:36','Auto',NULL,NULL),(275,0,401,'672936475',103,1,3,NULL,NULL,0,'2020-06-11 22:45:54','Auto',NULL,NULL),(276,0,401,'694445973',5150,1,1,5000,150,0,'2020-06-11 22:46:47','Auto',NULL,NULL),(277,0,405,'678642421',1031,1,1,1000,31,0,'2020-06-12 09:46:15','Auto',NULL,NULL),(278,0,398,'671850154',73130,1,1,70929,2201,0,'2020-06-12 11:51:32','Auto',NULL,NULL),(281,0,313,'691679994',103,1,3,NULL,NULL,0,'2020-06-12 14:04:52','Auto',NULL,NULL),(282,0,403,'697326066',103,1,3,NULL,NULL,0,'2020-06-12 14:10:02','Auto',NULL,NULL),(283,0,403,'697326066',103,1,3,NULL,NULL,0,'2020-06-12 14:13:19','Auto',NULL,NULL),(284,0,403,'697326066',103,1,3,NULL,NULL,0,'2020-06-12 14:14:38','Auto',NULL,NULL),(285,0,403,'697326066',103,1,3,NULL,NULL,0,'2020-06-12 14:17:55','Auto',NULL,NULL),(286,0,403,'697326066',103,1,1,100,3,0,'2020-06-12 14:39:08','Auto',NULL,NULL),(287,0,353,'651974510',140080,1,1,135864,4216,0,'2020-06-12 18:05:26','Auto',NULL,NULL),(288,0,405,'697326066',1031,1,1,1000,31,0,'2020-06-12 18:26:20','Auto',NULL,NULL),(289,0,409,'653877017',10310,1,3,NULL,NULL,0,'2020-06-13 03:45:31','Auto',NULL,NULL),(290,0,409,'653877017',10310,1,3,NULL,NULL,0,'2020-06-13 03:46:45','Auto',NULL,NULL),(291,0,409,'653877017',61860,1,3,NULL,NULL,0,'2020-06-13 04:22:02','Auto',NULL,NULL),(292,0,370,'681357976',58767,1,1,56943,1767,0,'2020-06-13 14:24:42','Auto',NULL,NULL),(293,0,401,'672936475',1031,1,3,NULL,NULL,0,'2020-06-13 15:50:00','Auto',NULL,NULL),(294,0,413,'691163366',20620,1,3,NULL,NULL,0,'2020-06-14 18:10:22','Auto',NULL,NULL),(295,0,412,'674598695',72100,1,1,69930,2170,0,'2020-06-15 09:37:12','Auto',NULL,NULL),(296,0,289,'680583420',2010.45,1,3,NULL,NULL,0,'2020-06-15 17:13:46','Auto',NULL,NULL),(297,0,289,'680583420',2010.45,1,3,NULL,NULL,0,'2020-06-15 17:18:22','Auto',NULL,NULL),(298,0,289,'680583420',2010.45,1,3,NULL,NULL,0,'2020-06-15 17:20:32','Auto',NULL,NULL),(299,0,289,'680583420',2010.45,1,3,NULL,NULL,0,'2020-06-15 17:25:21','Auto',NULL,NULL),(300,0,289,'680583420',1958.9,1,3,NULL,NULL,0,'2020-06-15 17:42:51','Auto',NULL,NULL),(301,0,408,'698765428',51550,1,1,50000,1550,0,'2020-06-15 18:33:06','Auto',NULL,NULL),(302,0,334,'653919163',1031,1,1,1000,31,0,'2020-06-15 18:46:47','Auto',NULL,NULL),(303,0,370,'651702809',5155,1,3,NULL,NULL,0,'2020-06-15 19:28:21','Auto',NULL,NULL),(304,0,334,'678642421',1031,1,3,NULL,NULL,0,'2020-06-15 19:43:24','Auto',NULL,NULL),(305,0,334,'653919163',1031,1,1,1000,31,0,'2020-06-15 19:44:29','Auto',NULL,NULL),(306,0,334,'697326066',1031,1,1,1000,31,0,'2020-06-15 19:46:12','Auto',NULL,NULL),(307,0,303,'691100128',1031,1,1,1000,31,0,'2020-06-15 22:20:01','Auto',NULL,NULL),(308,0,289,'680583420',1958.9,1,3,NULL,NULL,0,'2020-06-16 05:24:08','Auto',NULL,NULL),(309,0,289,'680583420',1958,1,1,1899,59,0,'2020-06-16 10:45:15','Auto',NULL,NULL),(310,0,303,'691100128',835,1,2,NULL,NULL,0,'2020-06-17 13:36:38','Auto',NULL,NULL),(311,0,303,'691100128',835,1,3,NULL,NULL,0,'2020-06-17 16:05:29','Auto',NULL,NULL),(312,0,303,'691100128',835,1,1,810,25,0,'2020-06-17 16:07:58','Auto',NULL,NULL),(313,0,403,'691689587',1031,1,3,NULL,NULL,0,'2020-06-18 12:23:07','Auto',NULL,NULL),(314,0,403,'691689587',1031,1,3,NULL,NULL,0,'2020-06-18 12:25:05','Auto',NULL,NULL),(316,0,398,'699204329',70108,1,1,68000,2108,0,'2020-06-18 15:55:43','Auto',NULL,NULL),(317,0,370,'673484453',87000,1,1,86913,2697,0,'2020-06-19 12:10:11','Auto',NULL,NULL),(318,0,408,'699852418',51550,1,1,50000,1550,0,'2020-06-19 16:11:32','Auto',NULL,NULL),(319,0,398,'677147367',70108,1,1,68000,2108,0,'2020-06-20 19:37:36','Auto',NULL,NULL),(320,0,421,'674477529',144340,1,1,139860,NULL,0,'2020-06-21 12:08:18','Auto',NULL,NULL),(321,0,336,'672278653',98976,1,1,95904,2976,0,'2020-06-22 10:25:00','Auto',NULL,NULL),(322,0,336,'672278653',69077,1,1,66634,2077,0,'2020-06-23 05:52:53','Auto',NULL,NULL),(323,0,334,'678642421',17527,1,3,NULL,NULL,0,'2020-06-24 05:27:00','Auto',NULL,NULL),(324,0,408,'699852418',92790,1,1,90000,2790,0,'2020-06-24 12:08:08','Auto',NULL,NULL),(325,0,424,'670114130',5155,1,3,NULL,NULL,0,'2020-06-24 12:15:28','Auto',NULL,NULL),(327,0,260,'679495501',5150,1,3,NULL,NULL,0,'2020-06-24 14:26:02','Auto',NULL,NULL),(328,0,289,'680583420',2989,1,1,2899,90,0,'2020-06-24 16:27:37','Auto',NULL,NULL),(329,0,289,'680583420',1907,1,1,1850,57,0,'2020-06-24 16:29:22','Auto',NULL,NULL),(330,0,313,'691679994',1031,1,3,NULL,NULL,0,'2020-06-24 17:06:03','Auto',NULL,NULL),(331,0,433,'676601590',1031,1,3,NULL,NULL,0,'2020-06-25 21:45:02','Auto',NULL,NULL),(332,0,433,'676601590',20620,1,3,NULL,NULL,0,'2020-06-25 21:46:28','Auto',NULL,NULL),(333,0,432,'652528349',103,1,3,NULL,NULL,0,'2020-06-26 06:57:49','Auto',NULL,NULL),(334,0,431,'651974510',141247,1,1,137000,4247,0,'2020-06-26 09:26:29','Auto',NULL,NULL),(335,0,433,'676601590',103,1,3,NULL,NULL,0,'2020-06-26 21:15:08','Auto',NULL,NULL),(336,0,408,'694399208',61860,1,1,60000,1860,0,'2020-06-27 09:04:58','Auto',NULL,NULL),(337,0,428,'694399208',250000,4,1,250000,0,0,'2020-06-25 16:04:58','Auto',NULL,NULL),(338,0,370,'674598695',139185,1,1,135000,4185,0,'2020-06-28 06:07:38','Auto',NULL,NULL),(339,0,421,'694399208',290000,4,1,290000,0,0,'2020-06-28 18:24:12','Auto',NULL,NULL),(340,0,401,'694445973',5155,1,3,NULL,NULL,0,'2020-06-28 17:48:36','Auto',NULL,NULL),(341,0,401,'694445973',10310,1,3,NULL,NULL,0,'2020-06-29 00:52:55','Auto',NULL,NULL),(342,0,401,'694445973',10310,1,1,10001,309,0,'2020-06-29 00:56:06','Auto',NULL,NULL),(343,0,388,'670931629',5155,1,1,5000,155,0,'2020-06-29 09:35:45','Auto',NULL,NULL),(344,0,408,'694399208',51550,1,1,50000,1550,0,'2020-06-30 21:43:13','Auto',NULL,NULL),(345,0,421,'653465239',67015,1,1,65000,2015,0,'2020-07-02 08:37:56','Auto',NULL,NULL),(346,0,401,'694445973',56705,1,3,NULL,NULL,0,'2020-07-03 15:35:49','Auto',NULL,NULL),(347,0,436,'655759596',1031,1,3,NULL,NULL,0,'2020-07-04 10:08:21','Auto',NULL,NULL),(348,0,408,'694399208',87635,1,1,85000,2635,0,'2020-07-04 19:52:05','Auto',NULL,NULL),(349,0,421,'653465239',185580,1,1,180000,5580,0,'2020-07-07 09:47:18','Auto',NULL,NULL),(350,0,442,'694210203',5155,1,3,NULL,NULL,0,'2020-07-07 21:16:23','Auto',NULL,NULL),(351,0,442,'694210203',5155,1,3,NULL,NULL,0,'2020-07-07 21:18:37','Auto',NULL,NULL),(352,0,442,'694210203',30930,1,3,NULL,NULL,0,'2020-07-07 21:19:08','Auto',NULL,NULL),(353,0,334,'697326066',1031,1,3,NULL,NULL,0,'2020-07-08 12:47:03','Auto',NULL,NULL),(354,0,408,'694399208',72170,1,1,70000,2170,0,'2020-07-08 16:48:49','Auto',NULL,NULL),(355,0,421,'653465239',92790,1,1,90000,2790,0,'2020-07-08 18:06:13','Auto',NULL,NULL),(356,0,313,'653898618',1031,1,1,1000,31,0,'2020-07-10 17:01:01','Auto',NULL,NULL),(357,0,448,'680554993',625000,4,1,625000,0,0,'2020-07-11 22:53:00','Auto',NULL,NULL),(358,0,334,'678642421',2062,1,1,2000,62,0,'2020-07-14 21:09:46','Auto',NULL,NULL),(359,0,303,'691100128',1000,4,1,NULL,NULL,0,'2020-07-14 22:24:46','jamal',NULL,NULL),(360,0,303,'691100128',100,4,1,NULL,NULL,0,'2020-07-14 22:39:49','jamal',NULL,NULL),(361,0,303,'691100128',100,4,1,100,0,0,'2020-07-14 22:49:15','jamal',NULL,NULL),(362,0,334,'653919163',2062,1,3,NULL,NULL,0,'2020-07-15 05:03:48','Auto',NULL,NULL),(363,0,334,'653919163',2062,1,3,NULL,NULL,0,'2020-07-15 05:05:14','Auto',NULL,NULL),(364,0,334,'678642421',2062,1,3,NULL,NULL,0,'2020-07-15 05:07:42','Auto',NULL,NULL),(365,0,334,'678642421',2062,1,3,NULL,NULL,0,'2020-07-15 05:10:59','Auto',NULL,NULL),(366,0,334,'678642421',2062,1,1,2000,62,0,'2020-07-15 05:12:06','Auto',NULL,NULL),(367,0,334,'653919163',3093,1,1,3000,93,0,'2020-07-15 05:16:00','Auto',NULL,NULL),(368,0,334,'697326066',1000,4,1,1000,0,0,'2020-07-15 09:35:43','jamal',NULL,NULL),(369,0,445,'697326066',1000000,4,1,1000000,0,0,'2020-07-16 10:40:31','jamal',NULL,NULL),(370,0,445,'697326066',999100,4,1,999100,0,0,'2020-07-17 09:43:41','jamal',NULL,NULL),(371,0,456,'650659205',1598,1,3,NULL,NULL,0,'2020-07-18 10:34:40','Auto',NULL,NULL),(372,0,467,'677050175',2062,1,3,NULL,NULL,0,'2020-07-21 22:26:33','Auto',NULL,NULL),(373,0,469,'699355650',206200,1,3,NULL,NULL,0,'2020-07-24 21:48:16','Auto',NULL,NULL),(374,0,469,'699355650',206200,1,3,NULL,NULL,0,'2020-07-25 08:35:22','Auto',NULL,NULL),(375,0,469,'699355650',206200,1,3,NULL,NULL,0,'2020-07-25 08:36:27','Auto',NULL,NULL),(376,0,303,'691100128',1546,1,1,1500,46,0,'2020-07-25 09:31:01','Auto',NULL,NULL),(377,0,253,'678642421',1031,1,1,1000,31,0,'2020-07-25 10:17:22','Auto',NULL,NULL),(378,0,303,'691100128',2000,1,1,1940,60,0,'2020-07-26 10:21:55','Auto',NULL,NULL),(379,0,257,'699531279',20620,1,3,NULL,NULL,0,'2020-07-28 10:54:31','Auto',NULL,NULL),(380,0,257,'699531279',20620,1,1,20001,619,0,'2020-07-28 10:57:44','Auto',NULL,NULL),(381,0,463,'699045848',5155,1,3,NULL,NULL,0,'2020-07-30 02:46:25','Auto',NULL,NULL),(382,0,303,'691100128',52,1,1,50,2,0,'2020-07-30 05:36:02','Auto',NULL,NULL),(383,0,313,'691679994',1031,1,0,NULL,32,0,'2020-07-31 00:10:22','Auto',NULL,NULL),(384,0,330,'679648336',10310,1,1,10001,309,0,'2020-07-31 13:25:10','Auto',NULL,NULL),(385,0,479,'691647270',498,4,1,500,0,0,'2020-07-31 20:02:03','fradithjeune',NULL,NULL),(386,0,479,'691647270',0,4,1,500,0,0,'2020-07-31 20:04:38','fradithjeune',NULL,NULL),(387,0,479,'691647270',1000,4,1,1000,0,0,'2020-07-31 20:13:47','fradithjeune',NULL,NULL),(388,0,479,'691647270',683802,4,1,683802,0,0,'2020-07-31 20:16:50','fradithjeune',NULL,NULL),(389,0,481,'691679994',5155,1,0,NULL,160,0,'2020-08-01 15:26:56','Auto',NULL,NULL),(390,0,313,'691679994',10000,1,0,NULL,310,0,'2020-08-02 06:49:13','Auto',NULL,NULL),(391,0,481,'653898618',52,1,0,NULL,2,0,'2020-08-02 22:08:31','Auto',NULL,NULL),(392,0,481,'691679994',52,1,0,NULL,2,0,'2020-08-03 07:50:35','Auto',NULL,NULL),(393,0,481,'691679994',52,1,0,NULL,2,0,'2020-08-03 07:51:43','Auto',NULL,NULL),(394,0,481,'691679994',52,1,0,NULL,2,0,'2020-08-03 07:55:07','Auto',NULL,NULL),(395,0,481,'691679994',52,1,0,NULL,2,0,'2020-08-03 07:58:56','Auto',NULL,NULL),(396,0,481,'653898618',52,1,0,NULL,2,0,'2020-08-03 08:00:16','Auto',NULL,NULL),(397,0,481,'653898618',52,1,0,NULL,2,0,'2020-08-03 08:01:20','Auto',NULL,NULL),(398,0,481,'691679994',52,1,0,NULL,2,0,'2020-08-03 08:04:07','Auto',NULL,NULL),(399,0,481,'653898618',52,1,1,50,2,0,'2020-08-03 08:08:59','Auto',NULL,NULL),(400,0,334,'697326066',1031,1,0,NULL,32,0,'2020-08-04 17:08:30','Auto',NULL,NULL),(401,0,481,'691679994',52,1,0,NULL,2,0,'2020-08-04 17:10:54','Auto',NULL,NULL),(402,0,481,'776517667',52,1,0,NULL,2,0,'2020-08-05 10:09:41','Auto',NULL,NULL),(403,0,481,'776517667',52,1,0,NULL,2,0,'2020-08-05 10:11:31','Auto',NULL,NULL),(404,0,313,'691679994',10000,1,0,NULL,310,0,'2020-08-05 10:29:54','Auto',NULL,NULL),(405,0,313,'691679994',10000,1,0,NULL,310,0,'2020-08-05 10:31:08','Auto',NULL,NULL),(406,0,481,'776517667',52,1,0,NULL,2,0,'2020-08-05 10:34:35','Auto',NULL,NULL),(407,0,481,'815261783',52,1,0,NULL,2,0,'2020-08-05 10:35:09','Auto',NULL,NULL),(408,0,481,'847896321',52,1,0,NULL,2,0,'2020-08-05 10:36:23','Auto',NULL,NULL),(409,0,303,'691100128',516,1,1,501,15,0,'2020-08-05 11:58:11','Auto',NULL,NULL),(410,0,511,'698050989',206200,1,1,200014,6186,0,'2020-08-05 15:39:41','Auto',NULL,NULL),(411,0,481,'691100128',5500,4,1,5500,0,0,'2020-08-06 16:22:51','jamal',4,NULL),(412,0,481,'69100128',5000,4,1,5000,0,0,'2020-08-06 16:30:56','jamal',4,NULL),(413,0,481,'69100128',20000,4,1,20000,2,0,'2020-08-06 16:38:48','jamal',6,NULL),(414,0,513,'697632455',6702,1,0,NULL,208,0,'2020-08-06 19:07:39','Auto',NULL,NULL),(415,0,330,'681928044',1031,1,0,NULL,32,0,'2020-08-07 10:45:01','Auto',NULL,NULL),(416,0,330,'781928044',1031,1,0,NULL,32,0,'2020-08-07 11:12:36','Auto',NULL,NULL),(417,0,330,'781928044',1031,1,0,NULL,32,0,'2020-08-07 11:17:14','Auto',NULL,NULL),(418,0,330,'781928044',1031,1,0,NULL,32,0,'2020-08-07 11:24:25','Auto',NULL,NULL),(419,0,481,'781928044',52,1,0,NULL,2,0,'2020-08-07 11:28:44','Auto',NULL,NULL),(420,0,481,'653898618',52,1,0,NULL,2,0,'2020-08-07 11:30:30','Auto',NULL,NULL),(421,0,481,'781928044',52,1,0,NULL,2,0,'2020-08-07 11:31:23','Auto',NULL,NULL),(422,0,330,'781928044',1031,1,0,NULL,32,0,'2020-08-07 11:33:17','Auto',NULL,NULL),(423,0,330,'781928044',1031,1,0,NULL,32,0,'2020-08-07 11:52:15','Auto',NULL,NULL),(424,0,330,'691980189',1031,1,0,NULL,32,0,'2020-08-07 12:07:49','Auto',NULL,NULL),(425,0,330,'691980189',1031,1,0,NULL,32,0,'2020-08-07 12:09:21','Auto',NULL,NULL),(426,0,330,'691980189',1031,1,0,NULL,32,0,'2020-08-07 12:24:01','Auto',NULL,NULL),(427,0,330,'776517667',1031,1,0,NULL,32,0,'2020-08-07 12:25:22','Auto',NULL,NULL),(428,0,499,'00221776517667',3093,1,0,NULL,96,0,'2020-08-07 12:51:12','Auto',NULL,NULL),(429,0,330,'776517667',1031,1,0,NULL,32,0,'2020-08-07 13:03:59','Auto',NULL,NULL),(430,0,499,'776517667',3093,1,0,NULL,96,0,'2020-08-07 13:20:09','Auto',NULL,NULL),(431,0,499,'776517667',3093,1,0,NULL,96,0,'2020-08-07 13:23:11','Auto',NULL,NULL),(432,0,330,'691980189',1031,1,0,NULL,32,0,'2020-08-07 15:00:15','Auto',NULL,NULL),(433,0,481,'781928044',52,1,0,NULL,2,0,'2020-08-07 16:24:48','Auto',NULL,NULL),(434,0,499,'776517667',3093,1,0,NULL,96,0,'2020-08-07 17:46:17','Auto',NULL,NULL),(435,0,515,'670631135',5155,1,1,5000,155,0,'2020-08-08 16:45:17','Auto',NULL,NULL),(436,0,517,'697326066',5000,4,1,5000,0,0,'2020-08-09 11:35:04','fradithjeune',NULL,NULL),(437,0,517,'697326066',15000,4,1,15000,0,0,'2020-08-09 15:31:54','fradithjeune',NULL,NULL),(438,0,292,'691795592',1031,1,1,1000,31,0,'2020-08-09 15:47:03','Auto',NULL,NULL),(439,0,520,'697326066',20000,4,1,20000,0,0,'2020-08-09 19:49:18','fradithjeune',NULL,NULL),(440,0,471,'695918144',20620,1,0,NULL,639,0,'2020-08-09 20:41:05','Auto',NULL,NULL),(441,0,401,'672936475',10310,1,0,NULL,320,0,'2020-08-09 21:57:39','Auto',NULL,NULL),(442,0,326,'697326066',20350,4,1,20350,0,0,'2020-08-09 21:57:43','fradithjeune',NULL,NULL),(443,0,520,'697326066',180000,4,1,180000,0,0,'2020-08-10 06:04:16','fradithjeune',NULL,NULL),(444,0,471,'695918144',10310,1,0,NULL,320,0,'2020-08-10 18:54:36','Auto',NULL,NULL),(445,0,471,'695000000',20620,1,0,NULL,639,0,'2020-08-10 19:21:31','Auto',NULL,NULL),(446,0,471,'695918144',20620,1,0,NULL,639,0,'2020-08-10 19:23:18','Auto',NULL,NULL),(447,0,519,'69100128',100000,4,1,100000,0,0,'2020-08-10 21:49:20','jamal',9,NULL),(448,0,519,'69100128',5500,4,1,5500,0,0,'2020-08-10 21:55:22','jamal',9,NULL),(449,0,471,'695918144',20620,1,1,20001,619,0,'2020-08-11 09:21:05','Auto',NULL,NULL),(450,0,512,'672283154',1000000,1,1,1000000,0,0,'2020-08-12 18:16:32','Valentine From BD',NULL,NULL),(451,0,511,'698050989',150000,4,1,150000,0,0,'2020-08-12 20:45:27','fradithjeune',0,NULL),(452,1,559,'691100128',10000,2,0,10000,0,0,'2020-08-14 00:00:00','Auto',9,1),(453,0,499,'776517667',2062,1,0,NULL,64,0,'2020-08-14 20:04:27','Auto',NULL,NULL),(454,0,463,'699045848',5155,1,1,5000,155,0,'2020-08-17 11:55:36','Auto',NULL,NULL),(455,0,504,'694923282',620000,4,1,620000,0,0,'2020-08-17 16:12:21','fradithjeune',10,NULL),(456,0,471,'695918144',5155,1,0,NULL,160,0,'2020-08-19 17:38:23','Auto',NULL,NULL),(457,0,471,'695918144',5155,1,1,5000,155,0,'2020-08-19 17:49:34','Auto',NULL,NULL),(458,0,535,'695153415',1031,1,1,1000,31,0,'2020-08-19 19:50:40','Auto',NULL,NULL),(459,0,535,'695153415',3609,1,1,3501,108,0,'2020-08-19 20:02:53','Auto',NULL,NULL),(460,0,535,'691100128',619,1,0,NULL,19,0,'2020-08-19 20:08:54','Auto',NULL,NULL),(461,0,535,'69100128',600,4,1,600,0,0,'2020-08-19 20:17:23','jamal',10,NULL),(462,0,504,'694923282',1250000,4,1,1250000,0,0,'2020-08-20 18:09:37','jamal',10,NULL),(463,0,540,'699996117',10310,1,0,NULL,320,0,'2020-08-20 19:42:26','Auto',NULL,NULL),(464,0,540,'699996117',1031,1,0,NULL,32,0,'2020-08-20 21:12:16','Auto',NULL,NULL),(465,0,540,'699996117',1031,1,0,NULL,32,0,'2020-08-20 21:18:40','Auto',NULL,NULL),(466,0,519,'691697784',1000,2,1,500,500,0,'2020-08-21 09:56:36','jamal',11,NULL),(467,0,519,'691679994',1000000,2,1,10000,2000,0,'2020-08-21 09:58:06','jamal',11,NULL),(468,0,519,'691679994',1000000,2,1,20000,0,0,'2020-08-21 09:59:48','jamal',11,NULL),(469,0,519,'694807646',1000000,2,1,10000,0,0,'2020-08-21 10:04:04','jamal',11,NULL),(470,0,519,'691696975',1000000,2,1,500,0,0,'2020-08-21 10:05:29','jamal',11,NULL),(471,0,519,'691696975',1000000,2,1,500,0,0,'2020-08-21 10:05:29','jamal',11,NULL),(472,0,519,'691696975',1000000,2,1,500,0,0,'2020-08-21 10:05:29','jamal',11,NULL),(473,0,515,'670631135',20000,4,1,20000,0,0,'2020-08-21 10:46:24','fradithjeune',10,NULL),(474,0,519,'688947845',1031,1,0,NULL,32,0,'2020-08-22 08:40:38','Auto',NULL,NULL),(475,0,504,'694923282',1246000,4,1,1246000,0,0,'2020-08-23 13:44:04','fradithjeune',10,NULL),(476,0,334,'699999999',15577,2,1,15577,0,0,'2020-08-24 10:05:32','fradithjeune',11,NULL),(477,0,548,'776517667',5155,1,0,NULL,160,0,'2020-08-24 16:09:30','Auto',NULL,NULL),(478,0,552,'781470720',1031,1,0,NULL,32,0,'2020-08-25 01:05:36','Auto',NULL,NULL),(479,0,515,'670631135',25000,4,1,25000,0,0,'2020-08-26 11:59:13','fradithjeune',10,NULL),(480,0,562,'694410254',14434,1,0,NULL,447,0,'2020-08-29 09:37:57','Auto',NULL,NULL),(481,0,562,'694410254',14950,1,0,NULL,463,0,'2020-08-29 09:39:16','Auto',NULL,NULL),(482,0,562,'694410254',14434,1,0,NULL,447,0,'2020-08-29 09:44:49','Auto',NULL,NULL),(483,0,562,'694410254',14434,1,0,NULL,447,0,'2020-08-29 09:51:48','Auto',NULL,NULL),(484,0,563,'654020303',322188,1,0,NULL,9988,0,'2020-08-29 11:26:49','Auto',NULL,NULL),(485,0,563,'+237678063269',317730,4,1,317730,0,0,'2020-08-29 12:17:07','jamal',10,NULL),(486,0,565,'677823082',51550,1,0,NULL,1598,0,'2020-08-29 23:06:57','Auto',NULL,NULL),(487,0,568,'650256161',41240,1,0,NULL,1278,0,'2020-09-03 16:13:10','Auto',NULL,NULL),(488,0,568,'650256161',46395,1,1,45003,1392,0,'2020-09-03 18:34:53','Auto',NULL,NULL),(489,0,265,'697818740',516,1,0,NULL,16,0,'2020-09-04 05:51:12','Auto',NULL,NULL),(490,0,504,'+237694923282',1250000,4,1,1250000,0,0,'2020-09-05 17:57:39','jamal',10,NULL),(491,0,360,'699054668',10310,1,1,10001,309,0,'2020-09-08 01:35:10','Auto',NULL,NULL),(492,0,512,'697326066',32700,4,1,32700,0,0,'2020-09-08 10:16:53','fradithjeune',10,NULL),(493,0,512,'697326066',2000,4,1,2000,0,0,'2020-09-08 10:22:32','fradithjeune',10,NULL),(494,0,504,'+237694923282',375000,4,1,375000,0,0,'2020-09-08 15:03:24','jamal',10,NULL),(495,0,504,'+237694923282',625000,4,1,625000,0,0,'2020-09-09 10:11:48','jamal',10,NULL),(496,0,564,'+237678063269',1250000,4,1,1250000,0,0,'2020-09-09 10:38:19','jamal',10,NULL),(497,0,593,'677330254',2062,1,1,2000,62,0,'2020-09-09 22:42:55','Auto',NULL,NULL),(498,0,594,'670019861',515500,1,0,NULL,15981,0,'2020-09-10 05:02:50','Auto',NULL,NULL),(499,0,594,'670019861',20620,1,0,NULL,639,0,'2020-09-10 07:20:07','Auto',NULL,NULL),(500,0,594,'670019861',206200,1,0,NULL,6392,0,'2020-09-10 07:27:00','Auto',NULL,NULL),(501,0,594,'670019861',5000,1,0,NULL,155,0,'2020-09-10 09:04:25','Auto',NULL,NULL),(502,0,594,'670019861',49952,1,1,48453,1499,0,'2020-09-10 09:05:06','Auto',NULL,NULL),(503,0,512,'694682722',21500,4,1,21500,0,0,'2020-09-10 11:10:13','fradithjeune',10,NULL),(504,0,596,'674037705',67015,1,0,NULL,2077,0,'2020-09-10 15:34:17','Auto',NULL,NULL),(505,0,515,'670631135',20000,4,1,20000,0,0,'2020-09-11 07:26:26','fradithjeune',10,NULL),(506,0,596,'696488674',1031000,1,0,NULL,31961,0,'2020-09-11 18:16:54','Auto',NULL,NULL),(507,0,511,'+237698050989',80000,4,1,80000,0,0,'2020-09-11 21:21:22','jamal',10,NULL),(508,0,504,'+237694923282',312500,4,1,312500,0,0,'2020-09-14 12:02:25','jamal',10,NULL),(509,0,548,'776517667',5155,1,0,NULL,160,0,'2020-09-17 13:31:51','Auto',NULL,NULL),(510,0,570,'657376500',10310,1,0,NULL,320,0,'2020-09-19 13:09:46','Auto',NULL,NULL),(511,0,471,'695918144',20620,1,1,20001,619,0,'2020-09-22 10:18:54','Auto',NULL,NULL),(512,0,257,'672809292',51550,1,0,NULL,1598,0,'2020-09-22 11:31:06','Auto',NULL,NULL),(513,0,257,'672809292',51550,1,0,NULL,1598,0,'2020-09-22 11:32:13','Auto',NULL,NULL),(514,0,257,'672809292',51550,1,0,NULL,1598,0,'2020-09-22 11:34:08','Auto',NULL,NULL),(515,0,257,'672809292',51550,1,1,50003,1547,0,'2020-09-22 14:08:45','Auto',NULL,NULL),(516,0,511,'+237698050989',350000,4,1,350000,0,0,'2020-09-23 17:34:58','jamal',10,NULL);
/*!40000 ALTER TABLE `addmoney` ENABLE KEYS */;
UNLOCK TABLES;

--
-- Table structure for table `addrescue`
--

DROP TABLE IF EXISTS `addrescue`;
/*!40101 SET @saved_cs_client     = @@character_set_client */;
/*!50503 SET character_set_client = utf8mb4 */;
CREATE TABLE `addrescue` (
  `transaction_id` int(11) NOT NULL,
  `transaction_uid` int(11) NOT NULL DEFAULT '0',
  `customers_id` int(11) NOT NULL,
  `identification` varchar(20) NOT NULL COMMENT 'Numero de telephone pour les transaction momo ou numero de carte de credit',
  `amount` float NOT NULL,
  `add_source_type_id` int(11) NOT NULL,
  `transaction_date` datetime NOT NULL,
  `statut` int(1) NOT NULL COMMENT '0 : Pending; 1 : Validate; 2 : Cancellation; 3 : not validated',
  `revenu` int(11) DEFAULT NULL,
  `fees` int(11) DEFAULT NULL
) ENGINE=InnoDB DEFAULT CHARSET=utf8;
/*!40101 SET character_set_client = @saved_cs_client */;

--
-- Dumping data for table `addrescue`
--

LOCK TABLES `addrescue` WRITE;
/*!40000 ALTER TABLE `addrescue` DISABLE KEYS */;
INSERT INTO `addrescue` VALUES (77,0,259,'651702809',1030,1,'2020-02-21 21:39:35',1,999,31),(78,0,257,'672809292',5150,1,'2020-02-22 02:36:21',3,NULL,NULL),(79,0,259,'651702809',1030,1,'2020-02-22 05:22:41',1,999,31),(80,0,260,'679495501',4120,1,'2020-02-22 11:30:10',3,NULL,NULL),(81,0,259,'651702809',4120,1,'2020-02-22 11:39:19',1,3996,124),(82,0,259,'653898618',3090,1,'2020-02-22 11:42:03',1,2997,93),(83,0,260,'653898618',2575,1,'2020-02-22 11:43:53',1,2498,77),(84,0,260,'679495501',4120,1,'2020-02-22 11:46:50',1,3996,124),(85,0,260,'679495501',4120,1,'2020-02-22 12:18:21',1,3996,124),(86,0,259,'651702809',3090,1,'2020-02-22 12:58:19',1,2997,93),(87,0,257,'672809292',10300,1,'2020-02-22 17:12:29',3,NULL,NULL),(88,0,257,'672809292',10300,1,'2020-02-22 17:15:05',1,9991,309),(89,0,265,'697818740',1030,1,'2020-02-23 16:19:21',0,NULL,NULL),(90,0,265,'697818740',1030,1,'2020-02-23 16:20:29',0,NULL,NULL),(91,0,257,'672809292',10300,1,'2020-02-24 08:06:49',1,9991,309),(92,0,257,'672809292',9270,1,'2020-02-24 18:52:20',3,NULL,NULL),(93,0,257,'672809292',9270,1,'2020-02-24 18:55:38',3,NULL,NULL),(94,0,257,'672809292',8240,1,'2020-02-24 18:57:46',1,7993,247),(95,0,275,'690603928',515,1,'2020-02-27 17:33:55',0,NULL,NULL),(96,0,278,'694748321',1030,1,'2020-02-27 18:24:10',0,NULL,NULL),(97,0,280,'652035569',6180,1,'2020-02-27 21:25:04',1,5995,185),(98,0,266,'651702809',2060,1,'2020-02-27 21:47:34',1,1998,62),(99,0,279,'671843554',20600,1,'2020-02-27 22:38:28',1,19982,618),(100,0,253,'653919163',2575,1,'2020-02-27 22:47:47',1,2498,77),(101,0,264,'696201988',1030,1,'2020-02-28 00:46:18',0,NULL,NULL),(102,0,286,'697380148',103,1,'2020-02-28 16:13:50',0,NULL,NULL),(103,0,287,'696057257',5150,1,'2020-02-28 20:18:30',0,NULL,NULL),(104,0,287,'696057257',2060,1,'2020-02-28 20:20:22',0,NULL,NULL),(105,0,293,'670050977',1030,1,'2020-02-29 12:40:32',3,NULL,NULL),(106,0,290,'653451508',1030,1,'2020-02-29 13:17:12',3,NULL,NULL),(107,0,293,'658621266',1030,1,'2020-02-29 13:18:06',0,NULL,NULL),(108,0,295,'677012678',515,1,'2020-02-29 15:57:42',3,NULL,NULL),(109,0,302,'691675418',1030,1,'2020-02-29 17:09:09',0,NULL,NULL),(110,0,296,'651279347',206,1,'2020-03-01 17:15:11',3,NULL,NULL),(111,0,289,'680583420',1030,1,'2020-03-02 11:54:59',3,NULL,NULL),(112,0,289,'680583420',1648,1,'2020-03-02 12:37:23',1,1599,49),(113,0,301,'650498522',4120,1,'2020-03-02 16:52:00',3,NULL,NULL),(114,0,301,'650498522',2060,1,'2020-03-02 18:18:26',3,NULL,NULL),(115,0,301,'650498522',2060,1,'2020-03-03 12:34:35',1,1998,62),(116,0,289,'680583420',1030,1,'2020-03-04 17:21:57',3,NULL,NULL),(117,0,289,'680583420',1030,1,'2020-03-04 17:22:09',3,NULL,NULL),(118,0,289,'680583420',1030,1,'2020-03-04 17:22:46',0,NULL,NULL),(119,0,289,'680583420',1030,1,'2020-03-04 17:22:47',3,NULL,NULL),(120,0,289,'680583420',1030,1,'2020-03-04 17:28:14',3,NULL,NULL),(121,0,289,'680583420',1030,1,'2020-03-04 17:28:17',3,NULL,NULL),(122,0,289,'680583420',1030,1,'2020-03-04 17:28:17',3,NULL,NULL),(123,0,289,'680583420',1030,1,'2020-03-04 17:28:19',0,NULL,NULL),(124,0,289,'680583420',1030,1,'2020-03-04 17:28:20',3,NULL,NULL),(125,0,267,'674374267',1545,1,'2020-03-05 20:07:11',1,1499,46),(126,0,253,'697326066',5150,1,'2020-03-05 20:07:30',0,NULL,NULL),(127,0,253,'697326066',5150,1,'2020-03-05 20:13:11',0,NULL,NULL);
/*!40000 ALTER TABLE `addrescue` ENABLE KEYS */;
UNLOCK TABLES;

--
-- Table structure for table `addresses`
--

DROP TABLE IF EXISTS `addresses`;
/*!40101 SET @saved_cs_client     = @@character_set_client */;
/*!50503 SET character_set_client = utf8mb4 */;
CREATE TABLE `addresses` (
  `address_id` int(11) NOT NULL AUTO_INCREMENT,
  `Line1` varchar(100) NOT NULL,
  `Line2` varchar(100) DEFAULT NULL,
  `City_id` int(11) DEFAULT NULL,
  `Postcode` int(11) DEFAULT NULL,
  `State` varchar(45) DEFAULT NULL,
  `Country_id` int(11) DEFAULT NULL,
  `Other_details` varchar(45) DEFAULT NULL,
  PRIMARY KEY (`address_id`)
) ENGINE=InnoDB AUTO_INCREMENT=816 DEFAULT CHARSET=utf8;
/*!40101 SET character_set_client = @saved_cs_client */;

--
-- Dumping data for table `addresses`
--

LOCK TABLES `addresses` WRITE;
/*!40000 ALTER TABLE `addresses` DISABLE KEYS */;
INSERT INTO `addresses` VALUES (319,'1','1',NULL,NULL,'NULL',11,'NULL'),(320,'1','1',NULL,NULL,'NULL',11,'NULL'),(321,'1','1',NULL,NULL,'NULL',11,'NULL'),(322,'1','1',NULL,NULL,'NULL',11,'NULL'),(323,'1','1',NULL,NULL,'NULL',11,'NULL'),(324,'1','1',NULL,NULL,'NULL',11,'NULL'),(325,'1','1',NULL,NULL,'NULL',11,'NULL'),(326,'1','1',NULL,NULL,'NULL',11,'NULL'),(327,'1','1',NULL,NULL,'NULL',11,'NULL'),(328,'1','1',NULL,NULL,'NULL',11,'NULL'),(329,'1','1',NULL,NULL,'NULL',11,'NULL'),(330,'1','1',NULL,NULL,'NULL',11,'NULL'),(331,'1','1',NULL,NULL,'NULL',11,'NULL'),(332,'1','1',NULL,NULL,'NULL',11,'NULL'),(333,'1','1',NULL,NULL,'NULL',11,'NULL'),(334,'1','1',NULL,NULL,'NULL',11,'NULL'),(335,'1','1',NULL,NULL,'NULL',11,'NULL'),(336,'1','1',NULL,NULL,'NULL',11,'NULL'),(337,'1','1',NULL,NULL,'NULL',11,'NULL'),(338,'1','1',NULL,NULL,'NULL',11,'NULL'),(339,'1','1',NULL,NULL,'NULL',11,'NULL'),(340,'1','1',NULL,NULL,'NULL',11,'NULL'),(341,'1','1',NULL,NULL,'NULL',11,'NULL'),(342,'1','1',NULL,NULL,'NULL',11,'NULL'),(343,'1','1',NULL,NULL,'NULL',11,'NULL'),(344,'1','1',NULL,NULL,'NULL',11,'NULL'),(345,'1','1',NULL,NULL,'NULL',11,'NULL'),(346,'1','1',NULL,NULL,'NULL',11,'NULL'),(347,'1','1',NULL,NULL,'NULL',11,'NULL'),(348,'1','1',NULL,NULL,'NULL',11,'NULL'),(349,'1','1',NULL,NULL,'NULL',11,'NULL'),(350,'1','1',NULL,NULL,'NULL',11,'NULL'),(351,'1','1',NULL,NULL,'NULL',11,'NULL'),(352,'1','1',NULL,NULL,'NULL',11,'NULL'),(353,'1','1',NULL,NULL,'NULL',11,'NULL'),(354,'1','1',NULL,NULL,'NULL',23,'NULL'),(355,'1','1',NULL,NULL,'NULL',23,'NULL'),(356,'1','1',NULL,NULL,'NULL',11,'NULL'),(357,'1','1',NULL,NULL,'NULL',11,'NULL'),(358,'1','1',NULL,NULL,'NULL',11,'NULL'),(359,'1','1',NULL,NULL,'NULL',11,'NULL'),(360,'1','1',NULL,NULL,'NULL',11,'NULL'),(361,'1','1',NULL,NULL,'NULL',11,'NULL'),(362,'1','1',NULL,NULL,'NULL',11,'NULL'),(363,'1','1',NULL,NULL,'NULL',11,'NULL'),(364,'1','1',NULL,NULL,'NULL',11,'NULL'),(365,'1','1',NULL,NULL,'NULL',11,'NULL'),(366,'1','1',NULL,NULL,'NULL',11,'NULL'),(367,'1','1',NULL,NULL,'NULL',11,'NULL'),(368,'1','1',NULL,NULL,'NULL',11,'NULL'),(369,'1','1',NULL,NULL,'NULL',11,'NULL'),(370,'1','1',NULL,NULL,'NULL',11,'NULL'),(371,'1','1',NULL,NULL,'NULL',11,'NULL'),(372,'1','1',NULL,NULL,'NULL',11,'NULL'),(373,'1','1',NULL,NULL,'NULL',11,'NULL'),(374,'1','1',NULL,NULL,'NULL',11,'NULL'),(375,'1','1',NULL,NULL,'NULL',11,'NULL'),(376,'1','1',NULL,NULL,'NULL',11,'NULL'),(377,'1','1',NULL,NULL,'NULL',11,'NULL'),(378,'1','1',NULL,NULL,'NULL',11,'NULL'),(379,'1','1',NULL,NULL,'NULL',11,'NULL'),(380,'1','1',NULL,NULL,'NULL',11,'NULL'),(381,'1','1',NULL,NULL,'NULL',11,'NULL'),(382,'1','1',NULL,NULL,'NULL',11,'NULL'),(383,'1','1',NULL,NULL,'NULL',11,'NULL'),(384,'1','1',NULL,NULL,'NULL',11,'NULL'),(385,'1','1',NULL,NULL,'NULL',11,'NULL'),(386,'1','1',NULL,NULL,'NULL',11,'NULL'),(387,'1','1',NULL,NULL,'NULL',11,'NULL'),(388,'1','1',NULL,NULL,'NULL',11,'NULL'),(389,'1','1',NULL,NULL,'NULL',11,'NULL'),(390,'1','1',NULL,NULL,'NULL',11,'NULL'),(391,'1','1',NULL,NULL,'NULL',11,'NULL'),(392,'1','1',NULL,NULL,'NULL',11,'NULL'),(393,'1','1',NULL,NULL,'NULL',11,'NULL'),(394,'1','1',NULL,NULL,'NULL',11,'NULL'),(395,'1','1',NULL,NULL,'NULL',11,'NULL'),(396,'1','1',NULL,NULL,'NULL',11,'NULL'),(397,'1','1',NULL,NULL,'NULL',11,'NULL'),(398,'1','1',NULL,NULL,'NULL',11,'NULL'),(399,'1','1',NULL,NULL,'NULL',11,'NULL'),(400,'1','1',NULL,NULL,'NULL',11,'NULL'),(401,'1','1',NULL,NULL,'NULL',11,'NULL'),(402,'1','1',NULL,NULL,'NULL',11,'NULL'),(403,'1','1',NULL,NULL,'NULL',11,'NULL'),(404,'1','1',NULL,NULL,'NULL',11,'NULL'),(405,'1','1',NULL,NULL,'NULL',11,'NULL'),(406,'1','1',NULL,NULL,'NULL',11,'NULL'),(407,'1','1',NULL,NULL,'NULL',11,'NULL'),(408,'1','1',NULL,NULL,'NULL',11,'NULL'),(409,'1','1',NULL,NULL,'NULL',11,'NULL'),(410,'1','1',NULL,NULL,'NULL',11,'NULL'),(411,'1','1',NULL,NULL,'NULL',11,'NULL'),(412,'1','1',NULL,NULL,'NULL',11,'NULL'),(413,'1','1',NULL,NULL,'NULL',11,'NULL'),(414,'1','1',NULL,NULL,'NULL',11,'NULL'),(415,'1','1',NULL,NULL,'NULL',11,'NULL'),(416,'1','1',NULL,NULL,'NULL',11,'NULL'),(417,'1','1',NULL,NULL,'NULL',11,'NULL'),(418,'1','1',NULL,NULL,'NULL',11,'NULL'),(419,'1','1',NULL,NULL,'NULL',11,'NULL'),(420,'1','1',NULL,NULL,'NULL',11,'NULL'),(421,'1','1',NULL,NULL,'NULL',11,'NULL'),(422,'1','1',NULL,NULL,'NULL',23,'NULL'),(423,'1','1',NULL,NULL,'NULL',11,'NULL'),(424,'1','1',NULL,NULL,'NULL',11,'NULL'),(425,'1','1',NULL,NULL,'NULL',11,'NULL'),(426,'1','1',NULL,NULL,'NULL',11,'NULL'),(427,'1','1',NULL,NULL,'NULL',NULL,'NULL'),(428,'1','1',NULL,NULL,'NULL',NULL,'NULL'),(429,'1','1',NULL,NULL,'NULL',NULL,'NULL'),(430,'1','1',NULL,NULL,'NULL',NULL,'NULL'),(431,'1','1',NULL,NULL,'NULL',NULL,'NULL'),(432,'1','1',NULL,NULL,'NULL',NULL,'NULL'),(433,'1','1',NULL,NULL,'NULL',NULL,'NULL'),(434,'1','1',NULL,NULL,'NULL',11,'NULL'),(435,'1','1',NULL,NULL,'NULL',NULL,'NULL'),(436,'1','1',NULL,NULL,'NULL',11,'NULL'),(437,'1','1',NULL,NULL,'NULL',11,'NULL'),(438,'1','1',NULL,NULL,'NULL',NULL,'NULL'),(439,'1','1',NULL,NULL,'NULL',NULL,'NULL'),(440,'1','1',NULL,NULL,'NULL',11,'NULL'),(441,'1','1',NULL,NULL,'NULL',11,'NULL'),(442,'1','1',NULL,NULL,'NULL',23,'NULL'),(443,'1','1',NULL,NULL,'NULL',11,'NULL'),(444,'1','1',NULL,NULL,'NULL',NULL,'NULL'),(445,'1','1',NULL,NULL,'NULL',NULL,'NULL'),(446,'1','1',NULL,NULL,'NULL',11,'NULL'),(447,'1','1',NULL,NULL,'NULL',11,'NULL'),(448,'1','1',NULL,NULL,'NULL',NULL,'NULL'),(449,'1','1',NULL,NULL,'NULL',NULL,'NULL'),(450,'1','1',NULL,NULL,'NULL',11,'NULL'),(451,'1','1',NULL,NULL,'NULL',NULL,'NULL'),(452,'1','1',NULL,NULL,'NULL',NULL,'NULL'),(453,'1','1',NULL,NULL,'NULL',NULL,'NULL'),(454,'1','1',NULL,NULL,'NULL',NULL,'NULL'),(455,'1','1',NULL,NULL,'NULL',11,'NULL'),(456,'1','1',NULL,NULL,'NULL',11,'NULL'),(457,'1','1',NULL,NULL,'NULL',11,'NULL'),(458,'1','1',NULL,NULL,'NULL',11,'NULL'),(459,'1','1',NULL,NULL,'NULL',NULL,'NULL'),(460,'1','1',NULL,NULL,'NULL',NULL,'NULL'),(461,'1','1',NULL,NULL,'NULL',11,'NULL'),(462,'1','1',NULL,NULL,'NULL',11,'NULL'),(463,'1','1',NULL,NULL,'NULL',NULL,'NULL'),(464,'1','1',NULL,NULL,'NULL',NULL,'NULL'),(465,'1','1',NULL,NULL,'NULL',NULL,'NULL'),(466,'1','1',NULL,NULL,'NULL',11,'NULL'),(467,'1','1',NULL,NULL,'NULL',NULL,'NULL'),(468,'1','1',NULL,NULL,'NULL',NULL,'NULL'),(469,'1','1',NULL,NULL,'NULL',11,'NULL'),(470,'1','1',NULL,NULL,'NULL',NULL,'NULL'),(471,'1','1',NULL,NULL,'NULL',NULL,'NULL'),(472,'1','1',NULL,NULL,'NULL',NULL,'NULL'),(473,'1','1',NULL,NULL,'NULL',NULL,'NULL'),(474,'1','1',NULL,NULL,'NULL',NULL,'NULL'),(475,'1','1',NULL,NULL,'NULL',11,'NULL'),(476,'1','1',NULL,NULL,'NULL',NULL,'NULL'),(477,'1','1',NULL,NULL,'NULL',35,'NULL'),(478,'1','1',NULL,NULL,'NULL',NULL,'NULL'),(479,'1','1',NULL,NULL,'NULL',11,'NULL'),(480,'1','1',NULL,NULL,'NULL',11,'NULL'),(481,'1','1',NULL,NULL,'NULL',11,'NULL'),(482,'1','1',NULL,NULL,'NULL',11,'NULL'),(483,'1','1',NULL,NULL,'NULL',NULL,'NULL'),(484,'1','1',NULL,NULL,'NULL',11,'NULL'),(485,'1','1',NULL,NULL,'NULL',11,'NULL'),(486,'1','1',NULL,NULL,'NULL',11,'NULL'),(487,'1','1',NULL,NULL,'NULL',11,'NULL'),(488,'1','1',NULL,NULL,'NULL',11,'NULL'),(489,'1','1',NULL,NULL,'NULL',11,'NULL'),(490,'1','1',NULL,NULL,'NULL',11,'NULL'),(491,'1','1',NULL,NULL,'NULL',11,'NULL'),(492,'1','1',NULL,NULL,'NULL',11,'NULL'),(493,'1','1',NULL,NULL,'NULL',11,'NULL'),(494,'1','1',NULL,NULL,'NULL',11,'NULL'),(495,'1','1',NULL,NULL,'NULL',11,'NULL'),(496,'1','1',NULL,NULL,'NULL',73,'NULL'),(497,'1','1',NULL,NULL,'NULL',11,'NULL'),(498,'1','1',NULL,NULL,'NULL',11,'NULL'),(499,'1','1',NULL,NULL,'NULL',11,'NULL'),(500,'1','1',NULL,NULL,'NULL',11,'NULL'),(501,'1','1',NULL,NULL,'NULL',23,'NULL'),(502,'1','1',NULL,NULL,'NULL',11,'NULL'),(503,'1','1',NULL,NULL,'NULL',11,'NULL'),(504,'1','1',NULL,NULL,'NULL',11,'NULL'),(505,'1','1',NULL,NULL,'NULL',11,'NULL'),(506,'1','1',NULL,NULL,'NULL',9,'NULL'),(507,'1','1',NULL,NULL,'NULL',35,'NULL'),(508,'1','1',NULL,NULL,'NULL',54,'NULL'),(509,'1','1',NULL,NULL,'NULL',11,'NULL'),(510,'1','1',NULL,NULL,'NULL',11,'NULL'),(511,'1','1',NULL,NULL,'NULL',54,'NULL'),(512,'1','1',NULL,NULL,'NULL',11,'NULL'),(513,'1','1',NULL,NULL,'NULL',11,'NULL'),(514,'1','1',NULL,NULL,'NULL',11,'NULL'),(515,'1','1',NULL,NULL,'NULL',11,'NULL'),(516,'1','1',NULL,NULL,'NULL',11,'NULL'),(517,'1','1',NULL,NULL,'NULL',11,'NULL'),(518,'1','1',NULL,NULL,'NULL',27,'NULL'),(519,'1','1',NULL,NULL,'NULL',11,'NULL'),(520,'1','1',NULL,NULL,'NULL',2,'NULL'),(521,'1','1',NULL,NULL,'NULL',11,'NULL'),(522,'1','1',NULL,NULL,'NULL',11,'NULL'),(523,'1','1',NULL,NULL,'NULL',11,'NULL'),(524,'1','1',NULL,NULL,'NULL',11,'NULL'),(525,'1','1',NULL,NULL,'NULL',11,'NULL'),(526,'1','1',NULL,NULL,'NULL',11,'NULL'),(527,'1','1',NULL,NULL,'NULL',11,'NULL'),(528,'1','1',NULL,NULL,'NULL',11,'NULL'),(529,'1','1',NULL,NULL,'NULL',11,'NULL'),(530,'1','1',NULL,NULL,'NULL',11,'NULL'),(531,'1','1',NULL,NULL,'NULL',11,'NULL'),(532,'1','1',NULL,NULL,'NULL',11,'NULL'),(533,'1','1',NULL,NULL,'NULL',11,'NULL'),(534,'1','1',NULL,NULL,'NULL',11,'NULL'),(535,'1','1',NULL,NULL,'NULL',11,'NULL'),(536,'1','1',NULL,NULL,'NULL',11,'NULL'),(537,'1','1',NULL,NULL,'NULL',11,'NULL'),(538,'1','1',NULL,NULL,'NULL',11,'NULL'),(539,'1','1',NULL,NULL,'NULL',11,'NULL'),(540,'1','1',NULL,NULL,'NULL',11,'NULL'),(541,'1','1',NULL,NULL,'NULL',11,'NULL'),(542,'1','1',NULL,NULL,'NULL',11,'NULL'),(543,'1','1',NULL,NULL,'NULL',11,'NULL'),(544,'1','1',NULL,NULL,'NULL',11,'NULL'),(545,'1','1',NULL,NULL,'NULL',11,'NULL'),(546,'1','1',NULL,NULL,'NULL',11,'NULL'),(547,'1','1',NULL,NULL,'NULL',11,'NULL'),(548,'1','1',NULL,NULL,'NULL',11,'NULL'),(549,'1','1',NULL,NULL,'NULL',11,'NULL'),(550,'1','1',NULL,NULL,'NULL',11,'NULL'),(551,'1','1',NULL,NULL,'NULL',11,'NULL'),(552,'1','1',NULL,NULL,'NULL',11,'NULL'),(553,'1','1',NULL,NULL,'NULL',11,'NULL'),(554,'1','1',NULL,NULL,'NULL',11,'NULL'),(555,'1','1',NULL,NULL,'NULL',11,'NULL'),(556,'1','1',NULL,NULL,'NULL',11,'NULL'),(557,'1','1',NULL,NULL,'NULL',11,'NULL'),(558,'1','1',NULL,NULL,'NULL',11,'NULL'),(559,'1','1',NULL,NULL,'NULL',11,'NULL'),(560,'1','1',NULL,NULL,'NULL',11,'NULL'),(561,'1','1',NULL,NULL,'NULL',11,'NULL'),(562,'1','1',NULL,NULL,'NULL',74,'NULL'),(563,'1','1',NULL,NULL,'NULL',11,'NULL'),(564,'1','1',NULL,NULL,'NULL',11,'NULL'),(565,'1','1',NULL,NULL,'NULL',11,'NULL'),(566,'1','1',NULL,NULL,'NULL',11,'NULL'),(567,'1','1',NULL,NULL,'NULL',11,'NULL'),(568,'1','1',NULL,NULL,'NULL',11,'NULL'),(569,'1','1',NULL,NULL,'NULL',11,'NULL'),(570,'1','1',NULL,NULL,'NULL',11,'NULL'),(571,'1','1',NULL,NULL,'NULL',11,'NULL'),(572,'1','1',NULL,NULL,'NULL',11,'NULL'),(573,'1','1',NULL,NULL,'NULL',11,'NULL'),(574,'1','1',NULL,NULL,'NULL',11,'NULL'),(575,'1','1',NULL,NULL,'NULL',11,'NULL'),(576,'1','1',NULL,NULL,'NULL',11,'NULL'),(577,'1','1',NULL,NULL,'NULL',11,'NULL'),(578,'1','1',NULL,NULL,'NULL',11,'NULL'),(579,'1','1',NULL,NULL,'NULL',11,'NULL'),(580,'1','1',NULL,NULL,'NULL',12,'NULL'),(581,'1','1',NULL,NULL,'NULL',11,'NULL'),(582,'1','1',NULL,NULL,'NULL',61,'NULL'),(583,'1','1',NULL,NULL,'NULL',11,'NULL'),(584,'1','1',NULL,NULL,'NULL',11,'NULL'),(585,'1','1',NULL,NULL,'NULL',9,'NULL'),(586,'1','1',NULL,NULL,'NULL',11,'NULL'),(587,'1','1',NULL,NULL,'NULL',11,'NULL'),(588,'1','1',NULL,NULL,'NULL',11,'NULL'),(589,'1','1',NULL,NULL,'NULL',11,'NULL'),(590,'1','1',NULL,NULL,'NULL',6,'NULL'),(591,'1','1',NULL,NULL,'NULL',35,'NULL'),(592,'1','1',NULL,NULL,'NULL',11,'NULL'),(593,'1','1',NULL,NULL,'NULL',35,'NULL'),(594,'1','1',NULL,NULL,'NULL',35,'NULL'),(595,'1','1',NULL,NULL,'NULL',11,'NULL'),(596,'1','1',NULL,NULL,'NULL',11,'NULL'),(597,'1','1',NULL,NULL,'NULL',11,'NULL'),(598,'1','1',NULL,NULL,'NULL',61,'NULL'),(599,'1','1',NULL,NULL,'NULL',11,'NULL'),(600,'1','1',NULL,NULL,'NULL',11,'NULL'),(601,'1','1',NULL,NULL,'NULL',73,'NULL'),(602,'1','1',NULL,NULL,'NULL',11,'NULL'),(603,'1','1',NULL,NULL,'NULL',53,'NULL'),(604,'1','1',NULL,NULL,'NULL',11,'NULL'),(605,'1','1',NULL,NULL,'NULL',23,'NULL'),(606,'1','1',NULL,NULL,'NULL',11,'NULL'),(607,'1','1',NULL,NULL,'NULL',11,'NULL'),(608,'1','1',NULL,NULL,'NULL',11,'NULL'),(609,'1','1',NULL,NULL,'NULL',61,'NULL'),(610,'1','1',NULL,NULL,'NULL',11,'NULL'),(611,'1','1',NULL,NULL,'NULL',11,'NULL'),(612,'1','1',NULL,NULL,'NULL',27,'NULL'),(613,'1','1',NULL,NULL,'NULL',27,'NULL'),(614,'1','1',NULL,NULL,'NULL',23,'NULL'),(615,'1','1',NULL,NULL,'NULL',6,'NULL'),(616,'1','1',NULL,NULL,'NULL',9,'NULL'),(617,'1','1',NULL,NULL,'NULL',9,'NULL'),(618,'1','1',NULL,NULL,'NULL',11,'NULL'),(619,'1','1',NULL,NULL,'NULL',11,'NULL'),(620,'1','1',NULL,NULL,'NULL',11,'NULL'),(621,'1','1',NULL,NULL,'NULL',27,'NULL'),(622,'1','1',NULL,NULL,'NULL',27,'NULL'),(623,'1','1',NULL,NULL,'NULL',27,'NULL'),(624,'1','1',NULL,NULL,'NULL',27,'NULL'),(625,'1','1',NULL,NULL,'NULL',54,'NULL'),(626,'1','1',NULL,NULL,'NULL',54,'NULL'),(627,'1','1',NULL,NULL,'NULL',27,'NULL'),(628,'1','1',NULL,NULL,'NULL',27,'NULL'),(629,'1','1',NULL,NULL,'NULL',27,'NULL'),(630,'1','1',NULL,NULL,'NULL',27,'NULL'),(631,'1','1',NULL,NULL,'NULL',27,'NULL'),(632,'1','1',NULL,NULL,'NULL',27,'NULL'),(633,'1','1',NULL,NULL,'NULL',27,'NULL'),(634,'1','1',NULL,NULL,'NULL',54,'NULL'),(635,'1','1',NULL,NULL,'NULL',54,'NULL'),(636,'1','1',NULL,NULL,'NULL',54,'NULL'),(637,'1','1',NULL,NULL,'NULL',35,'NULL'),(638,'1','1',NULL,NULL,'NULL',54,'NULL'),(639,'1','1',NULL,NULL,'NULL',61,'NULL'),(640,'1','1',NULL,NULL,'NULL',27,'NULL'),(641,'1','1',NULL,NULL,'NULL',9,'NULL'),(642,'1','1',NULL,NULL,'NULL',9,'NULL'),(643,'1','1',NULL,NULL,'NULL',11,'NULL'),(644,'1','1',NULL,NULL,'NULL',11,'NULL'),(645,'1','1',NULL,NULL,'NULL',27,'NULL'),(646,'1','1',NULL,NULL,'NULL',27,'NULL'),(647,'1','1',NULL,NULL,'NULL',9,'NULL'),(648,'1','1',NULL,NULL,'NULL',6,'NULL'),(649,'1','1',NULL,NULL,'NULL',6,'NULL'),(650,'1','1',NULL,NULL,'NULL',6,'NULL'),(651,'1','1',NULL,NULL,'NULL',11,'NULL'),(652,'1','1',NULL,NULL,'NULL',11,'NULL'),(653,'1','1',NULL,NULL,'NULL',11,'NULL'),(654,'1','1',NULL,NULL,'NULL',9,'NULL'),(655,'1','1',NULL,NULL,'NULL',11,'NULL'),(656,'1','1',NULL,NULL,'NULL',35,'NULL'),(657,'1','1',NULL,NULL,'NULL',11,'NULL'),(658,'1','1',NULL,NULL,'NULL',35,'NULL'),(659,'1','1',NULL,NULL,'NULL',11,'NULL'),(660,'1','1',NULL,NULL,'NULL',11,'NULL'),(661,'1','1',NULL,NULL,'NULL',6,'NULL'),(662,'1','1',NULL,NULL,'NULL',11,'NULL'),(663,'1','1',NULL,NULL,'NULL',11,'NULL'),(664,'1','1',NULL,NULL,'NULL',5,'NULL'),(665,'1','1',NULL,NULL,'NULL',11,'NULL'),(666,'1','1',NULL,NULL,'NULL',9,'NULL'),(667,'1','1',NULL,NULL,'NULL',11,'NULL'),(668,'1','1',NULL,NULL,'NULL',6,'NULL'),(669,'1','1',NULL,NULL,'NULL',35,'NULL'),(670,'1','1',NULL,NULL,'NULL',11,'NULL'),(671,'1','1',NULL,NULL,'NULL',11,'NULL'),(672,'1','1',NULL,NULL,'NULL',54,'NULL'),(673,'1','1',NULL,NULL,'NULL',35,'NULL'),(674,'1','1',NULL,NULL,'NULL',11,'NULL'),(675,'1','1',NULL,NULL,'NULL',11,'NULL'),(676,'1','1',NULL,NULL,'NULL',11,'NULL'),(677,'1','1',NULL,NULL,'NULL',11,'NULL'),(678,'1','1',NULL,NULL,'NULL',11,'NULL'),(679,'1','1',NULL,NULL,'NULL',17,'NULL'),(680,'1','1',NULL,NULL,'NULL',11,'NULL'),(681,'1','1',NULL,NULL,'NULL',11,'NULL'),(682,'1','1',NULL,NULL,'NULL',11,'NULL'),(683,'1','1',NULL,NULL,'NULL',11,'NULL'),(684,'1','1',NULL,NULL,'NULL',11,'NULL'),(685,'1','1',NULL,NULL,'NULL',11,'NULL'),(686,'1','1',NULL,NULL,'NULL',61,'NULL'),(687,'1','1',NULL,NULL,'NULL',61,'NULL'),(688,'1','1',NULL,NULL,'NULL',61,'NULL'),(689,'1','1',NULL,NULL,'NULL',61,'NULL'),(690,'1','1',NULL,NULL,'NULL',61,'NULL'),(691,'1','1',NULL,NULL,'NULL',61,'NULL'),(692,'1','1',NULL,NULL,'NULL',61,'NULL'),(693,'1','1',NULL,NULL,'NULL',6,'NULL'),(694,'1','1',NULL,NULL,'NULL',6,'NULL'),(695,'1','1',NULL,NULL,'NULL',6,'NULL'),(696,'1','1',NULL,NULL,'NULL',6,'NULL'),(697,'1','1',NULL,NULL,'NULL',6,'NULL'),(698,'1','1',NULL,NULL,'NULL',6,'NULL'),(699,'1','1',NULL,NULL,'NULL',6,'NULL'),(700,'1','1',NULL,NULL,'NULL',6,'NULL'),(701,'1','1',NULL,NULL,'NULL',11,'NULL'),(702,'1','1',NULL,NULL,'NULL',11,'NULL'),(703,'1','1',NULL,NULL,'NULL',11,'NULL'),(704,'1','1',NULL,NULL,'NULL',26,'NULL'),(705,'1','1',NULL,NULL,'NULL',26,'NULL'),(706,'1','1',NULL,NULL,'NULL',11,'NULL'),(707,'1','1',NULL,NULL,'NULL',11,'NULL'),(708,'1','1',NULL,NULL,'NULL',11,'NULL'),(709,'1','1',NULL,NULL,'NULL',6,'NULL'),(710,'1','1',NULL,NULL,'NULL',6,'NULL'),(711,'1','1',NULL,NULL,'NULL',6,'NULL'),(712,'1','1',NULL,NULL,'NULL',6,'NULL'),(713,'1','1',NULL,NULL,'NULL',6,'NULL'),(714,'1','1',NULL,NULL,'NULL',6,'NULL'),(715,'1','1',NULL,NULL,'NULL',11,'NULL'),(716,'1','1',NULL,NULL,'NULL',11,'NULL'),(717,'1','1',NULL,NULL,'NULL',11,'NULL'),(718,'1','1',NULL,NULL,'NULL',11,'NULL'),(719,'1','1',NULL,NULL,'NULL',11,'NULL'),(720,'1','1',NULL,NULL,'NULL',11,'NULL'),(721,'1','1',NULL,NULL,'NULL',11,'NULL'),(722,'1','1',NULL,NULL,'NULL',11,'NULL'),(723,'1','1',NULL,NULL,'NULL',11,'NULL'),(724,'1','1',NULL,NULL,'NULL',11,'NULL'),(725,'1','1',NULL,NULL,'NULL',11,'NULL'),(726,'1','1',NULL,NULL,'NULL',11,'NULL'),(727,'1','1',NULL,NULL,'NULL',11,'NULL'),(728,'1','1',NULL,NULL,'NULL',11,'NULL'),(729,'1','1',NULL,NULL,'NULL',11,'NULL'),(730,'1','1',NULL,NULL,'NULL',11,'NULL'),(731,'1','1',NULL,NULL,'NULL',11,'NULL'),(732,'1','1',NULL,NULL,'NULL',11,'NULL'),(733,'1','1',NULL,NULL,'NULL',11,'NULL'),(734,'1','1',NULL,NULL,'NULL',6,'NULL'),(735,'1','1',NULL,NULL,'NULL',6,'NULL'),(736,'1','1',NULL,NULL,'NULL',61,'NULL'),(737,'1','1',NULL,NULL,'NULL',61,'NULL'),(738,'1','1',NULL,NULL,'NULL',61,'NULL'),(739,'1','1',NULL,NULL,'NULL',61,'NULL'),(740,'1','1',NULL,NULL,'NULL',61,'NULL'),(741,'1','1',NULL,NULL,'NULL',61,'NULL'),(742,'1','1',NULL,NULL,'NULL',61,'NULL'),(743,'1','1',NULL,NULL,'NULL',61,'NULL'),(744,'1','1',NULL,NULL,'NULL',61,'NULL'),(745,'1','1',NULL,NULL,'NULL',61,'NULL'),(746,'1','1',NULL,NULL,'NULL',26,'NULL'),(747,'1','1',NULL,NULL,'NULL',26,'NULL'),(748,'1','1',NULL,NULL,'NULL',26,'NULL'),(749,'1','1',NULL,NULL,'NULL',26,'NULL'),(750,'1','1',NULL,NULL,'NULL',26,'NULL'),(751,'1','1',NULL,NULL,'NULL',26,'NULL'),(752,'1','1',NULL,NULL,'NULL',61,'NULL'),(753,'1','1',NULL,NULL,'NULL',61,'NULL'),(754,'1','1',NULL,NULL,'NULL',11,'NULL'),(755,'1','1',NULL,NULL,'NULL',11,'NULL'),(756,'1','1',NULL,NULL,'NULL',61,'NULL'),(757,'1','1',NULL,NULL,'NULL',11,'NULL'),(758,'1','1',NULL,NULL,'NULL',11,'NULL'),(759,'1','1',NULL,NULL,'NULL',61,'NULL'),(760,'1','1',NULL,NULL,'NULL',61,'NULL'),(761,'1','1',NULL,NULL,'NULL',11,'NULL'),(762,'1','1',NULL,NULL,'NULL',11,'NULL'),(763,'1','1',NULL,NULL,'NULL',11,'NULL'),(764,'1','1',NULL,NULL,'NULL',27,'NULL'),(765,'1','1',NULL,NULL,'NULL',35,'NULL'),(766,'1','1',NULL,NULL,'NULL',54,'NULL'),(767,'1','1',NULL,NULL,'NULL',27,'NULL'),(768,'1','1',NULL,NULL,'NULL',27,'NULL'),(769,'1','1',NULL,NULL,'NULL',71,'NULL'),(770,'1','1',NULL,NULL,'NULL',11,'NULL'),(771,'1','1',NULL,NULL,'NULL',11,'NULL'),(772,'1','1',NULL,NULL,'NULL',11,'NULL'),(773,'1','1',NULL,NULL,'NULL',11,'NULL'),(774,'1','1',NULL,NULL,'NULL',35,'NULL'),(775,'1','1',NULL,NULL,'NULL',35,'NULL'),(776,'1','1',NULL,NULL,'NULL',11,'NULL'),(777,'1','1',NULL,NULL,'NULL',11,'NULL'),(778,'1','1',NULL,NULL,'NULL',11,'NULL'),(779,'1','1',NULL,NULL,'NULL',11,'NULL'),(780,'1','1',NULL,NULL,'NULL',9,'NULL'),(781,'1','1',NULL,NULL,'NULL',11,'NULL'),(782,'1','1',NULL,NULL,'NULL',35,'NULL'),(783,'1','1',NULL,NULL,'NULL',35,'NULL'),(784,'1','1',NULL,NULL,'NULL',35,'NULL'),(785,'1','1',NULL,NULL,'NULL',35,'NULL'),(786,'1','1',NULL,NULL,'NULL',9,'NULL'),(787,'1','1',NULL,NULL,'NULL',35,'NULL'),(788,'1','1',NULL,NULL,'NULL',6,'NULL'),(789,'1','1',NULL,NULL,'NULL',11,'NULL'),(790,'1','1',NULL,NULL,'NULL',35,'NULL'),(791,'1','1',NULL,NULL,'NULL',11,'NULL'),(792,'1','1',NULL,NULL,'NULL',35,'NULL'),(793,'1','1',NULL,NULL,'NULL',11,'NULL'),(794,'1','1',NULL,NULL,'NULL',9,'NULL'),(795,'1','1',NULL,NULL,'NULL',9,'NULL'),(796,'1','1',NULL,NULL,'NULL',9,'NULL'),(797,'1','1',NULL,NULL,'NULL',6,'NULL'),(798,'1','1',NULL,NULL,'NULL',35,'NULL'),(799,'1','1',NULL,NULL,'NULL',9,'NULL'),(800,'1','1',NULL,NULL,'NULL',24,'NULL'),(801,'1','1',NULL,NULL,'NULL',11,'NULL'),(802,'1','1',NULL,NULL,'NULL',11,'NULL'),(803,'1','1',NULL,NULL,'NULL',73,'NULL'),(804,'1','1',NULL,NULL,'NULL',11,'NULL'),(805,'1','1',NULL,NULL,'NULL',11,'NULL'),(806,'1','1',NULL,NULL,'NULL',11,'NULL'),(807,'1','1',NULL,NULL,'NULL',11,'NULL'),(808,'1','1',NULL,NULL,'NULL',11,'NULL'),(809,'1','1',NULL,NULL,'NULL',11,'NULL'),(810,'1','1',NULL,NULL,'NULL',23,'NULL'),(811,'1','1',NULL,NULL,'NULL',9,'NULL'),(812,'1','1',NULL,NULL,'NULL',11,'NULL'),(813,'1','1',NULL,NULL,'NULL',11,'NULL'),(814,'1','1',NULL,NULL,'NULL',11,'NULL'),(815,'1','1',NULL,NULL,'NULL',11,'NULL');
/*!40000 ALTER TABLE `addresses` ENABLE KEYS */;
UNLOCK TABLES;

--
-- Table structure for table `appfees`
--

DROP TABLE IF EXISTS `appfees`;
/*!40101 SET @saved_cs_client     = @@character_set_client */;
/*!50503 SET character_set_client = utf8mb4 */;
CREATE TABLE `appfees` (
  `appfees_id` int(11) NOT NULL AUTO_INCREMENT,
  `ejarafees` float DEFAULT '0',
  `networkfees` float NOT NULL DEFAULT '0' COMMENT 'Add : Operator fees',
  `otherfees` float NOT NULL DEFAULT '0' COMMENT 'BuyCrypto : Kraken fees, Add : Monetbil',
  `wallettype_id` int(11) NOT NULL,
  `appservices_id` int(11) NOT NULL,
  PRIMARY KEY (`appfees_id`)
) ENGINE=InnoDB AUTO_INCREMENT=6 DEFAULT CHARSET=utf8mb4;
/*!40101 SET character_set_client = @saved_cs_client */;

--
-- Dumping data for table `appfees`
--

LOCK TABLES `appfees` WRITE;
/*!40000 ALTER TABLE `appfees` DISABLE KEYS */;
INSERT INTO `appfees` VALUES (1,0,0,0.031,4,1),(2,0.03,0.3,0.1,3,2),(3,0.03,0.00057,0.1,1,2),(4,0,0.02,0,3,4),(5,0,0.0003,0,1,4);
/*!40000 ALTER TABLE `appfees` ENABLE KEYS */;
UNLOCK TABLES;

--
-- Table structure for table `appservices`
--

DROP TABLE IF EXISTS `appservices`;
/*!40101 SET @saved_cs_client     = @@character_set_client */;
/*!50503 SET character_set_client = utf8mb4 */;
CREATE TABLE `appservices` (
  `appservices_id` int(11) NOT NULL AUTO_INCREMENT,
  `service_port` int(11) NOT NULL DEFAULT '0',
  `service_name` varchar(20) NOT NULL,
  `service_code` varchar(3) NOT NULL,
  `service_url` varchar(30) DEFAULT NULL,
  `service_active` int(11) NOT NULL DEFAULT '0' COMMENT '0: Inactif, 1: actif;',
  PRIMARY KEY (`appservices_id`)
) ENGINE=InnoDB AUTO_INCREMENT=6 DEFAULT CHARSET=utf8mb4 ;
/*!40101 SET character_set_client = @saved_cs_client */;

--
-- Dumping data for table `appservices`
--

LOCK TABLES `appservices` WRITE;
/*!40000 ALTER TABLE `appservices` DISABLE KEYS */;
INSERT INTO `appservices` VALUES (1,3410,'AddMoney','ADD',NULL,1),(2,3420,'BuyCrypto','BUY',NULL,1),(3,3430,'Withdraw','WIT',NULL,0),(4,0,'Send','SND',NULL,1),(5,0,'Maintenance','MNT',NULL,0);
/*!40000 ALTER TABLE `appservices` ENABLE KEYS */;
UNLOCK TABLES;

--
-- Table structure for table `bilresponse`
--

DROP TABLE IF EXISTS `bilresponse`;
/*!40101 SET @saved_cs_client     = @@character_set_client */;
/*!50503 SET character_set_client = utf8mb4 */;
CREATE TABLE `bilresponse` (
  `transactionId` int(11) NOT NULL,
  `message` text NOT NULL,
  `paymentId` varchar(100) NOT NULL,
  `status` varchar(50) NOT NULL,
  `channel` varchar(50) DEFAULT NULL,
  PRIMARY KEY (`transactionId`)
) ENGINE=InnoDB DEFAULT CHARSET=latin1;
/*!40101 SET character_set_client = @saved_cs_client */;

--
-- Dumping data for table `bilresponse`
--

LOCK TABLES `bilresponse` WRITE;
/*!40000 ALTER TABLE `bilresponse` DISABLE KEYS */;
INSERT INTO `bilresponse` VALUES (77,'Successfully processed transaction.','20022122393586254781','REQUEST_ACCEPTED','CM_MTNMOBILEMONEY'),(78,'Waiting time expired.','20022203362167178431','REQUEST_ACCEPTED','CM_MTNMOBILEMONEY'),(79,'Successfully processed transaction.','20022206224127771635','REQUEST_ACCEPTED','CM_MTNMOBILEMONEY'),(80,'Waiting time expired.','20022212301138196488','REQUEST_ACCEPTED','CM_MTNMOBILEMONEY'),(81,'Successfully processed transaction.','20022212392091118286','REQUEST_ACCEPTED','CM_MTNMOBILEMONEY'),(82,'Successfully processed transaction.','20022212420463766929','REQUEST_ACCEPTED','CM_MTNMOBILEMONEY'),(83,'Successfully processed transaction.','20022212435331255374','REQUEST_ACCEPTED','CM_MTNMOBILEMONEY'),(84,'Successfully processed transaction.','20022212465084134265','REQUEST_ACCEPTED','CM_MTNMOBILEMONEY'),(85,'Successfully processed transaction.','20022213182182326185','REQUEST_ACCEPTED','CM_MTNMOBILEMONEY'),(86,'Successfully processed transaction.','20022213582035239373','REQUEST_ACCEPTED','CM_MTNMOBILEMONEY'),(87,'Waiting time expired.','20022218122911719128','REQUEST_ACCEPTED','CM_MTNMOBILEMONEY'),(88,'Successfully processed transaction.','20022218150659446215','REQUEST_ACCEPTED','CM_MTNMOBILEMONEY'),(91,'Successfully processed transaction.','20022409064978613366','REQUEST_ACCEPTED','CM_MTNMOBILEMONEY'),(92,'TARGET_AUTHORIZATION_ERROR','20022419522089863651','REQUEST_ACCEPTED','CM_MTNMOBILEMONEY'),(93,'TARGET_AUTHORIZATION_ERROR','20022419553843787911','REQUEST_ACCEPTED','CM_MTNMOBILEMONEY'),(94,'Successfully processed transaction.','20022419574735513861','REQUEST_ACCEPTED','CM_MTNMOBILEMONEY'),(97,'Successfully processed transaction.','20022722250461715756','REQUEST_ACCEPTED','CM_MTNMOBILEMONEY'),(98,'Successfully processed transaction.','20022722473687551143','REQUEST_ACCEPTED','CM_MTNMOBILEMONEY'),(99,'Successfully processed transaction.','20022723382934464438','REQUEST_ACCEPTED','CM_MTNMOBILEMONEY'),(100,'Successfully processed transaction.','20022723474869494745','REQUEST_ACCEPTED','CM_MTNMOBILEMONEY'),(105,'TARGET_AUTHORIZATION_ERROR','20022913403351471841','REQUEST_ACCEPTED','CM_MTNMOBILEMONEY'),(106,'TARGET_AUTHORIZATION_ERROR','20022914171252927242','REQUEST_ACCEPTED','CM_MTNMOBILEMONEY'),(108,'Waiting time expired.','20022916574213522219','REQUEST_ACCEPTED','CM_MTNMOBILEMONEY'),(110,'TARGET_AUTHORIZATION_ERROR','20030118151219336983','REQUEST_ACCEPTED','CM_MTNMOBILEMONEY'),(111,'Waiting time expired.','20030212545977782293','REQUEST_ACCEPTED','CM_MTNMOBILEMONEY'),(112,'Successfully processed transaction.','20030213372423262295','REQUEST_ACCEPTED','CM_MTNMOBILEMONEY'),(113,'Waiting time expired.','20030217520011313181','REQUEST_ACCEPTED','CM_MTNMOBILEMONEY'),(114,'Waiting time expired.','20030219182688825526','REQUEST_ACCEPTED','CM_MTNMOBILEMONEY'),(115,'Successfully processed transaction.','20030313343651495841','REQUEST_ACCEPTED','CM_MTNMOBILEMONEY'),(116,'Waiting time expired.','20030418215891699731','REQUEST_ACCEPTED','CM_MTNMOBILEMONEY'),(117,'Waiting time expired.','20030418220968242947','REQUEST_ACCEPTED','CM_MTNMOBILEMONEY'),(119,'Waiting time expired.','20030418224728642535','REQUEST_ACCEPTED','CM_MTNMOBILEMONEY'),(120,'TARGET_AUTHORIZATION_ERROR','20030418281487623563','REQUEST_ACCEPTED','CM_MTNMOBILEMONEY'),(121,'TARGET_AUTHORIZATION_ERROR','20030418281767732858','REQUEST_ACCEPTED','CM_MTNMOBILEMONEY'),(122,'TARGET_AUTHORIZATION_ERROR','20030418281881587727','REQUEST_ACCEPTED','CM_MTNMOBILEMONEY'),(124,'TARGET_AUTHORIZATION_ERROR','20030418281924714811','REQUEST_ACCEPTED','CM_MTNMOBILEMONEY'),(125,'Successfully processed transaction.','20030521071182122693','REQUEST_ACCEPTED','CM_MTNMOBILEMONEY'),(128,'Successfully processed transaction.','20030708503829771633','REQUEST_ACCEPTED','CM_MTNMOBILEMONEY'),(129,'Waiting time expired.','20030718082616149182','REQUEST_ACCEPTED','CM_MTNMOBILEMONEY'),(130,'TARGET_AUTHORIZATION_ERROR','20030816301822328996','REQUEST_ACCEPTED','CM_MTNMOBILEMONEY'),(131,'Successfully processed transaction.','20030816491085443763','REQUEST_ACCEPTED','CM_MTNMOBILEMONEY'),(132,'TARGET_AUTHORIZATION_ERROR','20031113131177654731','REQUEST_ACCEPTED','CM_MTNMOBILEMONEY'),(133,'Successfully processed transaction.','20031116222459531915','REQUEST_ACCEPTED','CM_MTNMOBILEMONEY'),(134,'Waiting time expired.','20031118043447972658','REQUEST_ACCEPTED','CM_MTNMOBILEMONEY'),(135,'Waiting time expired.','20031318530838239163','REQUEST_ACCEPTED','CM_MTNMOBILEMONEY'),(136,'Waiting time expired.','20031318541528147978','REQUEST_ACCEPTED','CM_MTNMOBILEMONEY'),(137,'Successfully processed transaction.','20031413273187724553','REQUEST_ACCEPTED','CM_MTNMOBILEMONEY'),(138,'Waiting time expired.','20031414035097942827','REQUEST_ACCEPTED','CM_MTNMOBILEMONEY'),(139,'Successfully processed transaction.','20031414153367742229','REQUEST_ACCEPTED','CM_MTNMOBILEMONEY'),(140,'Successfully processed transaction.','20031423560434377458','REQUEST_ACCEPTED','CM_MTNMOBILEMONEY'),(141,'Successfully processed transaction.','20031508244365941597','REQUEST_ACCEPTED','CM_MTNMOBILEMONEY'),(142,'Successfully processed transaction.','20031510043183215993','REQUEST_ACCEPTED','CM_MTNMOBILEMONEY'),(143,'Successfully processed transaction.','20031517185989164195','REQUEST_ACCEPTED','CM_MTNMOBILEMONEY'),(144,'TARGET_AUTHORIZATION_ERROR','20031609195188277373','REQUEST_ACCEPTED','CM_MTNMOBILEMONEY'),(145,'Successfully processed transaction.','20031609215224817255','REQUEST_ACCEPTED','CM_MTNMOBILEMONEY'),(146,'Waiting time expired.','20031610161187137376','REQUEST_ACCEPTED','CM_MTNMOBILEMONEY'),(147,'Successfully processed transaction.','20031615093871489734','REQUEST_ACCEPTED','CM_MTNMOBILEMONEY'),(148,'Waiting time expired.','20031717303684275883','REQUEST_ACCEPTED','CM_MTNMOBILEMONEY'),(149,'Waiting time expired.','20031717304535228449','REQUEST_ACCEPTED','CM_MTNMOBILEMONEY'),(150,'Successfully processed transaction.','20032109103881455382','REQUEST_ACCEPTED','CM_MTNMOBILEMONEY'),(151,'Successfully processed transaction.','20032209331772275842','REQUEST_ACCEPTED','CM_MTNMOBILEMONEY'),(156,'Waiting time expired.','20032417242315654391','REQUEST_ACCEPTED','CM_MTNMOBILEMONEY'),(157,'Successfully processed transaction.','20032417364599158564','REQUEST_ACCEPTED','CM_MTNMOBILEMONEY'),(158,'Successfully processed transaction.','20032507482394273428','REQUEST_ACCEPTED','CM_MTNMOBILEMONEY'),(159,'Waiting time expired.','20032508240989191464','REQUEST_ACCEPTED','CM_MTNMOBILEMONEY'),(160,'Successfully processed transaction.','20032607213831192947','REQUEST_ACCEPTED','CM_MTNMOBILEMONEY'),(161,'Successfully processed transaction.','20032711025993677537','REQUEST_ACCEPTED','CM_MTNMOBILEMONEY'),(162,'Successfully processed transaction.','20032815540521141912','REQUEST_ACCEPTED','CM_MTNMOBILEMONEY'),(164,'payment pending','20032913505362726355','REQUEST_ACCEPTED','CM_MTNMOBILEMONEY'),(165,'payment pending','20032913505429685679','REQUEST_ACCEPTED','CM_MTNMOBILEMONEY'),(166,'Waiting time expired.','20032913524377833581','REQUEST_ACCEPTED','CM_MTNMOBILEMONEY'),(167,'Successfully processed transaction.','20032913524486977448','REQUEST_ACCEPTED','CM_MTNMOBILEMONEY'),(168,'Successfully processed transaction.','20033010285079632256','REQUEST_ACCEPTED','CM_MTNMOBILEMONEY'),(169,'Waiting time expired.','20033014553757956461','REQUEST_ACCEPTED','CM_MTNMOBILEMONEY'),(170,'Successfully processed transaction.','20033014554045563714','REQUEST_ACCEPTED','CM_MTNMOBILEMONEY'),(171,'Successfully processed transaction.','20033109172798427229','REQUEST_ACCEPTED','CM_MTNMOBILEMONEY'),(178,'Waiting time expired.','20040612561686158143','REQUEST_ACCEPTED','CM_MTNMOBILEMONEY'),(179,'Successfully processed transaction.','20040616582597899738','REQUEST_ACCEPTED','CM_MTNMOBILEMONEY'),(180,'Waiting time expired.','20040616593121386883','REQUEST_ACCEPTED','CM_MTNMOBILEMONEY'),(181,'Successfully processed transaction.','20040617045926424917','REQUEST_ACCEPTED','CM_MTNMOBILEMONEY'),(184,'TARGET_AUTHORIZATION_ERROR','20040713480018385322','REQUEST_ACCEPTED','CM_MTNMOBILEMONEY'),(185,'TARGET_AUTHORIZATION_ERROR','20040713484345478135','REQUEST_ACCEPTED','CM_MTNMOBILEMONEY'),(186,'Waiting time expired.','20040713522332617664','REQUEST_ACCEPTED','CM_MTNMOBILEMONEY'),(187,'Waiting time expired.','20040714004556671731','REQUEST_ACCEPTED','CM_MTNMOBILEMONEY'),(188,'Successfully processed transaction.','20040714204987863618','REQUEST_ACCEPTED','CM_MTNMOBILEMONEY'),(191,'Successfully processed transaction.','20040915295061937251','REQUEST_ACCEPTED','CM_MTNMOBILEMONEY'),(193,'TARGET_AUTHORIZATION_ERROR','20041219115164311989','REQUEST_ACCEPTED','CM_MTNMOBILEMONEY'),(195,'TARGET_AUTHORIZATION_ERROR','20041219121217826559','REQUEST_ACCEPTED','CM_MTNMOBILEMONEY'),(196,'TARGET_AUTHORIZATION_ERROR','20041219121857533344','REQUEST_ACCEPTED','CM_MTNMOBILEMONEY'),(197,'Successfully processed transaction.','20041310020677926588','REQUEST_ACCEPTED','CM_MTNMOBILEMONEY'),(198,'TARGET_AUTHORIZATION_ERROR','20041412461695441488','REQUEST_ACCEPTED','CM_MTNMOBILEMONEY'),(199,'Successfully processed transaction.','20041419350752744347','REQUEST_ACCEPTED','CM_MTNMOBILEMONEY'),(204,'Successfully processed transaction.','20041806255694849215','REQUEST_ACCEPTED','CM_MTNMOBILEMONEY'),(205,'TARGET_AUTHORIZATION_ERROR','20041911185154345534','REQUEST_ACCEPTED','CM_MTNMOBILEMONEY'),(206,'TARGET_AUTHORIZATION_ERROR','20041911224091326738','REQUEST_ACCEPTED','CM_MTNMOBILEMONEY'),(207,'Waiting time expired.','20042019342777954366','REQUEST_ACCEPTED','CM_MTNMOBILEMONEY'),(208,'Successfully processed transaction.','20042020023152566636','REQUEST_ACCEPTED','CM_MTNMOBILEMONEY'),(209,'Successfully processed transaction.','20042110532824223775','REQUEST_ACCEPTED','CM_MTNMOBILEMONEY'),(212,'Successfully processed transaction.','20042314470576923417','REQUEST_ACCEPTED','CM_MTNMOBILEMONEY'),(214,'TARGET_AUTHORIZATION_ERROR','20042813074218172412','REQUEST_ACCEPTED','CM_MTNMOBILEMONEY'),(215,'TARGET_AUTHORIZATION_ERROR','20042813084481649144','REQUEST_ACCEPTED','CM_MTNMOBILEMONEY'),(216,'TARGET_AUTHORIZATION_ERROR','20042813153299332656','REQUEST_ACCEPTED','CM_MTNMOBILEMONEY'),(217,'TARGET_AUTHORIZATION_ERROR','20042813270923296695','REQUEST_ACCEPTED','CM_MTNMOBILEMONEY'),(218,'Successfully processed transaction.','20042813285819244733','REQUEST_ACCEPTED','CM_MTNMOBILEMONEY'),(219,'TARGET_AUTHORIZATION_ERROR','20042813434549284468','REQUEST_ACCEPTED','CM_MTNMOBILEMONEY'),(220,'Successfully processed transaction.','20042816081498397288','REQUEST_ACCEPTED','CM_MTNMOBILEMONEY'),(221,'TARGET_AUTHORIZATION_ERROR','20042900083118891138','REQUEST_ACCEPTED','CM_MTNMOBILEMONEY'),(222,'TARGET_AUTHORIZATION_ERROR','20042912370382332462','REQUEST_ACCEPTED','CM_MTNMOBILEMONEY'),(223,'TARGET_AUTHORIZATION_ERROR','20042918435041723874','REQUEST_ACCEPTED','CM_MTNMOBILEMONEY'),(229,'Successfully processed transaction.','20050716220233689115','REQUEST_ACCEPTED','CM_MTNMOBILEMONEY'),(231,'ACCOUNTHOLDER_WITH_FRI_NOT_FOUND','20051207580948423687','REQUEST_ACCEPTED','CM_MTNMOBILEMONEY'),(234,'Successfully processed transaction.','20051309351228583749','REQUEST_ACCEPTED','CM_MTNMOBILEMONEY'),(235,'TARGET_AUTHORIZATION_ERROR','20051318281257332524','REQUEST_ACCEPTED','CM_MTNMOBILEMONEY'),(237,'FAILED','20051617033024967915','REQUEST_ACCEPTED','CM_ORANGEMONEY'),(238,'Waiting time expired.','20051709073654574693','REQUEST_ACCEPTED','CM_MTNMOBILEMONEY'),(239,'Successfully processed transaction.','20051709190399336441','REQUEST_ACCEPTED','CM_MTNMOBILEMONEY'),(240,'Successfully processed transaction.','20051709214797838862','REQUEST_ACCEPTED','CM_MTNMOBILEMONEY'),(244,'Successfully processed transaction.','20052308093465551814','REQUEST_ACCEPTED','CM_MTNMOBILEMONEY'),(246,'Waiting time expired.','20052810133113798239','REQUEST_ACCEPTED','CM_MTNMOBILEMONEY'),(249,'Waiting time expired.','20052914152461634524','REQUEST_ACCEPTED','CM_MTNMOBILEMONEY'),(250,'TARGET_AUTHORIZATION_ERROR','20060117112625127347','REQUEST_ACCEPTED','CM_MTNMOBILEMONEY'),(255,'FAILED','20060801082176939799','REQUEST_ACCEPTED','CM_ORANGEMONEY'),(256,'FAILED','20060814044066653417','REQUEST_ACCEPTED','CM_ORANGEMONEY'),(267,'TARGET_AUTHORIZATION_ERROR','20061113292435727536','REQUEST_ACCEPTED','CM_MTNMOBILEMONEY'),(268,'TARGET_AUTHORIZATION_ERROR','20061113292683223622','REQUEST_ACCEPTED','CM_MTNMOBILEMONEY'),(269,'FAILED','20061114383988292116','REQUEST_ACCEPTED','CM_ORANGEMONEY'),(270,'TARGET_AUTHORIZATION_ERROR','20061116473415436751','REQUEST_ACCEPTED','CM_MTNMOBILEMONEY'),(271,'Successfully processed transaction.','20061121234362895162','REQUEST_ACCEPTED','CM_MTNMOBILEMONEY'),(272,'Successfully processed transaction.','20061121524044631419','REQUEST_ACCEPTED','CM_MTNMOBILEMONEY'),(273,'Successfully processed transaction.','20061122044975684556','REQUEST_ACCEPTED','CM_MTNMOBILEMONEY'),(274,'Successfully processed transaction.','20061122153795893747','REQUEST_ACCEPTED','CM_MTNMOBILEMONEY'),(275,'SUCCESSFULL','20061123464826624965','REQUEST_ACCEPTED','CM_MTNMOBILEMONEY'),(277,'Successfully processed transaction.','20061210461517488774','REQUEST_ACCEPTED','CM_MTNMOBILEMONEY'),(279,'payment pending','20061215023477264314','REQUEST_ACCEPTED','CM_ORANGEMONEY'),(280,'Cancelled','20061215043938848885','REQUEST_ACCEPTED','CM_ORANGEMONEY'),(281,'FAILED','20061215045267785492','REQUEST_ACCEPTED','CM_ORANGEMONEY'),(282,'payment pending','20061215100331158494','REQUEST_ACCEPTED','CM_ORANGEMONEY'),(283,'payment pending','20061215132039598719','REQUEST_ACCEPTED','CM_ORANGEMONEY'),(284,'SUCCESSFULL','20061215143826976234','REQUEST_ACCEPTED','CM_ORANGEMONEY'),(285,'payment pending','20061215175539365275','REQUEST_ACCEPTED','CM_ORANGEMONEY'),(286,'SUCCESSFULL','20061215390971555155','REQUEST_ACCEPTED','CM_ORANGEMONEY'),(288,'SUCCESSFULL','20061219262173449724','REQUEST_ACCEPTED','CM_ORANGEMONEY'),(289,'TARGET_AUTHORIZATION_ERROR','20061304453138279995','REQUEST_ACCEPTED','CM_MTNMOBILEMONEY'),(290,'TARGET_AUTHORIZATION_ERROR','20061304464567457523','REQUEST_ACCEPTED','CM_MTNMOBILEMONEY'),(291,'TARGET_AUTHORIZATION_ERROR','20061305220215296993','REQUEST_ACCEPTED','CM_MTNMOBILEMONEY'),(293,'TARGET_AUTHORIZATION_ERROR','20061316500113876585','REQUEST_ACCEPTED','CM_MTNMOBILEMONEY'),(294,'FAILED','20061419102255577954','REQUEST_ACCEPTED','CM_ORANGEMONEY'),(295,'ACCOUNTHOLDER_WITH_FRI_NOT_FOUND','20061510371221966849','REQUEST_ACCEPTED','CM_MTNMOBILEMONEY'),(296,'TARGET_AUTHORIZATION_ERROR','20061518134794484445','REQUEST_ACCEPTED','CM_MTNMOBILEMONEY'),(297,'TARGET_AUTHORIZATION_ERROR','20061518182225648715','REQUEST_ACCEPTED','CM_MTNMOBILEMONEY'),(298,'TARGET_AUTHORIZATION_ERROR','20061518203323369683','REQUEST_ACCEPTED','CM_MTNMOBILEMONEY'),(299,'TARGET_AUTHORIZATION_ERROR','20061518252196517741','REQUEST_ACCEPTED','CM_MTNMOBILEMONEY'),(300,'Waiting time expired.','20061518425132527573','REQUEST_ACCEPTED','CM_MTNMOBILEMONEY'),(301,'FAILED','20061519330793139876','REQUEST_ACCEPTED','CM_ORANGEMONEY'),(302,'Successfully processed transaction.','20061519464799483137','REQUEST_ACCEPTED','CM_MTNMOBILEMONEY'),(303,'Successfully processed transaction.','20061520282222261497','REQUEST_ACCEPTED','CM_MTNMOBILEMONEY'),(304,'TARGET_AUTHORIZATION_ERROR','20061520432522811672','REQUEST_ACCEPTED','CM_MTNMOBILEMONEY'),(305,'Successfully processed transaction.','20061520442963616133','REQUEST_ACCEPTED','CM_MTNMOBILEMONEY'),(306,'SUCCESSFULL','20061520461244533146','REQUEST_ACCEPTED','CM_ORANGEMONEY'),(307,'SUCCESSFULL','20061523200141873297','REQUEST_ACCEPTED','CM_ORANGEMONEY'),(308,'Waiting time expired.','20061606240827167393','REQUEST_ACCEPTED','CM_MTNMOBILEMONEY'),(309,'Successfully processed transaction.','20061611451674779157','REQUEST_ACCEPTED','CM_MTNMOBILEMONEY'),(310,'unknow error','20061714363896664456','SERVER_ERROR','CM_ORANGEMONEY'),(311,'payment pending','20061717052976898386','REQUEST_ACCEPTED','CM_ORANGEMONEY'),(312,'SUCCESSFULL','20061717075866253351','REQUEST_ACCEPTED','CM_ORANGEMONEY'),(313,'FAILED','20061813230771254789','REQUEST_ACCEPTED','CM_ORANGEMONEY'),(314,'FAILED','20061813250594783145','REQUEST_ACCEPTED','CM_ORANGEMONEY'),(315,'FAILED','20061816491756616224','REQUEST_ACCEPTED','CM_ORANGEMONEY'),(316,'FAILED','20061816554351973364','REQUEST_ACCEPTED','CM_ORANGEMONEY'),(317,'TARGET_AUTHORIZATION_ERROR','20061913101166916312','REQUEST_ACCEPTED','CM_MTNMOBILEMONEY'),(318,'FAILED','20061917113394692274','REQUEST_ACCEPTED','CM_ORANGEMONEY'),(319,'TARGET_AUTHORIZATION_ERROR','20062020373682113224','REQUEST_ACCEPTED','CM_MTNMOBILEMONEY'),(320,'ACCOUNTHOLDER_WITH_FRI_NOT_FOUND','20062113081974981811','REQUEST_ACCEPTED','CM_MTNMOBILEMONEY'),(321,'TARGET_AUTHORIZATION_ERROR','20062211250014815444','REQUEST_ACCEPTED','CM_MTNMOBILEMONEY'),(322,'FAILED','20062306525324757414','REQUEST_ACCEPTED','CM_ORANGEMONEY'),(323,'TARGET_AUTHORIZATION_ERROR','20062406270125441117','REQUEST_ACCEPTED','CM_MTNMOBILEMONEY'),(324,'FAILED','20062413080919564235','REQUEST_ACCEPTED','CM_ORANGEMONEY'),(325,'TARGET_AUTHORIZATION_ERROR','20062413152976267454','REQUEST_ACCEPTED','CM_MTNMOBILEMONEY'),(326,'FAILED','20062413165772915662','REQUEST_ACCEPTED','CM_ORANGEMONEY'),(327,'Waiting time expired.','20062415260211555615','REQUEST_ACCEPTED','CM_MTNMOBILEMONEY'),(328,'Successfully processed transaction.','20062417273766121372','REQUEST_ACCEPTED','CM_MTNMOBILEMONEY'),(329,'Successfully processed transaction.','20062417292369153383','REQUEST_ACCEPTED','CM_MTNMOBILEMONEY'),(330,'FAILED','20062418060373423823','REQUEST_ACCEPTED','CM_ORANGEMONEY'),(331,'TARGET_AUTHORIZATION_ERROR','20062522450359418243','REQUEST_ACCEPTED','CM_MTNMOBILEMONEY'),(332,'TARGET_AUTHORIZATION_ERROR','20062522462861687855','REQUEST_ACCEPTED','CM_MTNMOBILEMONEY'),(333,'RESOURCE_NOT_FOUND','20062607574927236591','REQUEST_ACCEPTED','CM_MTNMOBILEMONEY'),(334,'FAILED','20062610262971352919','REQUEST_ACCEPTED','CM_ORANGEMONEY'),(335,'TARGET_AUTHORIZATION_ERROR','20062622150874353256','REQUEST_ACCEPTED','CM_MTNMOBILEMONEY'),(336,'FAILED','20062710045891195691','REQUEST_ACCEPTED','CM_ORANGEMONEY'),(338,'ACCOUNTHOLDER_WITH_FRI_NOT_FOUND','20062807073943845985','REQUEST_ACCEPTED','CM_MTNMOBILEMONEY'),(340,'FAILED','20062818483743361387','REQUEST_ACCEPTED','CM_ORANGEMONEY'),(341,'FAILED','20062901525581623892','REQUEST_ACCEPTED','CM_ORANGEMONEY'),(342,'SUCCESSFULL','20062901560681914458','REQUEST_ACCEPTED','CM_ORANGEMONEY'),(343,'Successfully processed transaction.','20062910354622766273','REQUEST_ACCEPTED','CM_MTNMOBILEMONEY'),(344,'FAILED','20063022431435827588','REQUEST_ACCEPTED','CM_ORANGEMONEY'),(345,'payment pending','20070209375672198193','REQUEST_ACCEPTED','CM_MTNMOBILEMONEY'),(346,'FAILED','20070316355068233464','REQUEST_ACCEPTED','CM_ORANGEMONEY'),(347,'FAILED','20070411082226922861','REQUEST_ACCEPTED','CM_ORANGEMONEY'),(348,'FAILED','20070420520522219218','REQUEST_ACCEPTED','CM_ORANGEMONEY'),(349,'TARGET_AUTHORIZATION_ERROR','20070710471854383488','REQUEST_ACCEPTED','CM_MTNMOBILEMONEY'),(350,'FAILED','20070722162379871926','REQUEST_ACCEPTED','CM_ORANGEMONEY'),(351,'FAILED','20070722183861432342','REQUEST_ACCEPTED','CM_ORANGEMONEY'),(352,'FAILED','20070722190915117232','REQUEST_ACCEPTED','CM_ORANGEMONEY'),(353,'FAILED','20070813470347665281','REQUEST_ACCEPTED','CM_ORANGEMONEY'),(354,'FAILED','20070817484954974545','REQUEST_ACCEPTED','CM_ORANGEMONEY'),(355,'TARGET_AUTHORIZATION_ERROR','20070819061421577751','REQUEST_ACCEPTED','CM_MTNMOBILEMONEY'),(356,'Successfully processed transaction.','20071018010154934863','REQUEST_ACCEPTED','CM_MTNMOBILEMONEY'),(358,'Successfully processed transaction.','20071422094775786835','REQUEST_ACCEPTED','CM_MTNMOBILEMONEY'),(362,'Waiting time expired.','20071506034994595673','REQUEST_ACCEPTED','CM_MTNMOBILEMONEY'),(363,'Waiting time expired.','20071506051536513883','REQUEST_ACCEPTED','CM_MTNMOBILEMONEY'),(364,'Waiting time expired.','20071506074259691631','REQUEST_ACCEPTED','CM_MTNMOBILEMONEY'),(365,'Waiting time expired.','20071506110016871962','REQUEST_ACCEPTED','CM_MTNMOBILEMONEY'),(366,'Successfully processed transaction.','20071506120723658237','REQUEST_ACCEPTED','CM_MTNMOBILEMONEY'),(367,'Successfully processed transaction.','20071506160099384221','REQUEST_ACCEPTED','CM_MTNMOBILEMONEY'),(371,'Waiting time expired.','20071811344138134713','REQUEST_ACCEPTED','CM_MTNMOBILEMONEY'),(372,'TARGET_AUTHORIZATION_ERROR','20072123263456334126','REQUEST_ACCEPTED','CM_MTNMOBILEMONEY'),(373,'FAILED','20072422481767348694','REQUEST_ACCEPTED','CM_ORANGEMONEY'),(374,'FAILED','20072509352261414369','REQUEST_ACCEPTED','CM_ORANGEMONEY'),(375,'FAILED','20072509362885765493','REQUEST_ACCEPTED','CM_ORANGEMONEY'),(376,'SUCCESSFULL','20072510310122732945','REQUEST_ACCEPTED','CM_ORANGEMONEY'),(377,'Successfully processed transaction.','20072511172372595494','REQUEST_ACCEPTED','CM_MTNMOBILEMONEY'),(378,'SUCCESSFULL','20072611215581268988','REQUEST_ACCEPTED','CM_ORANGEMONEY'),(379,'FAILED','20072811543172441967','REQUEST_ACCEPTED','CM_ORANGEMONEY'),(380,'payment pending','20072811574465393521','REQUEST_ACCEPTED','CM_ORANGEMONEY'),(381,'Cancelled','20073003462573644379','REQUEST_ACCEPTED','CM_ORANGEMONEY'),(382,'SUCCESSFULL','20073006360535295648','1','CM_ORANGEMONEY'),(384,'Successfully processed transaction.','20073114251136687358','1','CM_MTNMOBILEMONEY'),(399,'Successfully processed transaction.','20080309090066776978','1','CM_MTNMOBILEMONEY'),(409,'SUCCESSFULL','20080512581326746679','1','CM_ORANGEMONEY'),(410,'SUCCESSFULL','20080516394535968173','1','CM_ORANGEMONEY'),(435,'Successfully processed transaction.','20080817452027745333','1','CM_MTNMOBILEMONEY'),(438,'SUCCESSFULL','20080916470526283319','1','CM_ORANGEMONEY'),(449,'SUCCESSFULL','20081110210726122729','1','CM_ORANGEMONEY'),(454,'SUCCESSFULL','20081712554024233933','1','CM_ORANGEMONEY'),(457,'SUCCESSFULL','20081918493688219989','1','CM_ORANGEMONEY'),(458,'SUCCESSFULL','20081920504685496193','1','CM_ORANGEMONEY'),(459,'SUCCESSFULL','20081921025698917535','1','CM_ORANGEMONEY'),(488,'Successfully processed transaction.','20090319345681138922','1','CM_MTNMOBILEMONEY'),(491,'SUCCESSFULL','20090802352053258435','1','CM_ORANGEMONEY'),(497,'Successfully processed transaction.','20090923425968677996','1','CM_MTNMOBILEMONEY'),(502,'Successfully processed transaction.','20091010050844551826','1','CM_MTNMOBILEMONEY'),(511,'SUCCESSFULL','20092211185636766799','1','CM_ORANGEMONEY'),(515,'Successfully processed transaction.','20092215084852664455','1','CM_MTNMOBILEMONEY');
/*!40000 ALTER TABLE `bilresponse` ENABLE KEYS */;
UNLOCK TABLES;

--
-- Table structure for table `blockeduser`
--

DROP TABLE IF EXISTS `blockeduser`;
/*!40101 SET @saved_cs_client     = @@character_set_client */;
/*!50503 SET character_set_client = utf8mb4 */;
CREATE TABLE `blockeduser` (
  `blockeduser_id` int(11) NOT NULL AUTO_INCREMENT,
  `appservices_id` int(11) NOT NULL,
  `customers_id` int(11) NOT NULL,
  `blockeddate` datetime NOT NULL,
  `raison` varchar(30) DEFAULT NULL,
  `statut` int(11) NOT NULL DEFAULT '1' COMMENT '0: Dbloqu, 1: Bloqu',
  `unblockeddate` datetime DEFAULT NULL,
  PRIMARY KEY (`blockeduser_id`)
) ENGINE=InnoDB AUTO_INCREMENT=4 DEFAULT CHARSET=utf8mb4 ;
/*!40101 SET character_set_client = @saved_cs_client */;

--
-- Dumping data for table `blockeduser`
--

LOCK TABLES `blockeduser` WRITE;
/*!40000 ALTER TABLE `blockeduser` DISABLE KEYS */;
/*!40000 ALTER TABLE `blockeduser` ENABLE KEYS */;
UNLOCK TABLES;

--
-- Table structure for table `buy`
--

DROP TABLE IF EXISTS `buy`;
/*!40101 SET @saved_cs_client     = @@character_set_client */;
/*!50503 SET character_set_client = utf8mb4 */;
CREATE TABLE `buy` (
  `transaction_id` int(11) NOT NULL AUTO_INCREMENT,
  `customers_id` int(11) NOT NULL,
  `receiveaddress` varchar(36) CHARACTER SET utf8mb4 COLLATE utf8mb4_general_ci DEFAULT NULL,
  `amount` int(11) NOT NULL,
  `wallettype_id` int(11) NOT NULL,
  `cryptoamount` decimal(10,8) NOT NULL DEFAULT '0.00000000',
  `cryptoamountkraken` decimal(10,8) NOT NULL DEFAULT '0.00000000',
  `cryptoprice` int(11) NOT NULL DEFAULT '0',
  `cryptosellingprice` int(11) NOT NULL DEFAULT '0',
  `globalfees` decimal(10,2) NOT NULL DEFAULT '0.00',
  `ejarafees` decimal(7,2) NOT NULL DEFAULT '0.00',
  `krakenfees` decimal(10,2) NOT NULL DEFAULT '0.00',
  `blockchainfees` float NOT NULL DEFAULT '0',
  `wallettypefiat_id` int(11) NOT NULL,
  `transaction_date` datetime NOT NULL,
  `statut` int(1) NOT NULL,
  `date_traitement` datetime DEFAULT NULL,
  `transactionhash` text CHARACTER SET utf8mb4 COLLATE utf8mb4_general_ci,
  `raison` varchar(4) CHARACTER SET utf8mb4 COLLATE utf8mb4_general_ci DEFAULT NULL,
  `type_livraison` int(1) DEFAULT NULL,
  `stateorderbuy` int(1) DEFAULT NULL,
  `livreur` text CHARACTER SET utf8mb4 COLLATE utf8mb4_general_ci,
  PRIMARY KEY (`transaction_id`)
) ENGINE=InnoDB AUTO_INCREMENT=314 DEFAULT CHARSET=utf8mb4 COLLATE=utf8mb4_general_ci;
/*!40101 SET character_set_client = @saved_cs_client */;

--
-- Dumping data for table `buy`
--

LOCK TABLES `buy` WRITE;
/*!40000 ALTER TABLE `buy` DISABLE KEYS */;
INSERT INTO `buy` VALUES (17,260,NULL,2200,3,0.00000000,0.00000000,0,0,0.00,0.00,0.00,0,4,'2020-02-22 12:13:00',1,NULL,NULL,NULL,NULL,NULL,NULL),(18,259,NULL,1100,3,0.00000000,0.00000000,0,0,0.00,0.00,0.00,0,4,'2020-02-22 12:13:00',1,NULL,NULL,NULL,NULL,NULL,NULL),(19,260,NULL,1100,3,0.00000000,0.00000000,0,0,0.00,0.00,0.00,0,4,'2020-02-22 12:15:00',1,NULL,NULL,NULL,NULL,NULL,NULL),(20,260,NULL,2200,3,0.00000000,0.00000000,0,0,0.00,0.00,0.00,0,4,'2020-02-22 12:19:00',1,NULL,NULL,NULL,NULL,NULL,NULL),(21,260,NULL,55000,1,0.00000000,0.00000000,0,0,0.00,0.00,0.00,0,4,'2020-02-22 12:24:00',1,NULL,NULL,NULL,NULL,NULL,NULL),(22,257,NULL,4950,1,0.00000000,0.00000000,0,0,0.00,0.00,0.00,0,4,'2020-02-22 12:36:00',1,NULL,NULL,NULL,NULL,NULL,NULL),(23,259,NULL,2200,3,0.00000000,0.00000000,0,0,0.00,0.00,0.00,0,4,'2020-02-22 12:59:00',1,NULL,NULL,NULL,NULL,NULL,NULL),(24,259,NULL,1100,1,0.00000000,0.00000000,0,0,0.00,0.00,0.00,0,4,'2020-02-22 13:00:00',1,NULL,NULL,NULL,NULL,NULL,NULL),(25,257,NULL,2200,3,0.00000000,0.00000000,0,0,0.00,0.00,0.00,0,4,'2020-02-22 16:23:00',1,NULL,NULL,NULL,NULL,NULL,NULL),(26,257,NULL,9900,3,0.00000000,0.00000000,0,0,0.00,0.00,0.00,0,4,'2020-02-22 16:26:00',1,NULL,NULL,NULL,NULL,NULL,NULL),(27,260,NULL,1100,3,0.00000000,0.00000000,0,0,0.00,0.00,0.00,0,4,'2020-02-22 17:14:00',1,NULL,NULL,NULL,NULL,NULL,NULL),(28,257,NULL,44900,1,0.00000000,0.00000000,0,0,0.00,0.00,0.00,0,4,'2020-02-22 17:32:00',1,NULL,NULL,NULL,NULL,NULL,NULL),(29,257,NULL,9900,3,0.00000000,0.00000000,0,0,0.00,0.00,0.00,0,4,'2020-02-22 19:38:00',1,NULL,NULL,NULL,NULL,NULL,NULL),(30,254,NULL,33000,1,0.00000000,0.00000000,0,0,0.00,0.00,0.00,0,4,'2020-02-23 16:30:00',1,NULL,NULL,NULL,NULL,NULL,NULL),(31,254,NULL,58000,1,0.00000000,0.00000000,0,0,0.00,0.00,0.00,0,4,'2020-02-24 08:10:00',1,NULL,NULL,NULL,NULL,NULL,NULL),(32,257,NULL,9900,3,0.00000000,0.00000000,0,0,0.00,0.00,0.00,0,4,'2020-02-24 08:47:00',1,NULL,NULL,NULL,NULL,NULL,NULL),(33,257,NULL,22000,1,0.00000000,0.00000000,0,0,0.00,0.00,0.00,0,4,'2020-02-24 19:03:00',1,NULL,NULL,NULL,NULL,NULL,NULL),(34,257,NULL,7700,3,0.00000000,0.00000000,0,0,0.00,0.00,0.00,0,4,'2020-02-25 20:26:00',1,NULL,NULL,NULL,NULL,NULL,NULL),(35,260,NULL,1100,3,0.00000000,0.00000000,0,0,0.00,0.00,0.00,0,4,'2020-02-26 07:04:00',1,NULL,NULL,NULL,NULL,NULL,NULL),(36,278,NULL,5500,3,0.00000000,0.00000000,0,0,0.00,0.00,0.00,0,4,'2020-02-27 18:24:00',1,NULL,NULL,NULL,NULL,NULL,NULL),(37,280,NULL,2060,3,0.00000000,0.00000000,0,0,0.00,0.00,0.00,0,4,'2020-02-27 21:25:00',1,NULL,NULL,NULL,NULL,NULL,NULL),(38,280,NULL,5995,1,0.00000000,0.00000000,0,0,0.00,0.00,0.00,0,4,'2020-02-27 21:42:00',1,NULL,NULL,NULL,NULL,NULL,NULL),(39,253,NULL,2200,3,0.00000000,0.00000000,0,0,0.00,0.00,0.00,0,4,'2020-02-27 22:49:00',1,NULL,NULL,NULL,NULL,NULL,NULL),(40,287,NULL,4995,3,0.00000000,0.00000000,0,0,0.00,0.00,0.00,0,4,'2020-02-28 20:18:00',1,NULL,NULL,NULL,NULL,NULL,NULL),(41,287,NULL,1500,3,0.00000000,0.00000000,0,0,0.00,0.00,0.00,0,4,'2020-02-28 20:20:00',1,NULL,NULL,NULL,NULL,NULL,NULL),(42,295,NULL,43000,1,0.00000000,0.00000000,0,0,0.00,0.00,0.00,0,4,'2020-02-29 15:57:00',1,NULL,NULL,NULL,NULL,NULL,NULL),(43,296,NULL,15000,1,0.00000000,0.00000000,0,0,0.00,0.00,0.00,0,4,'2020-03-01 17:15:00',1,NULL,NULL,NULL,NULL,NULL,NULL),(44,289,NULL,1000,3,0.00000000,0.00000000,0,0,0.00,0.00,0.00,0,4,'2020-03-02 12:37:00',1,NULL,NULL,NULL,NULL,NULL,NULL),(45,279,NULL,18700,3,0.00000000,0.00000000,0,0,0.00,0.00,0.00,0,4,'2020-03-02 15:50:00',1,NULL,NULL,NULL,NULL,NULL,NULL),(46,279,NULL,1100,3,0.00000000,0.00000000,0,0,0.00,0.00,0.00,0,4,'2020-03-02 16:04:00',1,NULL,NULL,NULL,NULL,NULL,NULL),(47,289,NULL,1584,3,0.00000000,0.00000000,0,0,0.00,0.00,0.00,0,4,'2020-03-02 17:17:00',1,NULL,NULL,NULL,NULL,NULL,NULL),(48,301,NULL,1676,3,0.00000000,0.00000000,0,0,0.00,0.00,0.00,0,4,'2020-03-03 12:34:00',1,NULL,NULL,NULL,NULL,NULL,NULL),(49,301,NULL,1980,3,0.00000000,0.00000000,0,0,0.00,0.00,0.00,0,4,'2020-03-03 12:38:00',1,NULL,NULL,NULL,NULL,NULL,NULL),(50,277,NULL,22000,1,0.00000000,0.00000000,0,0,0.00,0.00,0.00,0,4,'2020-03-04 17:22:00',1,NULL,NULL,NULL,NULL,NULL,NULL),(51,264,NULL,99000,1,0.00000000,0.00000000,0,0,0.00,0.00,0.00,0,4,'2020-03-04 17:22:00',1,NULL,NULL,NULL,NULL,NULL,NULL),(52,261,NULL,22000,1,0.00000000,0.00000000,0,0,0.00,0.00,0.00,0,4,'2020-03-04 17:22:00',1,NULL,NULL,NULL,NULL,NULL,NULL),(53,270,NULL,23500,3,0.00000000,0.00000000,0,0,0.00,0.00,0.00,0,4,'2020-03-04 17:28:00',1,NULL,NULL,NULL,NULL,NULL,NULL),(54,266,NULL,52125,1,0.00000000,0.00000000,0,0,0.00,0.00,0.00,0,4,'2020-03-04 17:28:00',1,NULL,NULL,NULL,NULL,NULL,NULL),(55,284,NULL,115000,1,0.00000000,0.00000000,0,0,0.00,0.00,0.00,0,4,'2020-03-04 17:28:00',1,NULL,NULL,NULL,NULL,NULL,NULL),(56,294,NULL,145000,1,0.00000000,0.00000000,0,0,0.00,0.00,0.00,0,4,'2020-03-04 17:28:00',1,NULL,NULL,NULL,NULL,NULL,NULL),(57,303,NULL,1100,3,0.00000000,0.00000000,0,0,0.00,0.00,0.00,0,4,'2020-03-05 11:15:00',1,NULL,NULL,NULL,NULL,NULL,NULL),(58,303,NULL,1100,3,0.00000000,0.00000000,0,0,0.00,0.00,0.00,0,4,'2020-03-05 11:20:00',1,NULL,NULL,NULL,NULL,NULL,NULL),(59,304,'1CVsz8WZGZZqvbEPuaju4wyTm8rGr8RjQm',1100,1,0.00000000,0.00000000,0,0,0.00,0.00,0.00,0,4,'2020-03-05 17:17:00',1,NULL,NULL,NULL,NULL,NULL,NULL),(60,267,NULL,1000,3,0.00000000,0.00000000,0,0,0.00,0.00,0.00,0,4,'2020-03-05 20:07:00',1,NULL,NULL,NULL,NULL,NULL,NULL),(61,267,NULL,1100,1,0.00000000,0.00000000,0,0,0.00,0.00,0.00,0,4,'2020-03-06 10:29:00',1,NULL,NULL,NULL,NULL,NULL,NULL),(62,304,NULL,3400,1,0.00000000,0.00000000,0,0,0.00,0.00,0.00,0,4,'2020-03-07 07:50:00',1,NULL,NULL,NULL,NULL,NULL,NULL),(63,305,NULL,16500,1,0.00000000,0.00000000,0,0,0.00,0.00,0.00,0,4,'2020-03-08 15:49:00',1,NULL,NULL,NULL,NULL,NULL,NULL),(64,313,'tz1anZ5MQJs4ZfyyX4Uixrx6SgD1RJsdz44J',2160,3,1.35960000,0.00000000,1401,1471,64.80,0.00,0.00,0,4,'2020-03-11 15:50:00',1,'2020-03-11 18:40:45',NULL,NULL,1,0,NULL),(65,303,'tz1TXg8H9HV6occvNdVVEUUHAZ3eagQKihjD',2160,3,1.34710000,0.00000000,1414,1484,64.80,0.00,0.00,0,4,'2020-03-11 18:53:00',1,'2020-03-12 12:18:58',NULL,NULL,1,0,NULL),(66,313,'tz1anZ5MQJs4ZfyyX4Uixrx6SgD1RJsdz44J',2160,3,2.03280000,0.00000000,937,983,64.80,0.00,0.00,0,4,'2020-03-13 17:18:00',1,'2020-03-13 17:53:58',NULL,NULL,1,0,NULL),(67,253,'tz1RZqdJxusQTeqq72e6RanS3LicUiSDJG5i',2160,3,1.94760000,0.00000000,978,1026,64.80,0.00,0.00,0,4,'2020-03-14 12:16:00',1,'2020-03-14 12:53:58',NULL,NULL,1,0,NULL),(68,253,'1EDodFHxxjrgLVLjTicKLywPGxPauLciqR',10800,1,0.00296254,0.00000000,3214740,3375480,324.00,0.00,0.00,0,4,'2020-03-14 13:18:00',2,'2020-03-20 19:24:50',NULL,NULL,0,0,NULL),(70,289,'tz1VgeM9Vbm8ywCA5rsHjtY2xCcBH8eWQghh',3888,3,3.66300000,0.00000000,936,982,116.64,0.00,0.00,0,4,'2020-03-15 09:08:00',1,'2020-03-15 16:53:58',NULL,NULL,1,0,NULL),(71,267,'tz1LGCe2mFGJKqwnWV3BsMQTKMGYSWm8LPdQ',3240,3,2.96080000,0.00000000,965,1013,97.20,0.00,0.00,0,4,'2020-03-15 11:23:00',1,'2020-03-15 16:58:58',NULL,NULL,1,0,NULL),(72,257,'tz1hhva1aim2hZFsQzQDX3TVzSqZep7QcwqQ',5150,3,5.96730000,0.00000000,798,837,5400.00,0.00,0.00,0,4,'2020-03-16 07:20:00',1,'2020-03-16 07:58:58',NULL,NULL,1,0,NULL),(73,257,'tz1hhva1aim2hZFsQzQDX3TVzSqZep7QcwqQ',9682,3,11.65670000,0.00000000,768,806,10152.00,0.00,0.00,0,4,'2020-03-16 08:36:00',1,'2020-03-16 09:13:58',NULL,NULL,1,0,NULL),(74,260,'tz1UasU7YCX9P42wDskmwMp9bEet3jgzTSJ1',5665,3,6.95630000,0.00000000,753,790,5940.00,0.00,0.00,0,4,'2020-03-16 14:12:00',1,'2020-03-16 14:53:58',NULL,NULL,1,0,NULL),(76,313,'tz1anZ5MQJs4ZfyyX4Uixrx6SgD1RJsdz44J',2060,3,1.62630000,0.00000000,1118,1229,260.00,0.00,0.00,0.2,4,'2020-03-20 18:32:09',2,'2020-03-20 19:13:53',NULL,NULL,NULL,NULL,NULL),(77,313,'tz1anZ5MQJs4ZfyyX4Uixrx6SgD1RJsdz44J',2060,3,1.70560000,0.00000000,1066,1172,260.00,0.00,0.00,0.2,4,'2020-03-20 19:03:50',2,'2020-03-20 19:18:31',NULL,NULL,NULL,NULL,NULL),(78,313,'tz1anZ5MQJs4ZfyyX4Uixrx6SgD1RJsdz44J',2060,3,1.78080000,1.58080000,1021,1123,260.00,0.00,0.00,0.2,4,'2020-03-20 19:24:24',2,'2020-03-20 19:30:18',NULL,NULL,NULL,NULL,NULL),(79,304,'tz1it1Txm5V62x7xDpjXYiChet2WXs5jLjij',2060,3,1.77380000,1.57380000,1025,1127,260.00,0.00,0.00,0.2,4,'2020-03-20 19:51:19',2,'2020-03-20 20:03:14',NULL,NULL,NULL,NULL,NULL),(80,313,'tz1anZ5MQJs4ZfyyX4Uixrx6SgD1RJsdz44J',2060,3,1.81640000,1.61640000,1001,1101,260.00,0.00,0.00,0.2,4,'2020-03-20 20:04:21',2,'2020-03-20 20:11:24',NULL,NULL,NULL,NULL,NULL),(81,304,'tz1LPvCPF8GMYBttJt2rt7MeU5A1D8mEdNyg',2060,3,1.82180000,1.62180000,998,1097,260.00,0.00,0.00,0.2,4,'2020-03-20 20:04:52',2,'2020-03-20 20:27:07',NULL,NULL,NULL,NULL,NULL),(82,313,'tz1anZ5MQJs4ZfyyX4Uixrx6SgD1RJsdz44J',2060,3,1.63650000,1.83650000,990,1089,260.00,0.00,0.00,0.2,4,'2020-03-20 20:18:44',2,'2020-03-20 20:30:50',NULL,NULL,NULL,NULL,NULL),(83,313,'tz1anZ5MQJs4ZfyyX4Uixrx6SgD1RJsdz44J',2060,3,1.69790000,1.89790000,958,1053,260.00,60.00,200.00,0.2,4,'2020-03-20 20:28:36',2,'2020-03-20 20:31:28',NULL,NULL,NULL,NULL,NULL),(84,313,'tz1anZ5MQJs4ZfyyX4Uixrx6SgD1RJsdz44J',2060,3,1.75920000,1.95920000,928,1020,260.00,60.00,200.00,0.2,4,'2020-03-20 20:31:54',1,'2020-03-20 20:35:18','\"oorwiUUrzHxmii1rgETTJHkhEMVWCy2qpEhBhjVDfoy4jupTwHC\"\n',NULL,NULL,NULL,NULL),(85,313,'tz1anZ5MQJs4ZfyyX4Uixrx6SgD1RJsdz44J',2060,3,1.61640000,1.81640000,1001,1101,260.00,60.00,200.00,0.2,4,'2020-03-21 09:53:44',2,'2020-03-21 10:01:21',NULL,NULL,NULL,NULL,NULL),(86,313,'tz1anZ5MQJs4ZfyyX4Uixrx6SgD1RJsdz44J',2060,3,1.63100000,1.83100000,993,1092,260.00,60.00,200.00,0.2,4,'2020-03-21 10:11:43',2,'2020-03-21 12:48:00',NULL,NULL,NULL,NULL,NULL),(87,304,'tz1LPvCPF8GMYBttJt2rt7MeU5A1D8mEdNyg',3090,3,2.52180000,2.72180000,1002,1102,390.00,90.00,300.00,0.2,4,'2020-03-21 10:31:51',2,'2020-03-21 11:07:42',NULL,NULL,NULL,NULL,NULL),(88,253,'1EDodFHxxjrgLVLjTicKLywPGxPauLciqR',10300,1,0.00190867,0.00240867,3774241,4151665,1300.00,300.00,1000.00,0.0005,4,'2020-03-21 12:59:42',2,'2020-03-21 13:24:00',NULL,NULL,NULL,NULL,NULL),(89,253,'1EDodFHxxjrgLVLjTicKLywPGxPauLciqR',10300,1,0.00186734,0.00236734,3840134,4224147,1300.00,300.00,1000.00,0.0005,4,'2020-03-21 13:34:38',1,'2020-03-21 16:03:29','98a3df94d1f891d999546e471d0aa1863ec50983d602b5a8ec3015ab40554852',NULL,NULL,NULL,NULL),(90,313,'tz1anZ5MQJs4ZfyyX4Uixrx6SgD1RJsdz44J',2060,3,1.62920000,1.82920000,994,1093,260.00,60.00,200.00,0.2,4,'2020-03-21 18:00:41',1,'2020-03-21 18:07:12','\"opF7JtKR51yMi9NbkHYBXPSTjp9Twc9BopaY4ocj4ZfxkPRUEhK\"\n',NULL,NULL,NULL,NULL),(91,334,'tz1N3H18aEentBEgGAuDUkJG51i1jhqdqEvQ',2060,3,1.77200000,1.97200000,922,1014,260.00,60.00,200.00,0.2,4,'2020-03-23 06:49:32',1,'2020-03-23 07:42:07','\"opNopoqURsT5czozQ3PhAGY5PXviT4WGNQHzC2rgRoMH64oikkS\"\n',NULL,NULL,NULL,NULL),(92,329,'tz1cGBwD75FfvZ44dy1GKaJjSbKEd9UzZ9pD',49955,3,44.56230000,44.76230000,985,1083,6305.00,1455.00,4850.00,0.2,4,'2020-03-23 16:33:20',1,'2020-03-23 19:02:51','\"ooMbKN5u65jw7P2NiPVtf7xNUXJWru8fpxXMQFh8BUvSN8hREXc\"\n',NULL,NULL,NULL,NULL),(93,329,'13yFGWNn629RxSuD9TmsmPV4Lzgr5dNaJS',99807,1,0.02220601,0.02270601,3879630,4267593,12597.00,2907.00,9690.00,0.0005,4,'2020-03-23 17:15:07',1,'2020-03-23 19:40:26','dac32ef7ed3f8577aeba0aac4ac851ff042f9aa4a58cbf484ac9d4046a45fc08',NULL,NULL,NULL,NULL),(94,336,'13Cf1YxcZGsnkdUsZrXJyHqre13B2oa8Fq',69010,1,0.01426047,0.01476047,4126500,4539150,8710.00,2010.00,6700.00,0.0005,4,'2020-03-24 08:27:32',1,'2020-03-24 12:14:50','62dd66802b1957e353fbeb3aabfcf1b55bbc3ad2fc811f3d931ed8cc8cb1d8bc',NULL,NULL,NULL,NULL),(95,253,'tz1RZqdJxusQTeqq72e6RanS3LicUiSDJG5i',2060,3,1.50880000,1.70880000,1064,1170,260.00,60.00,200.00,0.2,4,'2020-03-24 16:39:38',1,'2020-03-24 16:49:29','\"oomYFo7Mbv84E1dpGaecyV9nboLHjibYzzNjeXqSwGXydmL8YRd\"\n',NULL,NULL,NULL,NULL),(96,257,'1BgHSTtu44KyxFNYFM8mu2bzU9E8Qz16wg',10300,1,0.00173039,0.00223039,4075934,4483527,1300.00,300.00,1000.00,0.0005,4,'2020-03-25 06:51:24',1,'2020-03-25 12:18:05','ff6c2553862a94335705307a229328744397f8ac420ff94b6522a114f3922390',NULL,NULL,NULL,'nelly@nzinghaa.io'),(97,257,'tz1hhva1aim2hZFsQzQDX3TVzSqZep7QcwqQ',5150,3,4.13730000,4.33730000,1048,1152,650.00,150.00,500.00,0.2,4,'2020-03-25 06:52:09',1,'2020-03-25 13:21:52','\"oo8x7QgZ6EFCFW6JkrEEdpeuA1nrYXDuXj12kVfJv54QmFH7Y42\"\n',NULL,NULL,NULL,'jamal@nzinghaa.io'),(99,257,'tz1hhva1aim2hZFsQzQDX3TVzSqZep7QcwqQ',5150,3,4.26510000,4.46510000,1018,1119,650.00,150.00,500.00,0.2,4,'2020-03-26 18:37:14',1,'2020-03-27 07:41:47','\"ooCuMmXomo59iH3aa5xUHSZ9J9txoan8gFSVyJG3JcRcDTHbR63\"\n',NULL,NULL,NULL,'jamal@nzinghaa.io'),(100,301,'tz1YihgVcpQPim5QvQHRxBcH1t9X8qpHchTU',5150,3,4.22600000,4.42600000,1027,1129,650.00,150.00,500.00,0.2,4,'2020-03-27 10:05:30',1,'2020-03-27 11:40:11','\"oneSSeG4NDiRN5ZU7fZGGKciriRNwuga6zz5KaVatGr8mMY3mCM\"\n',NULL,NULL,NULL,'nelly@nzinghaa.io'),(101,295,'tz1WNphwgQY7bnWVu1WwjCzCKCSjDzX8kHyi',2060,3,1.74870000,1.94870000,933,1026,260.00,60.00,200.00,0.2,4,'2020-03-28 14:56:30',1,'2020-03-28 15:04:40','\"ong53BXpJzmoP56VFGSStupPXhB9hG7W7uAP2q1rgUsEp1PPovs\"\n',NULL,NULL,NULL,'nelly@nzinghaa.io'),(102,336,'13Cf1YxcZGsnkdUsZrXJyHqre13B2oa8Fq',80340,1,0.01920910,0.01970910,3597784,3957562,10140.00,2340.00,7800.00,0.0005,4,'2020-03-29 18:16:29',1,'2020-03-30 13:35:13','3bc140f5ae45683f2f4699863d16437b45ce1d6ae49e0209c63573c19ca0e824',NULL,NULL,NULL,'nelly@nzinghaa.io'),(103,338,'16NtSz4rzsEcbucdMCSg7UhJhh8PrLRbxw',25750,1,0.00553183,0.00603183,3767887,4144675,3250.00,750.00,2500.00,0.0005,4,'2020-03-30 13:59:14',1,'2020-03-30 14:37:51','59a91e3d0a72ecc17a38cec055d9361cbe1733512f6961f1d3ba12b881d31fd8',NULL,NULL,NULL,'nelly@nzinghaa.io'),(104,338,'16NtSz4rzsEcbucdMCSg7UhJhh8PrLRbxw',25750,1,0.00553183,0.00603183,3767887,4144675,3250.00,750.00,2500.00,0.0005,4,'2020-03-30 13:59:18',2,'2020-03-30 14:19:52',NULL,NULL,NULL,NULL,NULL),(105,338,'16NtSz4rzsEcbucdMCSg7UhJhh8PrLRbxw',25750,1,0.00538882,0.00588882,3859391,4245330,3250.00,750.00,2500.00,0.0005,4,'2020-03-31 08:19:28',1,'2020-04-01 12:12:43','129d78b302e0b863d56a13bbe368210b56e820141d3c34c3da1e2fcb40681a85',NULL,NULL,NULL,'nelly@nzinghaa.io'),(106,336,'tz1LFvUnTWGNmWLc9v1NPDiNYS8ivGLmGfQ3',2575,3,2.01730000,2.21730000,1025,1127,325.00,75.00,250.00,0.2,4,'2020-04-04 08:37:00',1,'2020-04-04 16:55:31','\"oonaskBiHqgBYc9uiGP7DSJFParMqUS8r8be4x5hae6zxv8gWUA\"\n',NULL,NULL,NULL,'nelly@nzinghaa.io'),(107,336,'tz1LFvUnTWGNmWLc9v1NPDiNYS8ivGLmGfQ3',3090,3,2.45040000,2.65040000,1029,1131,390.00,90.00,300.00,0.2,4,'2020-04-04 09:07:23',1,'2020-04-04 16:01:06','\"op696mL33EJo1ikEjbsB6MUJua3DNB6yDQiDLb2SvPcnUD4JgDf\"\n',NULL,NULL,NULL,'nelly@nzinghaa.io'),(108,336,'13Cf1YxcZGsnkdUsZrXJyHqre13B2oa8Fq',74160,1,0.01520989,0.01570989,4166455,4583100,9360.00,2160.00,7200.00,0.0005,4,'2020-04-04 10:04:33',1,'2020-04-04 16:41:06','76a50a42ce2f1afacd203ac75dd6ee878a4c132ea464691be9c773e362f18266',NULL,NULL,NULL,'nelly@nzinghaa.io'),(109,289,'tz1VgeM9Vbm8ywCA5rsHjtY2xCcBH8eWQghh',5923,3,4.90970000,5.10970000,1023,1125,747.50,172.50,575.00,0.2,4,'2020-04-05 10:26:49',1,'2020-04-05 10:56:36','\"onqGWyWteQg45U51HV8aEvDKFZHnaKZQDo5nT1B5DhAbqtpFhC1\"\n',NULL,NULL,NULL,'nelly@nzinghaa.io'),(110,338,'16NtSz4rzsEcbucdMCSg7UhJhh8PrLRbxw',38110,1,0.00723380,0.00773380,4349265,4784191,4810.00,1110.00,3700.00,0.0005,4,'2020-04-06 16:09:52',1,'2020-04-06 17:15:53','8d631b1537f8a3cda3b8a423c4c2fd325a70e0f982202cfc2cda19bf3365b9ff',NULL,NULL,NULL,'nelly@nzinghaa.io'),(111,336,'tz1LFvUnTWGNmWLc9v1NPDiNYS8ivGLmGfQ3',3090,3,2.25480000,2.45480000,1111,1222,390.00,90.00,300.00,0.2,4,'2020-04-06 16:51:20',1,'2020-04-06 17:16:09','\"onpXdJNDD2bgRgb1WBosx2PvbdFgW744BvUwMDLEr7K2sfsTp48\"\n',NULL,NULL,NULL,'nelly@nzinghaa.io'),(112,329,'tz1Rhb8EYpxWDYFp8mrYFr5QoxQDe2eH7Bvp',64519,3,50.01640000,50.21640000,1134,1247,8143.20,1879.20,6264.00,0.2,4,'2020-04-06 19:00:18',1,'2020-04-06 20:48:19','\"ooRttJjkZuVMvsGRzAGy5dZZHhCNJdLw4cvguscVrmi6Ph1spN3\"\n',NULL,NULL,NULL,'nelly@nzinghaa.io'),(113,313,'tz1anZ5MQJs4ZfyyX4Uixrx6SgD1RJsdz44J',2060,3,1.40760000,1.60760000,1131,1244,260.00,60.00,200.00,0.2,4,'2020-04-06 20:08:26',2,'2020-04-06 20:38:24',NULL,NULL,NULL,NULL,NULL),(114,313,'tz1anZ5MQJs4ZfyyX4Uixrx6SgD1RJsdz44J',2060,3,1.26510000,1.46510000,1241,1365,260.00,60.00,200.00,0.2,4,'2020-04-07 16:52:27',2,NULL,NULL,NULL,NULL,NULL,NULL),(115,330,'tz1SpUQdTZ5guFWSdt1hduzJP9XA6bS4yTMm',2060,3,1.29640000,1.49640000,1215,1336,260.00,60.00,200.00,0.2,4,'2020-04-07 19:15:10',1,'2020-04-07 20:46:32','\"ooCYAVwKPfMA7TzmvaNFhAA4BGCUVMThXw4RqFXHgxrncZxbemT\"\n',NULL,NULL,NULL,'nelly@nzinghaa.io'),(116,336,'13Cf1YxcZGsnkdUsZrXJyHqre13B2oa8Fq',108150,1,0.02264789,0.02314788,4123683,4536051,13650.00,3150.00,10500.00,0.0005,4,'2020-04-12 11:45:16',1,'2020-04-12 13:52:41','0a73ec2eb8121484e115fefc1b8b4d886ad00648b5ff4f666c654e5f84ee77bd',NULL,NULL,NULL,'nelly@nzinghaa.io'),(117,274,'tz1Z3njZL71xc6VCVFN8PR3T4ftuQXGg99HT',49440,3,37.54770000,37.74770000,1156,1271,6240.00,1440.00,4800.00,0.2,4,'2020-04-13 09:04:54',1,'2020-04-13 09:41:01','\"ooqHxnLEY7t62Pa3ickdk4bGoWHf3XJPiZgRevsJNQKpK2S88Dw\"\n',NULL,NULL,NULL,'nelly@nzinghaa.io'),(118,257,'tz1hhva1aim2hZFsQzQDX3TVzSqZep7QcwqQ',9785,3,7.03310000,7.23310000,1194,1313,1235.00,285.00,950.00,0.2,4,'2020-04-14 18:38:11',1,'2020-04-15 10:08:33','\"opKHiNfAoY6uj2qvHr2RVsS5TPFbzcdspVFWh3f3fbhpc86LnS4\"\n',NULL,NULL,NULL,'jamal'),(119,353,'tz1R9K53M5B4dXPSFKCx8zjaCE6VRSqu7tQW',84460,3,57.31960000,57.51960000,1296,1425,10660.00,2460.00,8200.00,0.2,4,'2020-04-17 09:36:53',1,'2020-04-17 10:19:51','\"ooJrVk2Xk4iYVnxSxFbCqiTecH5xUUHyMW5CFAEuDD17vzDRZs1\"\n',NULL,NULL,NULL,'nelly@nzinghaa.io'),(120,336,'tz1LFvUnTWGNmWLc9v1NPDiNYS8ivGLmGfQ3',2575,3,1.60090000,1.80090000,1262,1388,325.00,75.00,250.00,0.2,4,'2020-04-17 15:06:50',1,'2020-04-17 15:16:35','\"ooe8xhCAHVt4h1cWo5mGKLRe7oe8V8PWEYnz2PayHDZgTawqNLc\"\n',NULL,NULL,NULL,'nelly@nzinghaa.io'),(121,336,'13Cf1YxcZGsnkdUsZrXJyHqre13B2oa8Fq',72100,1,0.01445632,0.01495632,4254814,4680295,9100.00,2100.00,7000.00,0.0005,4,'2020-04-17 15:07:10',1,'2020-04-17 20:15:34','a24b6ca37d567023343c2b49710e9b6a47a0193b7ec0637ce2570b00d57215a7',NULL,NULL,NULL,'nelly@nzinghaa.io'),(122,358,'1EZqnxBdBDPLAmi8KMyiDDyDue7aSFvvs9',10300,1,0.00161991,0.00211991,4288350,4717185,1300.00,300.00,1000.00,0.0005,4,'2020-04-18 08:34:35',1,'2020-04-18 11:46:53','6fe2a8d31c18b2cc72787ad4e3704e59aaa0f7344b5397d9178c11c91dd3e850',NULL,NULL,NULL,'nelly@nzinghaa.io'),(123,358,'tz1WMQQQndhWvuQftRnjCJ4b9iebTprLE3E7',4635,3,2.95900000,3.15900000,1295,1424,585.00,135.00,450.00,0.2,4,'2020-04-18 08:35:36',1,'2020-04-18 15:37:59','\"ooqhc3yQb1RKSrXZgBiuVeA8yvLQepU6i5ge2ix8sy17dpPizAF\"\n',NULL,NULL,NULL,'nelly@nzinghaa.io'),(124,366,'18b2vsX1UojLA8A9EeVz7a9sb5GnGnwF3E',31930,1,0.00627506,0.00677506,4159643,4575607,4030.00,930.00,3100.00,0.0005,4,'2020-04-20 19:13:28',1,'2020-04-20 21:16:24','6663471ccc204e942d40a04ce2349a12c7649c739b51d292919f2ccd736ff80c',NULL,NULL,NULL,'nelly@nzinghaa.io'),(125,358,'1EZqnxBdBDPLAmi8KMyiDDyDue7aSFvvs9',10300,1,0.00167714,0.00217714,4175625,4593187,1300.00,300.00,1000.00,0.0005,4,'2020-04-21 18:08:25',1,'2020-04-21 18:25:33','d9eec6748ef9a7eecbc5b636f40cf4b9d2b814f6278d22de218022c98c6e22c7',NULL,NULL,NULL,'nelly@nzinghaa.io'),(126,358,'tz1WMQQQndhWvuQftRnjCJ4b9iebTprLE3E7',4635,3,2.90150000,3.10150000,1319,1450,585.00,135.00,450.00,0.2,4,'2020-04-21 18:09:11',1,'2020-04-21 18:56:24','\"opTxgoi3oGMGpFzMthuRpjTLrt92Pk9LqgCQUWRe6L4XK79JVV6\"\n',NULL,NULL,NULL,'nelly@nzinghaa.io'),(127,360,'1MRk1qjZ3qN6VrELHoRN1PSSvDDRzAZ5TX',14420,1,0.00240096,0.00290096,4387255,4825980,1820.00,420.00,1400.00,0.0005,4,'2020-04-23 13:49:29',1,'2020-04-24 16:23:00','262e8cb2b4b552a92bb8dfb8def02a798c2c6d4961561a674065dfc92b894117',NULL,NULL,NULL,'baptiste@nzinghaa.io'),(128,336,'13Cf1YxcZGsnkdUsZrXJyHqre13B2oa8Fq',110210,1,0.02036930,0.02086930,4661045,5127149,13910.00,3210.00,10700.00,0.0005,4,'2020-04-27 12:59:20',1,'2020-04-28 04:54:17','3f6d0731c4da380613e39dd13cc61b8e9af46cd49e5762fd7f95f6d5b9d1e414',NULL,NULL,NULL,'nelly@nzinghaa.io'),(129,301,'tz1YihgVcpQPim5QvQHRxBcH1t9X8qpHchTU',5768,3,2.81240000,3.01240000,1690,1859,728.00,168.00,560.00,0.2,4,'2020-04-28 12:37:39',1,'2020-04-28 13:41:24','\"ooci71Vyw7pQWRFzWa9uCVgumys1WQrGKCsC49Xe5cMknV5CV5V\"\n',NULL,NULL,NULL,'nelly@nzinghaa.io'),(130,366,'18b2vsX1UojLA8A9EeVz7a9sb5GnGnwF3E',137763,1,0.02266846,0.02316846,5248122,5772934,17387.50,4012.50,13375.00,0.0005,4,'2020-04-29 19:31:44',1,'2020-04-29 21:44:42','9e146c49dc86f79c46e4c1c4c8319d15e9e1b1d59848da9b0b23821992524d5e',NULL,NULL,NULL,'nelly@nzinghaa.io'),(131,284,'tz1foPorCrVzLGqvYrU2Px2bji2nKVUQTSDj',10016,3,4.83700000,5.03700000,1755,1930,1264.12,291.72,972.40,0.2,4,'2020-04-30 07:32:57',1,'2020-04-30 08:16:20','\"oocnjEZVeyNRdx9zxK8Ma4J1ni2qRM8bbhss7aWv91Mf7RmSHtb\"\n',NULL,NULL,NULL,'nelly@nzinghaa.io'),(132,336,'13Cf1YxcZGsnkdUsZrXJyHqre13B2oa8Fq',89610,1,0.01467830,0.01517830,5210787,5731866,11310.00,2610.00,8700.00,0.0005,4,'2020-05-01 20:05:31',1,'2020-05-02 06:57:48','0a931e189a0fbf80f306edf4ca198ab0713bac8216492fb226780d0323f0ba45',NULL,NULL,NULL,'nelly@nzinghaa.io'),(133,370,'tz1ZoqxaabRUM26ynk9U8V4Yd1tUnRgn6f4m',126690,3,67.07930000,67.27930000,1662,1828,15990.00,3690.00,12300.00,0.2,4,'2020-05-02 09:08:27',1,'2020-05-02 15:41:30','\"onjZCxgf83GAKpBjxfA1WPjyDR3Ak1sJsj5oi28yDPNWwxRFd83\"\n',NULL,NULL,NULL,'nelly@nzinghaa.io'),(134,353,'tz1R9K53M5B4dXPSFKCx8zjaCE6VRSqu7tQW',61800,3,32.81780000,33.01780000,1652,1817,7800.00,1800.00,6000.00,0.2,4,'2020-05-05 16:18:55',1,'2020-05-05 17:25:36','\"oohu2LAMTAqkx5e492G2UnPxi7W1KD4qkxTxoMtiypvMdrMpPMS\"\n',NULL,NULL,NULL,'jamal'),(135,353,'tz1R9K53M5B4dXPSFKCx8zjaCE6VRSqu7tQW',53560,3,28.41550000,28.61550000,1652,1817,6760.00,1560.00,5200.00,0.2,4,'2020-05-05 16:19:18',1,'2020-05-05 17:24:32','\"op8isSs1wgaTwGzpwB7rUidfevXRrfwnCWcyGdsoZWyvGm5fnsd\"\n',NULL,NULL,NULL,'jamal'),(136,336,'tz1LFvUnTWGNmWLc9v1NPDiNYS8ivGLmGfQ3',87550,3,46.04340000,46.24340000,1671,1838,11050.00,2550.00,8500.00,0.2,4,'2020-05-06 12:53:24',1,'2020-05-06 13:02:32','\"ooYJDrzLN3ZCSae8QpAFYGbCV25sEjRWHsLUSoepzDQQg8NxRQn\"\n',NULL,NULL,NULL,'nelly@nzinghaa.io'),(137,336,'tz1LFvUnTWGNmWLc9v1NPDiNYS8ivGLmGfQ3',4120,3,1.97490000,2.17490000,1672,1839,520.00,120.00,400.00,0.2,4,'2020-05-06 13:42:58',1,'2020-05-06 14:05:59','\"oouU3zMEtf5tybgL9H2obj4on3BBBjeUquCne25TSyeZMECCT7a\"\n',NULL,NULL,NULL,'nelly@nzinghaa.io'),(138,360,'tz1dcp8YojSfm2Wc5pBbMkrYkwsubaaGD6Mb',10300,3,5.34660000,5.54660000,1639,1802,1300.00,300.00,1000.00,0.2,4,'2020-05-07 15:25:25',1,'2020-05-07 17:23:00','\"ooTaPJc6fowrUNnC6UzoJ2iPxfsnuDXshVsAZXhNCwPSaxDwLyP\"\n',NULL,NULL,NULL,'nelly@nzinghaa.io'),(139,336,'tz1LFvUnTWGNmWLc9v1NPDiNYS8ivGLmGfQ3',97232,3,57.12680000,57.32680000,1497,1646,12272.00,2832.00,9440.00,0.2,4,'2020-05-11 08:56:16',1,'2020-05-11 11:03:55','\"ooRYLpjFUNcD7nBFxoqfaPeL7rvbKtQSwSdcLTKLq64zN4vaZbB\"\n',NULL,NULL,NULL,'nelly@nzinghaa.io'),(140,366,'18b2vsX1UojLA8A9EeVz7a9sb5GnGnwF3E',198790,1,0.03253157,0.03303158,5311722,5842894,25090.00,5790.00,19300.00,0.0005,4,'2020-05-12 10:42:27',1,'2020-05-12 11:11:08','c4df8b0677331592fcc94c80d4a2097989feb9c232202fef05cf30b9d7d2bbd7',NULL,NULL,NULL,'nelly@nzinghaa.io'),(141,301,'tz1YihgVcpQPim5QvQHRxBcH1t9X8qpHchTU',2575,3,1.28450000,1.48450000,1531,1684,325.00,75.00,250.00,0.2,4,'2020-05-13 08:39:03',1,'2020-05-13 08:45:50','\"ooYtWWpAWurJokYbjESoMb61kypzrw7qZ3NYWqZWnWUhKJgjkuJ\"\n',NULL,NULL,NULL,'nelly@nzinghaa.io'),(142,336,'tz1LFvUnTWGNmWLc9v1NPDiNYS8ivGLmGfQ3',44290,3,25.10160000,25.30160000,1545,1699,5590.00,1290.00,4300.00,0.2,4,'2020-05-16 15:15:06',1,'2020-05-16 20:39:31','\"onj3VnqrUGNibsNoNZHXUM3x4nznpeSfzJFwVFwABevsKn7fAMT\"\n',NULL,NULL,NULL,'nelly@nzinghaa.io'),(143,371,'191x1EVwn7BAxbiTH7hMr3ckVpex1q5ouP',10918,1,0.00117597,0.00167597,5749721,6324693,1378.00,318.00,1060.00,0.0005,4,'2020-05-17 08:24:25',1,'2020-05-17 10:16:39','d55e851c355192070b4a0f1c9ae8cae56ded56cda5730292d5d09e33e3dee4b1',NULL,NULL,NULL,'nelly@nzinghaa.io'),(144,336,'tz1LFvUnTWGNmWLc9v1NPDiNYS8ivGLmGfQ3',117420,3,62.87750000,63.07750000,1643,1807,14820.00,3420.00,11400.00,0.2,4,'2020-05-18 15:37:02',1,'2020-05-18 20:51:55','\"ookxniLxAoTtiYobn1CKoSX8YhJJpegVMcF4KbtYuJcM2dCo2Kt\"\n',NULL,NULL,NULL,'nelly@nzinghaa.io'),(145,336,'tz1LPvCPF8GMYBttJt2rt7MeU5A1D8mEdNyg',77250,3,42.81690000,43.01690000,1585,1743,9750.00,2250.00,7500.00,0.2,4,'2020-05-21 16:14:26',1,'2020-05-21 17:24:48','\"ooKRjpa9QSaomXmVpAH69aax5haPTgAHqW8L9P6wV6Rsphjfyzz\"\n',NULL,NULL,NULL,'nelly@nzinghaa.io'),(146,336,'tz1LPvCPF8GMYBttJt2rt7MeU5A1D8mEdNyg',66950,3,36.68570000,36.88570000,1602,1762,8450.00,1950.00,6500.00,0.2,4,'2020-05-22 06:25:58',1,'2020-05-22 07:25:50','\"onrqCxGFyrePpurAj56aVucoG3qca6VcMtzfRGRN5BhJx6fdAoo\"\n',NULL,NULL,NULL,'nelly@nzinghaa.io'),(147,360,'tz1dcp8YojSfm2Wc5pBbMkrYkwsubaaGD6Mb',14420,3,7.40750000,7.60750000,1673,1840,1820.00,420.00,1400.00,0.2,4,'2020-05-23 07:16:29',1,'2020-05-23 12:38:36','\"onkPBN5pHUwHLkWohoCupM6H2vCAFqzRLMQLQ72iVdixayoCb5y\"\n',NULL,NULL,NULL,'nelly@nzinghaa.io'),(148,336,'tz1LPvCPF8GMYBttJt2rt7MeU5A1D8mEdNyg',44290,3,23.53460000,23.73460000,1647,1811,5590.00,1290.00,4300.00,0.2,4,'2020-05-25 14:54:33',1,'2020-05-25 17:17:00','\"ooqVvcGEzEk4EAmuZrmm24fMWJMVaAyqHBuTKs24AZN9Le2vDEe\"\n',NULL,NULL,NULL,'nelly@nzinghaa.io'),(149,336,'tz1LPvCPF8GMYBttJt2rt7MeU5A1D8mEdNyg',22660,3,12.19930000,12.39930000,1613,1774,2860.00,660.00,2200.00,0.2,4,'2020-05-27 06:29:37',1,'2020-05-27 07:18:46','\"opVzerBr5QKZGJM1xkrbairTKGbkAphDn64XdxvwF5n7VuLWf7N\"\n',NULL,NULL,NULL,'nelly@nzinghaa.io'),(150,353,'tz1R9K53M5B4dXPSFKCx8zjaCE6VRSqu7tQW',84460,3,46.24580000,46.44580000,1605,1765,10660.00,2460.00,8200.00,0.2,4,'2020-05-28 10:07:23',1,'2020-05-28 19:44:44','\"oo3u7iBXANL38wUFjkQWtC72XvFA7VvhoHdZB5f9WpKBcNMQr9e\"\n',NULL,NULL,NULL,'nelly@nzinghaa.io'),(151,366,'18b2vsX1UojLA8A9EeVz7a9sb5GnGnwF3E',15450,1,0.00189899,0.00239899,5684221,6252643,1950.00,450.00,1500.00,0.0005,4,'2020-06-01 21:37:26',1,'2020-06-01 21:45:13','d44bb82b6e30f29b642c7e15778a83a4c01761033f997e89e2613c05f769c87b',NULL,NULL,NULL,'nelly@nzinghaa.io'),(152,336,'13Cf1YxcZGsnkdUsZrXJyHqre13B2oa8Fq',134930,1,0.02085495,0.02135495,5576735,6134408,17030.00,3930.00,13100.00,0.0005,4,'2020-06-03 00:49:10',1,'2020-06-03 07:38:03','8898fd36769bd05e241f490ea24e9ff370d852651688f2148cfba47bfa9f507f',NULL,NULL,NULL,'nelly@nzinghaa.io'),(153,366,'18b2vsX1UojLA8A9EeVz7a9sb5GnGnwF3E',14935,1,0.00183497,0.00233497,5645379,6209917,1885.00,435.00,1450.00,0.0005,4,'2020-06-06 12:26:21',1,'2020-06-06 13:33:08','a9cb0f0a3fe595d8cc1c1b4b1eb3ec66f0c37a3131ada6dd5a15df3c7e23183f',NULL,NULL,NULL,'jamal'),(154,370,'tz1ZoqxaabRUM26ynk9U8V4Yd1tUnRgn6f4m',45320,3,23.17810000,23.37810000,1711,1882,5720.00,1320.00,4400.00,0.2,4,'2020-06-06 14:44:30',1,'2020-06-06 16:47:06','\"ooSip7D6qp1XabHY5PLTLYud32qToYRga3g5MC6HDhdSQHYLBc7\"\n',NULL,NULL,NULL,'nelly@nzinghaa.io'),(155,353,'tz1R9K53M5B4dXPSFKCx8zjaCE6VRSqu7tQW',67980,3,35.24000000,35.44000000,1693,1862,8580.00,1980.00,6600.00,0.2,4,'2020-06-07 09:47:42',1,'2020-06-07 12:07:19','\"opA3yNn48UDi7piyqpMwpiBnaAi1EtDVz858HiEqMZgoMMyoUS8\"\n',NULL,NULL,NULL,'nelly@nzinghaa.io'),(156,399,'1C7Zz5NuhrFGfGVC54AtaApsyVuxPkPrSm',72100,1,0.01078486,0.01128486,5639091,6203000,9100.00,2100.00,7000.00,0.0005,4,'2020-06-08 18:39:59',1,'2020-06-08 21:39:42','1d982d1240d1db61e3d2d8290015aeece5ba2e758cd256973d3a2b89a7f5cde8',NULL,NULL,NULL,'nelly@nzinghaa.io'),(157,398,'12UQQyhZu9nRv2kiHFJ73sG8TvQ5M3CxtT',91670,1,0.01388063,0.01438063,5626253,6188878,11570.00,2670.00,8900.00,0.0005,4,'2020-06-09 09:48:53',1,'2020-06-09 14:13:51','74b28ac9016680db7cc9128bdeb83f22f4e5896893a395ffa244d73ad392b0a9',NULL,NULL,NULL,'nelly@nzinghaa.io'),(158,399,'1C7Zz5NuhrFGfGVC54AtaApsyVuxPkPrSm',65405,1,0.00978621,0.01028621,5612105,6173315,8255.00,1905.00,6350.00,0.0005,4,'2020-06-09 13:50:02',1,'2020-06-09 14:42:17','ba9e4a0e8adb11ed73d0503922a3964c8cc541d25572962cf11181ed3442d16e',NULL,NULL,NULL,'nelly@nzinghaa.io'),(159,370,'tz1ZoqxaabRUM26ynk9U8V4Yd1tUnRgn6f4m',51500,3,26.87240000,27.07240000,1679,1846,6500.00,1500.00,5000.00,0.2,4,'2020-06-09 15:35:24',1,'2020-06-09 16:01:57','\"ooW9uZS11B6poyTVyRCs1Vf5EUM1bAXJzvabifv2BaGriioScSv\"\n',NULL,NULL,NULL,'nelly@nzinghaa.io'),(160,370,'1N6pKt5Ma5eqxutJojDS9jsn4pHompBnfC',31930,1,0.00452038,0.00502038,5613481,6174829,4030.00,930.00,3100.00,0.0005,4,'2020-06-09 15:35:53',1,'2020-06-09 15:54:01','53d2f720726ce4f94543cacd6498bb0727237fa2036b3828a6ef02af488c420a',NULL,NULL,NULL,'nelly@nzinghaa.io'),(161,399,'1C7Zz5NuhrFGfGVC54AtaApsyVuxPkPrSm',82400,1,0.01247718,0.01297718,5604245,6164669,10400.00,2400.00,8000.00,0.0005,4,'2020-06-11 12:59:45',1,'2020-06-11 15:18:57','29241abc6ea81b2b531f71a747a44156c72e8ab3f5ed023837170fb150bfad89',NULL,NULL,NULL,'nelly@nzinghaa.io'),(162,405,'tz1QgroobfMMEvUsMkZim5cAf1Mqbc8BM8Bd',4996,3,2.60480000,2.80480000,1572,1729,630.50,145.50,485.00,0.2,3,'2020-06-12 07:22:11',2,'2020-06-12 07:23:49',NULL,NULL,NULL,NULL,NULL),(163,405,'tz1QgroobfMMEvUsMkZim5cAf1Mqbc8BM8Bd',4996,3,2.60300000,2.80300000,1573,1730,630.50,145.50,485.00,0.2,3,'2020-06-12 07:26:31',2,'2020-06-12 07:33:29',NULL,NULL,NULL,NULL,NULL),(164,405,'tz1QgroobfMMEvUsMkZim5cAf1Mqbc8BM8Bd',4996,3,2.59590000,2.79590000,1577,1734,630.50,145.50,485.00,0.2,3,'2020-06-12 07:35:44',2,'2020-06-12 07:37:13',NULL,NULL,NULL,NULL,NULL),(165,405,'tz1QgroobfMMEvUsMkZim5cAf1Mqbc8BM8Bd',4996,3,2.59590000,2.79590000,1577,1734,630.50,145.50,485.00,0.2,3,'2020-06-12 07:44:42',2,'2020-06-12 07:47:18',NULL,NULL,NULL,NULL,NULL),(166,405,'tz1QgroobfMMEvUsMkZim5cAf1Mqbc8BM8Bd',4996,3,2.59060000,2.79060000,1580,1738,630.50,145.50,485.00,0.2,3,'2020-06-12 08:03:41',2,'2020-06-12 08:13:52',NULL,NULL,NULL,NULL,NULL),(167,405,'tz1QgroobfMMEvUsMkZim5cAf1Mqbc8BM8Bd',4996,3,2.59410000,2.79410000,1578,1735,630.50,145.50,485.00,0.2,3,'2020-06-12 08:38:11',2,'2020-06-12 08:42:43',NULL,NULL,NULL,NULL,NULL),(168,405,'tz1QgroobfMMEvUsMkZim5cAf1Mqbc8BM8Bd',4996,3,2.58880000,2.78880000,1581,1739,630.50,145.50,485.00,0.2,3,'2020-06-12 08:45:48',2,'2020-06-12 08:53:01',NULL,NULL,NULL,NULL,NULL),(169,405,'tz1QgroobfMMEvUsMkZim5cAf1Mqbc8BM8Bd',4996,3,2.58530000,2.78530000,1583,1741,630.50,145.50,485.00,0.2,3,'2020-06-12 09:00:18',2,'2020-06-12 09:03:40',NULL,NULL,NULL,NULL,NULL),(170,405,'1Pmbid1CG53unMV9zQLfHyzJbXnUTra6se',21477,1,0.00295608,0.00345608,5484708,6033179,2710.65,625.53,2085.11,0.0005,1,'2020-06-12 09:28:24',2,'2020-06-12 09:32:19',NULL,NULL,NULL,NULL,NULL),(171,401,'tz1bmARm6J4NtmbLfHUp3iMnFi89xHqHxQoT',4996,3,2.60480000,2.80480000,1572,1729,630.50,145.50,485.00,0.2,3,'2020-06-12 09:46:22',1,'2020-06-12 18:58:54','\"oo9Zp49JPTTQxvpaR371R6gV9cWGjWVXnUJMc3NXpTgvgcJqujH\"\n',NULL,NULL,NULL,'nelly@nzinghaa.io'),(172,334,'tz1RZqdJxusQTeqq72e6RanS3LicUiSDJG5i',4996,3,2.56430000,2.76430000,1595,1754,630.50,145.50,485.00,0.2,3,'2020-06-12 11:22:14',2,'2020-06-12 11:23:44',NULL,NULL,NULL,NULL,NULL),(173,334,'tz1RZqdJxusQTeqq72e6RanS3LicUiSDJG5i',4996,3,2.56090000,2.76090000,1597,1756,630.50,145.50,485.00,0.2,3,'2020-06-12 11:34:28',2,'2020-06-12 11:38:01',NULL,NULL,NULL,NULL,NULL),(174,334,'tz1RZqdJxusQTeqq72e6RanS3LicUiSDJG5i',4996,3,2.55740000,2.75740000,1599,1758,630.50,145.50,485.00,0.2,3,'2020-06-12 11:59:07',2,'2020-06-12 12:03:41',NULL,NULL,NULL,NULL,NULL),(175,398,'12UQQyhZu9nRv2kiHFJ73sG8TvQ5M3CxtT',71070,1,0.01087698,0.01137698,5513528,6064881,8970.00,2070.00,6900.00,0.0005,1,'2020-06-12 11:59:53',1,'2020-06-12 12:27:53','aab5a415eb0bfdfd839339d26fd50fe0cc907353140c633efc64cf2b6e235e1f',NULL,NULL,NULL,'nelly@nzinghaa.io'),(176,353,'tz1R9K53M5B4dXPSFKCx8zjaCE6VRSqu7tQW',133900,3,76.39220000,76.59220000,1543,1697,16900.00,3900.00,13000.00,0.2,3,'2020-06-12 18:29:20',1,'2020-06-12 20:29:09','\"opQggWnWKActdNEmuiuanXuiwMSqGpYMUM8W9qDcCwoBoX5jFyU\"\n',NULL,NULL,NULL,'nelly@nzinghaa.io'),(177,370,'1N6pKt5Ma5eqxutJojDS9jsn4pHompBnfC',56650,1,0.00862585,0.00912585,5478943,6026837,7150.00,1650.00,5500.00,0.0005,1,'2020-06-13 13:32:35',1,'2020-06-13 14:23:42','5216a141d6bc6d73d62d74a73572c47ba3abaa97bc8d1529115c827b5fc25e9b',NULL,NULL,NULL,'nelly@nzinghaa.io'),(178,412,'tz1aNmLiES2voSkaaEXw2p4JTeo4UFmLLH45',10300,3,5.97590000,6.17590000,1472,1619,1300.00,300.00,1000.00,0.2,3,'2020-06-15 10:17:47',1,'2020-06-15 13:10:59','\"ooxESigGsXhTbKV6fg3kTuPU2iSVBjZAJVwfb23NoJmdU5xHy1S\"\n',NULL,NULL,NULL,'nelly@nzinghaa.io'),(179,412,'1KxLNe3CTH4raWAzwcGatpNJ44zMsDmYP2',58710,1,0.00927122,0.00977122,5303142,5833456,7410.00,1710.00,5700.00,0.0005,1,'2020-06-15 13:51:04',1,'2020-06-15 13:57:48','c81cac003ea24444faddadfcf1b2f27e144d5215c1ffbf508f009bb9c64a650b',NULL,NULL,NULL,'nelly@nzinghaa.io'),(180,408,'1Hu6gJtPDjJ3yP2kN78LcNR56Z3B8H9m12',49955,1,0.00759592,0.00809592,5446063,5990669,6305.00,1455.00,4850.00,0.0005,1,'2020-06-15 18:45:41',1,'2020-06-15 19:20:51','6be2c6f66189ae39e2a49e05b34089a64c659955747ef1af6c49dbee61f7f83a',NULL,NULL,NULL,'nelly@nzinghaa.io'),(181,398,'12UQQyhZu9nRv2kiHFJ73sG8TvQ5M3CxtT',67980,1,0.01040850,0.01090850,5500297,6050327,8580.00,1980.00,6600.00,0.0005,1,'2020-06-18 16:24:55',1,'2020-06-18 19:16:35','7f363520aa81ab5e441d7737e63a6b4ef3858d91519a43694ab368526558cb30',NULL,NULL,NULL,'nelly@nzinghaa.io'),(182,370,'1N6pKt5Ma5eqxutJojDS9jsn4pHompBnfC',91670,1,0.01422608,0.01472608,5494271,6043698,11570.00,2670.00,8900.00,0.0005,1,'2020-06-19 12:26:45',1,'2020-06-19 12:55:44','553d494f807e4d2da4254161ffd94d21e8fa6a8917a0320f2ad36320488d13ea',NULL,NULL,NULL,'nelly@nzinghaa.io'),(183,408,'1Hu6gJtPDjJ3yP2kN78LcNR56Z3B8H9m12',50000,1,0.00755362,0.00805362,5479598,6027558,6310.67,1456.31,4854.37,0.0005,1,'2020-06-19 16:17:52',1,'2020-06-19 16:58:56','97aa5c04e47bd4864949553e5df3df1b6e68572b70b98f169c1e5ef459b8198b',NULL,NULL,NULL,'nelly@nzinghaa.io'),(184,398,'12UQQyhZu9nRv2kiHFJ73sG8TvQ5M3CxtT',67980,1,0.01051395,0.01101395,5447635,5992398,8580.00,1980.00,6600.00,0.0005,1,'2020-06-20 19:43:44',1,'2020-06-20 20:14:07','20280818766ff911abc27fa759048865ae123a768100cd9f9e71f1e4a956f418',NULL,NULL,NULL,'nelly@nzinghaa.io'),(185,421,'17oe7vJ1omwwvGDq8FYWeRKpKzqwFJZmWh',136877,1,0.02156210,0.02206210,5475865,6023451,17275.70,3986.70,13289.00,0.0005,1,'2020-06-21 12:12:50',1,'2020-06-21 16:46:49','627d1c932271abaf0d42b11ae8d1e4b726b77bb77d7943ad6988127ab3515c9a',NULL,NULL,NULL,'nelly@nzinghaa.io'),(186,336,'tz1LPvCPF8GMYBttJt2rt7MeU5A1D8mEdNyg',96913,3,54.94920000,55.14920000,1551,1706,12231.70,2822.70,9409.00,0.2,3,'2020-06-22 10:31:39',1,'2020-06-22 12:12:26','\"ooZRUtoesXPeFApZre5ZvWJ8EmzeUtrQp1UYgHtxy4bAC7apTpu\"\n',NULL,NULL,NULL,'nelly@nzinghaa.io'),(187,336,'tz1LPvCPF8GMYBttJt2rt7MeU5A1D8mEdNyg',61944,3,35.27870000,35.47870000,1541,1695,7818.20,1804.20,6014.00,0.2,3,'2020-06-23 08:56:56',1,'2020-06-23 09:50:07','\"ooDE8aDmiK7GiKHMkcmoNtB3GEsNp88EYcXoMoz3TqYWuVJLToo\"\n',NULL,NULL,NULL,'nelly@nzinghaa.io'),(188,408,'1Hu6gJtPDjJ3yP2kN78LcNR56Z3B8H9m12',89964,1,0.01407522,0.01457522,5447831,5992614,11354.67,2620.31,8734.37,0.0005,1,'2020-06-24 12:34:34',1,'2020-06-24 13:14:32','2cf85593c0434dfdd57b4fbfa14ca97b9059fc7ebc14a7731d1732926360622e',NULL,NULL,NULL,'nelly@nzinghaa.io'),(189,289,'tz1VgeM9Vbm8ywCA5rsHjtY2xCcBH8eWQghh',6994,3,3.89880000,4.09880000,1506,1656,882.70,203.70,679.00,0.2,3,'2020-06-24 16:31:41',2,'2020-06-25 12:10:49',NULL,NULL,NULL,NULL,NULL),(190,313,'tz1WMQQQndhWvuQftRnjCJ4b9iebTprLE3E7',4996,3,2.69310000,2.89310000,1524,1676,630.50,145.50,485.00,0.2,3,'2020-06-24 17:07:58',2,'2020-06-24 17:37:50',NULL,NULL,NULL,NULL,NULL),(191,313,'1Jw5rPwMEoGEyyBGynCZXo5LaNcMmECQXg',19982,1,0.00276218,0.00326219,5406304,5946934,2522.00,582.00,1940.00,0.0005,1,'2020-06-24 17:51:14',2,'2020-06-24 17:51:37',NULL,NULL,NULL,NULL,NULL),(192,289,'tz1VgeM9Vbm8ywCA5rsHjtY2xCcBH8eWQghh',7086,3,3.91170000,4.11170000,1521,1673,894.30,206.38,687.92,0.2,3,'2020-06-25 13:17:35',1,'2020-06-25 13:44:35','\"ooK5hYFPZJtr1YUX7PnUN8Fq3YCxDi1VjqeCkbLLr2LtwzyUUCN\"\n',NULL,NULL,NULL,'nelly@nzinghaa.io'),(193,428,'1PZK9ZRwb5Y8Hx7huZWTBcJ3ZmYm4j7UXZ',249775,1,0.04026299,0.04076299,5408203,5840859,23728.62,3746.62,19982.00,0.0005,1,'2020-06-25 14:45:59',1,'2020-06-25 14:48:18','81b8d53908c8567686c3326951407175830681b8d3e3cc658d5d6642da56a4c3',NULL,NULL,NULL,'nelly@nzinghaa.io'),(194,431,'1K8DfKdh6fEuF6Pjqi4Z1qUokvvazK7ZQR',132880,1,0.02127002,0.02177002,5387309,5926040,16771.30,3870.30,12901.00,0.0005,1,'2020-06-26 10:25:45',1,'2020-06-26 10:46:27','61f32bb1266c301467ccdd7a71fc5b01d702edd6de3c45b994ee9da0e047946d',NULL,NULL,NULL,'nelly@nzinghaa.io'),(195,408,'1Hu6gJtPDjJ3yP2kN78LcNR56Z3B8H9m12',60027,1,0.00941047,0.00991047,5345913,5880504,7576.21,1748.36,5827.86,0.0005,1,'2020-06-27 15:24:57',1,'2020-06-27 15:34:28','f7f6d531c3c311741191822904d91d322dfa0aeee38074100a584a554f13bef2',NULL,NULL,NULL,'nelly@nzinghaa.io'),(196,370,'1N6pKt5Ma5eqxutJojDS9jsn4pHompBnfC',134879,1,0.02212781,0.02262781,5261025,5787127,17023.50,3928.50,13095.00,0.0005,1,'2020-06-28 06:20:15',1,'2020-06-28 07:46:34','17c1d9678459762cf8a2bccc32615e6270eddb872706a6c7b49084bcbf846b55',NULL,NULL,NULL,'nelly@nzinghaa.io'),(197,421,'17oe7vJ1omwwvGDq8FYWeRKpKzqwFJZmWh',290738,1,0.04761535,0.04811535,5333206,5866526,36695.10,8468.10,28227.00,0.0005,1,'2020-06-28 17:26:09',1,'2020-06-28 17:29:40','bcef670860eb53d3a5c853ee3383fb8a254a7120594945a44a896b7a2205b197',NULL,NULL,NULL,'nelly@nzinghaa.io'),(198,401,'tz1bmARm6J4NtmbLfHUp3iMnFi89xHqHxQoT',9996,3,6.15640000,6.35640000,1388,1526,1261.65,291.15,970.50,0.2,3,'2020-06-29 01:04:35',1,'2020-06-29 02:07:32','\"ooK3ETjzs5wa3U1bFDFYQBEvAwVmwg2gTUUvCSF6fwU6QAtjsLa\"\n',NULL,NULL,NULL,'nelly@nzinghaa.io'),(199,388,'tz1eeZN56iW5AahGwhad3o9EEqZYk9YCu975',4996,3,2.98580000,3.18580000,1384,1522,630.50,145.50,485.00,0.2,3,'2020-06-29 09:38:54',1,'2020-06-29 10:15:23','\"ooxufKqHBLTL5Xdefe4M6nqaxHEp3FZH27AqqBe5at9HXcE7qg7\"\n',NULL,NULL,NULL,'nelly@nzinghaa.io'),(200,330,'tz1SpUQdTZ5guFWSdt1hduzJP9XA6bS4yTMm',4999,3,3.33050000,3.33050000,1382,1478,418.63,73.88,344.75,0,3,'2020-06-29 12:07:06',2,'2020-06-29 14:28:02',NULL,NULL,NULL,NULL,NULL),(201,408,'1Hu6gJtPDjJ3yP2kN78LcNR56Z3B8H9m12',49955,1,0.00774295,0.00824295,5348926,5883818,6305.00,1455.00,4850.00,0.0005,1,'2020-06-30 21:47:03',1,'2020-06-30 22:00:40','dadad7dba5553ec18776f983851af72fcf11607fa688ca6a0b4955af00c60ea9',NULL,NULL,NULL,'nelly@nzinghaa.io'),(202,421,'17oe7vJ1omwwvGDq8FYWeRKpKzqwFJZmWh',65941,1,0.01048168,0.01098168,5299736,5829709,8322.60,1920.60,6402.00,0.0005,1,'2020-07-02 18:18:37',1,'2020-07-02 20:43:28','3dc26d147afa9d9e689f68a4abdbf3eed2047c7ac7670b95591dd4f0e2160536',NULL,NULL,NULL,'nelly@nzinghaa.io'),(203,326,'1qHQfBH48N9UKsJccoVQXF2E6wuB1jxmW',19982,1,0.00282873,0.00332873,5298229,5828052,2522.00,582.00,1940.00,0.0005,1,'2020-07-03 20:47:57',2,'2020-07-03 21:39:35',NULL,NULL,NULL,NULL,NULL),(204,326,'1qHQfBH48N9UKsJccoVQXF2E6wuB1jxmW',19982,1,0.00282614,0.00332614,5302356,5832591,2522.00,582.00,1940.00,0.0005,1,'2020-07-03 21:47:14',1,'2020-07-04 02:15:27','94d78a28e0149ae19d9da43345e1999acdf0661b476c789bc0dd874212726fc5',NULL,NULL,NULL,'nelly@nzinghaa.io'),(205,408,'1Hu6gJtPDjJ3yP2kN78LcNR56Z3B8H9m12',85022,1,0.01360863,0.01410863,5318862,5850748,10730.98,2476.38,8254.60,0.0005,1,'2020-07-04 19:55:38',1,'2020-07-04 20:56:22','4011e3d73335717872e64441a7330e10a5560c05dc899ce85f78b4a4a54460c7',NULL,NULL,NULL,'nelly@nzinghaa.io'),(206,421,'17oe7vJ1omwwvGDq8FYWeRKpKzqwFJZmWh',177840,1,0.02866489,0.02916489,5381938,5920132,22445.80,5179.80,17266.00,0.0005,1,'2020-07-07 10:26:37',1,'2020-07-07 12:34:45','921ed4c6e1559ef4ecb84022eac47ccc70a20887aa968fd0f469d8d4fb7c1762',NULL,NULL,NULL,'nelly@nzinghaa.io'),(207,408,'1Hu6gJtPDjJ3yP2kN78LcNR56Z3B8H9m12',70014,1,0.01083926,0.01133926,5449665,5994631,8836.71,2039.24,6797.47,0.0005,1,'2020-07-08 16:52:55',1,'2020-07-08 16:58:12','81ca9de6b03f8c194340c867445417d88a7629ae579e556adad6ded1dda417be',NULL,NULL,NULL,'nelly@nzinghaa.io'),(208,421,'17oe7vJ1omwwvGDq8FYWeRKpKzqwFJZmWh',91917,1,0.01440564,0.01490564,5442722,5986994,11601.20,2677.20,8924.00,0.0005,1,'2020-07-09 09:02:25',1,'2020-07-09 09:38:35','b74147e7635483e5b16953522be7d235432a232ebf722bf7a34ced4dbba245c2',NULL,NULL,NULL,'nelly@nzinghaa.io'),(209,448,'1MQ3tP5C2wtiQS9iWt62oEEVydxrwyctFt',624438,1,0.10836451,0.10836451,5349920,5684290,414619.00,8189.00,334370.00,0,1,'2020-07-11 22:37:50',1,'2020-07-11 22:55:49','3697cd041e2644dc5556c532ec0b12006c23f520d44a6c6e110e8a98ba3a1bff',NULL,NULL,NULL,'nelly@nzinghaa.io'),(210,326,'tz1L2h7YuugrkmmHTG3Y6aeovTGWekYKxEhq',4996,3,2.55540000,2.57540000,1712,1883,630.50,145.50,485.00,0.02,3,'2020-07-14 19:27:28',1,'2020-07-14 19:42:48','\"op8VLCS9TgjZ2yexWZb7yn9FUapvKmV2vUhonjKiMUav3EDqbdG\"\n',NULL,NULL,NULL,'nelly@nzinghaa.io'),(211,334,'tz1RZqdJxusQTeqq72e6RanS3LicUiSDJG5i',9991,3,4.92690000,5.12690000,1720,1892,1261.00,291.00,970.00,0.2,3,'2020-07-15 05:17:46',2,'2020-07-15 05:39:56',NULL,NULL,NULL,NULL,NULL),(212,334,'tz1RZqdJxusQTeqq72e6RanS3LicUiSDJG5i',9991,3,4.99330000,5.19330000,1698,1867,1261.00,291.00,970.00,0.2,3,'2020-07-15 05:40:58',1,'2020-07-15 05:55:44','\"oogeww9vtNdXHESA52PLnACBjWzSjeWfZZj1kofmvFDAQJf5GXe\"\n',NULL,NULL,NULL,'fradithjeune'),(213,445,'17jN1KoiXXofko3KTd6Gh8x6EcxtRSb14u',999100,1,0.17600000,0.16855352,5231681,5754849,71935.00,13088.00,58847.00,0.00057,1,'2020-07-16 10:52:36',1,'2020-07-16 13:05:14','2df6ad656717e35c3773441485a6efa89cfca540b8fa6a11fd6f7f7be4e4b905',NULL,NULL,NULL,'nelly@nzinghaa.io'),(214,445,'17jN1KoiXXofko3KTd6Gh8x6EcxtRSb14u',999100,1,0.17540000,0.16820182,5284000,5614706,71935.00,13088.00,58847.00,0.00006808,1,'2020-07-17 09:49:11',1,'2020-07-17 10:00:05','16b48a59944549b88485ca91652aab36d3239dd941249a2a71bf4380507d5f46',NULL,NULL,NULL,'nelly@nzinghaa.io'),(215,303,'tz1TXg8H9HV6occvNdVVEUUHAZ3eagQKihjD',5090,3,2.15540000,2.35540000,1751,1926,585.36,137.90,447.46,0.2,3,'2020-07-25 09:51:21',1,'2020-07-25 10:32:55','\"ooizqUsdaDzuaS2HJmLas9iYSGCgfuUxdssSHpUa7RyeWf2suSH\"\n',NULL,NULL,NULL,'nelly@nzinghaa.io'),(216,257,'tz1hhva1aim2hZFsQzQDX3TVzSqZep7QcwqQ',19982,3,9.87220000,10.07220000,1751,1926,2522.00,582.00,1940.00,0.2,3,'2020-07-28 12:59:05',1,'2020-07-28 13:28:07','\"opX4Q98ZLDkWvJfy9PcrbFMCU5brSZ3mjrtmwP31YVGpXcXkm4p\"\n',NULL,NULL,NULL,'nelly@nzinghaa.io'),(217,313,'1AYHxck7VQd3FMksGxcRF4ontu5y2kL3oE',5000,3,2.65653890,3.22788896,1549,1704,576.00,121.00,455.00,0.2,4,'2020-07-30 05:54:16',2,'2020-07-30 05:54:58',NULL,NULL,NULL,NULL,NULL),(218,326,'1qHQfBH48N9UKsJccoVQXF2E6wuB1jxmW',5000,3,2.65285542,3.22372663,1551,1707,576.00,121.00,455.00,0.2,4,'2020-07-30 06:39:38',2,'2020-07-31 19:43:35',NULL,NULL,NULL,NULL,NULL),(219,479,'1FTp33rMwffux2Vz8x44EfRf745czr8bSG',381134156,1,55.05202041,60.14991398,6336404,6828109,32301871.00,99999.99,27446187.00,0.00007,4,'2020-07-31 21:25:30',2,'2020-07-31 21:30:49',NULL,NULL,NULL,NULL,NULL),(220,330,'16rsZmSRfz64T9uzP6vCxdUTWgMc6p5wX3',44247,1,0.00546381,0.00681820,6489543,7138498,5091.00,1068.00,4023.00,0.00057,4,'2020-08-01 07:52:00',2,'2020-08-01 07:54:21',NULL,NULL,NULL,NULL,NULL),(221,330,'16rsZmSRfz64T9uzP6vCxdUTWgMc6p5wX3',44248,1,0.00521780,0.00654022,6765526,7442079,5091.00,1068.00,4023.00,0.00057,4,'2020-08-01 12:03:47',2,'2020-08-01 14:11:26',NULL,NULL,NULL,NULL,NULL),(222,330,'16rsZmSRfz64T9uzP6vCxdUTWgMc6p5wX3',44248,1,0.00521892,0.00654156,6764134,7440548,5091.00,1068.00,4023.00,0.00057,4,'2020-08-01 12:53:31',2,'2020-08-01 14:09:54',NULL,NULL,NULL,NULL,NULL),(223,330,'16rsZmSRfz64T9uzP6vCxdUTWgMc6p5wX3',50000,1,0.00601734,0.00744382,6716980,7388679,5753.00,1207.00,4546.00,0.00057,4,'2020-08-01 13:15:43',2,'2020-08-01 14:10:47',NULL,NULL,NULL,NULL,NULL),(224,330,'16rsZmSRfz64T9uzP6vCxdUTWgMc6p5wX3',225000,1,0.03188838,0.03491786,6443693,6943724,19070.00,2867.00,16203.00,0.00007,4,'2020-08-01 13:57:51',2,'2020-08-01 14:09:23',NULL,NULL,NULL,NULL,NULL),(225,330,'Hello world!',623000,1,0.08852440,0.09546959,6525638,6934143,44865.00,8162.00,36703.00,0.00007,4,'2020-08-02 10:39:31',2,'2020-08-02 12:49:42',NULL,NULL,NULL,NULL,NULL),(226,330,'16rsZmSRfz64T9uzP6vCxdUTWgMc6p5wX3',623000,1,0.08948353,0.09650315,6455748,6859878,44865.00,8162.00,36703.00,0.00007,4,'2020-08-02 12:06:27',2,'2020-08-02 12:49:15',NULL,NULL,NULL,NULL,NULL),(227,330,'16rsZmSRfz64T9uzP6vCxdUTWgMc6p5wX3',623000,1,0.08924681,0.09624806,6472858,6878059,44865.00,8162.00,36703.00,0.00007,4,'2020-08-02 12:16:07',2,'2020-08-02 12:48:30',NULL,NULL,NULL,NULL,NULL),(228,330,'16rsZmSRfz64T9uzP6vCxdUTWgMc6p5wX3',623000,1,0.08952780,0.09655086,6452558,6856489,44865.00,8162.00,36703.00,0.00007,4,'2020-08-02 12:35:58',2,'2020-08-02 12:47:17',NULL,NULL,NULL,NULL,NULL),(229,479,'1FTp33rMwffux2Vz8x44EfRf745czr8bSG',685300,1,0.09871600,0.10596876,6467000,6871835,49351.00,8978.00,40373.00,0.00007,4,'2020-07-31 21:30:47',1,'2020-08-02 21:14:36','6261fbac7a3eb28bd8fa9d5705fcef02804570b2bd71b40baa87ae1026676f6f',NULL,NULL,NULL,'nelly@nzinghaa.io'),(230,330,'Hello world!',623000,3,99.99999999,99.99999999,1840,1956,44865.00,8162.00,36703.00,0.00007,4,'2020-08-04 13:41:16',2,'2020-08-04 14:08:16',NULL,NULL,NULL,NULL,NULL),(231,330,'Hello world!',200000,3,98.62188721,99.99999999,1791,1971,23010.00,4828.00,18182.00,0.2,4,'2020-08-04 14:06:10',2,'2020-08-04 14:08:00',NULL,NULL,NULL,NULL,NULL),(232,330,'Hello world!',200000,1,0.02860311,0.03089825,6472858,6878059,14403.00,2620.00,11783.00,0.00007,4,'2020-08-04 14:09:11',2,'2020-08-04 14:09:57',NULL,NULL,NULL,NULL,NULL),(233,481,'12t6B1eQoaBWtpovjybsXvwLjJBu2eGRUh',200000,1,0.02862857,0.03092569,6467116,6871958,14403.00,2620.00,11783.00,0.00007,4,'2020-08-04 14:35:51',2,'2020-08-04 14:39:21',NULL,NULL,NULL,NULL,NULL),(234,481,'12t6B1eQoaBWtpovjybsXvwLjJBu2eGRUh',50000,1,0.00652960,0.00802269,6232325,6855558,5753.00,1207.00,4546.00,0.00057,4,'2020-08-04 14:36:30',2,'2020-08-04 14:40:04',NULL,NULL,NULL,NULL,NULL),(235,481,'12t6B1eQoaBWtpovjybsXvwLjJBu2eGRUh',50000,3,24.47763525,27.88622421,1793,1973,5753.00,1207.00,4546.00,0.2,4,'2020-08-04 14:36:50',2,'2020-08-04 14:40:36',NULL,NULL,NULL,NULL,NULL),(236,481,'12t6B1eQoaBWtpovjybsXvwLjJBu2eGRUh',200000,3,98.51165644,99.99999999,1793,1973,23010.00,4828.00,18182.00,0.2,4,'2020-08-04 14:37:20',2,'2020-08-04 14:39:47',NULL,NULL,NULL,NULL,NULL),(237,330,'16rsZmSRfz64T9uzP6vCxdUTWgMc6p5wX3',5000,3,2.25777778,2.77777778,1800,1981,576.00,121.00,455.00,0.2,4,'2020-08-04 14:43:28',2,'2020-08-04 15:11:16',NULL,NULL,NULL,NULL,NULL),(238,253,'1EDodFHxxjrgLVLjTicKLywPGxPauLciqR',10000,3,4.59651356,5.53403431,1807,1988,1152.00,242.00,910.00,0.3,4,'2020-08-04 17:55:00',2,'2020-08-04 17:55:41',NULL,NULL,NULL,NULL,NULL),(239,330,'16rsZmSRfz64T9uzP6vCxdUTWgMc6p5wX3',20000,1,0.00217528,0.00310236,6446706,7091377,2302.00,483.00,1819.00,0.00057,4,'2020-08-05 17:09:46',2,'2020-08-05 17:49:16',NULL,NULL,NULL,NULL,NULL),(240,330,'16rsZmSRfz64T9uzP6vCxdUTWgMc6p5wX3',5000,3,2.21220897,2.83929585,1761,1938,576.00,121.00,455.00,0.3,4,'2020-08-05 17:22:12',2,'2020-08-05 17:49:00',NULL,NULL,NULL,NULL,NULL),(241,330,'16rsZmSRfz64T9uzP6vCxdUTWgMc6p5wX3',20000,1,0.00217813,0.00310558,6440025,7084028,2302.00,483.00,1819.00,0.00057,4,'2020-08-05 17:26:47',2,'2020-08-05 17:48:49',NULL,NULL,NULL,NULL,NULL),(242,330,'Hello world!',200000,1,0.02745156,0.02956113,6765642,7165492,13799.00,2638.00,11161.00,0.00007,4,'2020-08-05 17:28:47',2,'2020-08-05 17:47:00',NULL,NULL,NULL,NULL,NULL),(243,330,'16rsZmSRfz64T9uzP6vCxdUTWgMc6p5wX3',200000,1,0.02745156,0.02956113,6765642,7165492,13799.00,2638.00,11161.00,0.00007,4,'2020-08-05 17:29:29',2,'2020-08-05 17:46:45',NULL,NULL,NULL,NULL,NULL),(244,512,'17Em7fLvjBdkeQM49nYKMLWuWVMVQuZsPj',200000,1,0.02726828,0.02936427,6810998,7213528,13799.00,2638.00,11161.00,0.00007,4,'2020-08-05 21:30:56',2,'2020-08-05 21:31:33',NULL,NULL,NULL,NULL,NULL),(245,512,'17Em7fLvjBdkeQM49nYKMLWuWVMVQuZsPj',200000,1,0.02718034,0.02926981,6832980,7236810,13799.00,2638.00,11161.00,0.00007,4,'2020-08-05 21:36:59',1,'2020-08-05 21:43:36','bf87ee10dec26ca8db619f9da76462286b997990600969126b643732c94daeca',NULL,NULL,NULL,'nelly@nzinghaa.io'),(246,515,'null',5000,3,2.12278204,2.73822563,1826,2009,576.00,121.00,455.00,0.3,4,'2020-08-08 16:55:41',2,'2020-08-08 17:07:39',NULL,NULL,NULL,NULL,NULL),(247,515,'tz1VNZ4WKBi1yrCLYYyy6kapJsFJZeVgj9YN',5000,3,2.13210555,2.74876306,1819,2001,576.00,121.00,455.00,0.3,4,'2020-08-08 17:29:29',1,'2020-08-09 21:01:30','\"oo2YihWtibQpoPBX2Tme6nxw6SVH9wEjQ25n1RW6x937AgS3uYq\"\n',NULL,NULL,NULL,'nelly@nzinghaa.io'),(248,334,'1Df5ZgqGLfMUzyGwU9B9mfdH9YHE3EQKVZ',5000,3,2.12676906,2.74273176,1823,2006,576.00,121.00,455.00,0.3,4,'2020-08-08 17:50:32',2,'2020-08-08 17:51:11',NULL,NULL,NULL,NULL,NULL),(249,481,'12t6B1eQoaBWtpovjybsXvwLjJBu2eGRUh',5000,3,1.98276574,2.57997936,1938,2132,576.00,121.00,455.00,0.3,4,'2020-08-09 10:25:38',2,'2020-08-09 10:27:12',NULL,NULL,NULL,NULL,NULL),(250,253,'1EDodFHxxjrgLVLjTicKLywPGxPauLciqR',5000,3,1.98394424,2.58131131,1937,2131,576.00,121.00,455.00,0.3,4,'2020-08-09 12:27:47',2,'2020-08-09 12:28:19',NULL,NULL,NULL,NULL,NULL),(251,303,'1E1Ss5oCe53tximYccnEHZ1pmtejAUw7q',20000,3,8.75268542,10.23017903,1955,2151,2302.00,483.00,1819.00,0.3,4,'2020-08-09 16:13:45',2,'2020-08-09 16:14:40',NULL,NULL,NULL,NULL,NULL),(252,303,'1E1Ss5oCe53tximYccnEHZ1pmtejAUw7q',20000,1,0.00216757,0.00309365,6464850,7111336,2302.00,483.00,1819.00,0.00057,4,'2020-08-09 16:16:58',2,'2020-08-09 16:18:46',NULL,NULL,NULL,NULL,NULL),(253,303,'1E1Ss5oCe53tximYccnEHZ1pmtejAUw7q',20000,3,8.62036290,10.08064516,1984,2183,2302.00,483.00,1819.00,0.3,4,'2020-08-09 16:26:35',2,'2020-08-09 16:27:26',NULL,NULL,NULL,NULL,NULL),(254,253,'1EDodFHxxjrgLVLjTicKLywPGxPauLciqR',5000,3,1.90099502,2.48756219,2010,2211,576.00,121.00,455.00,0.3,4,'2020-08-09 16:34:47',2,'2020-08-09 16:40:43',NULL,NULL,NULL,NULL,NULL),(255,519,'1B3H4KegYREDncnheReCe2RDUxiQtR2GVk',5000,3,1.82999519,2.40731825,2077,2285,576.00,121.00,455.00,0.3,4,'2020-08-09 18:11:55',2,'2020-08-09 18:16:56',NULL,NULL,NULL,NULL,NULL),(256,519,'1B3H4KegYREDncnheReCe2RDUxiQtR2GVk',20000,1,0.00217975,0.00310741,6436226,7079849,2302.00,483.00,1819.00,0.00057,4,'2020-08-09 18:13:20',2,'2020-08-09 18:16:41',NULL,NULL,NULL,NULL,NULL),(257,519,'tz1WoetQd5RS6jCAxCYsJFgsTyCxyMPHr2Tj',5000,3,1.86121153,2.44259893,2047,2252,576.00,121.00,455.00,0.3,4,'2020-08-09 18:39:13',2,'2020-08-09 19:08:22',NULL,NULL,NULL,NULL,NULL),(258,519,'tz1WoetQd5RS6jCAxCYsJFgsTyCxyMPHr2Tj',20000,1,0.00217732,0.00310466,6441925,7086118,2302.00,483.00,1819.00,0.00057,4,'2020-08-09 18:40:03',2,'2020-08-09 19:07:54',NULL,NULL,NULL,NULL,NULL),(259,519,'tz1WoetQd5RS6jCAxCYsJFgsTyCxyMPHr2Tj',5000,3,1.88901534,2.47402276,2021,2224,576.00,121.00,455.00,0.3,4,'2020-08-09 18:51:05',2,'2020-08-09 19:07:39',NULL,NULL,NULL,NULL,NULL),(260,519,'1B3H4KegYREDncnheReCe2RDUxiQtR2GVk',20000,1,0.00216760,0.00309368,6464784,7111263,2302.00,483.00,1819.00,0.00057,4,'2020-08-09 18:51:27',2,'2020-08-09 19:06:52',NULL,NULL,NULL,NULL,NULL),(261,519,'tz1WoetQd5RS6jCAxCYsJFgsTyCxyMPHr2Tj',5000,3,1.83616610,2.41429261,2071,2279,576.00,121.00,455.00,0.3,4,'2020-08-09 19:09:13',2,'2020-08-09 19:21:10',NULL,NULL,NULL,NULL,NULL),(262,519,'1B3H4KegYREDncnheReCe2RDUxiQtR2GVk',20000,1,0.00216206,0.00308743,6477884,7125673,2302.00,483.00,1819.00,0.00057,4,'2020-08-09 19:10:28',2,'2020-08-09 19:20:49',NULL,NULL,NULL,NULL,NULL),(263,520,'tz1V1N9kUzGkPE7ZwBb3fiZZ6w9cuardLMZT',5000,3,1.84237288,2.42130751,2065,2272,576.00,121.00,455.00,0.3,4,'2020-08-09 19:49:58',2,'2020-08-09 19:51:43',NULL,NULL,NULL,NULL,NULL),(264,520,'1LKScNB9jHqdV9frRV3iAWu2xhCYgQQDqP',20000,1,0.00216265,0.00308808,6476508,7124159,2302.00,483.00,1819.00,0.00057,4,'2020-08-09 19:52:31',2,'2020-08-09 19:53:09',NULL,NULL,NULL,NULL,NULL),(265,326,'tz1L2h7YuugrkmmHTG3Y6aeovTGWekYKxEhq',5000,3,1.81775969,2.39348971,2089,2298,576.00,121.00,455.00,0.3,4,'2020-08-09 21:29:10',2,'2020-08-09 22:38:04',NULL,NULL,NULL,NULL,NULL),(266,326,'1qHQfBH48N9UKsJccoVQXF2E6wuB1jxmW',20000,1,0.00216137,0.00308665,6479522,7127475,2302.00,483.00,1819.00,0.00057,4,'2020-08-09 21:59:36',2,'2020-08-09 22:37:48',NULL,NULL,NULL,NULL,NULL),(267,520,'1LKScNB9jHqdV9frRV3iAWu2xhCYgQQDqP',20000,1,0.00208478,0.00300009,6666458,7333104,2302.00,483.00,1819.00,0.00057,4,'2020-08-10 06:06:29',2,'2020-08-10 06:07:06',NULL,NULL,NULL,NULL,NULL),(268,471,'1MNbS19YM2SNj61dhtfRaKcnyL1YmnZhcL',20000,1,0.00213158,0.00305298,6550982,7206081,2302.00,483.00,1819.00,0.00057,4,'2020-08-11 09:25:37',1,'2020-08-11 10:06:21','e52fc383cbcbd3be62f924f482152c70be168c1ee957974710bf4be2a1b8fb0e',NULL,NULL,NULL,'nelly@nzinghaa.io'),(269,512,'17Em7fLvjBdkeQM49nYKMLWuWVMVQuZsPj',1000000,1,0.13908230,0.14946365,6690590,7086004,68989.00,13186.00,55803.00,0.00007,4,'2020-08-12 17:17:05',1,'2020-08-12 17:34:21','b831ef4f919289c09f89e81fd4e6cbabb8d09e8acc8ad3d6aaeba2682c408626',NULL,NULL,NULL,'nelly@nzinghaa.io'),(270,511,'tz1TjXtnHRo91KFSJgvzu7wwfJbt432dPiTk',150000,3,55.35702306,62.89308176,2385,2624,17258.00,3621.00,13637.00,0.3,4,'2020-08-12 21:02:56',1,'2020-08-12 21:13:14','\"opPw6LhaEeWCgVY4SQUVav5Zi4ZiTp33tAH7dXQijBL7MZTF5mK\"\n',NULL,NULL,NULL,'jamal'),(271,504,'1QYZv7HxZQhdEHkTVnHyBzAh8J46NnM78',620000,1,0.08000000,0.09066366,6838462,7522309,71328.00,14964.00,56364.00,0.00057,4,'2020-08-17 16:30:43',1,'2020-08-17 16:42:09','a47e672283e23199820c55939daa2559a1f01fd0b8667e2abb8e222cc1a26019',NULL,NULL,NULL,'nelly@nzinghaa.io'),(272,253,'1EDodFHxxjrgLVLjTicKLywPGxPauLciqR',10000,3,3.59779736,4.40528634,2270,2497,1152.00,242.00,910.00,0.3,4,'2020-08-17 19:40:18',2,'2020-08-17 19:41:03',NULL,NULL,NULL,NULL,NULL),(273,463,'tz1LRqbi2XuAMzoUurvLFcDd1GMzgsKAh5L3',5000,3,1.67323818,2.23015165,2242,2467,576.00,121.00,455.00,0.3,4,'2020-08-18 09:47:34',1,'2020-08-18 11:37:14','\"opPY9pG6SBc8ba4nvApmBUGzT1ixf6TdXGY7yFo9r8rDFa2KJ8T\"\n',NULL,NULL,NULL,'fradithjeune'),(274,326,'tz1L2h7YuugrkmmHTG3Y6aeovTGWekYKxEhq',10000,3,3.80009268,4.63392030,2158,2374,1152.00,242.00,910.00,0.3,4,'2020-08-19 14:36:38',2,'2020-08-19 21:06:03',NULL,NULL,NULL,NULL,NULL),(275,535,'tz1MdhtbwheA6y6LMar4w6QSiwu845ru7K5D',5100,3,1.99618321,2.59541985,1965,2162,588.00,124.00,464.00,0.3,4,'2020-08-19 20:24:02',1,'2020-08-19 20:28:57','\"ooPPki3yP8ftmhba6bzeXPMLHqNShAgxXHd9UY3uCwZ2JGJKYRe\"\n',NULL,NULL,NULL,'jamal'),(276,471,'tz1fGVqjnHhMMLEaR6Axcd3TQugt7uiSe4m3',5000,3,1.89009901,2.47524752,2020,2222,576.00,121.00,455.00,0.3,4,'2020-08-20 02:44:22',1,'2020-08-20 04:21:23','\"oohRTxFKJRRuNsxU7oenatALekVDbry7BSNj8CwN4DzKC8aShus\"\n',NULL,NULL,NULL,'fradithjeune'),(277,504,'1QYZv7HxZQhdEHkTVnHyBzAh8J46NnM78',1250000,1,0.16915549,0.18176525,6877002,7283433,86236.00,16483.00,69753.00,0.00007,4,'2020-08-20 18:20:50',1,'2020-08-20 18:28:42','791e681fa049c356f9644f54b2937b2869e638b9b39053c56fd452e70812f523',NULL,NULL,NULL,'nelly@nzinghaa.io'),(278,515,'tz1VNZ4WKBi1yrCLYYyy6kapJsFJZeVgj9YN',20000,3,8.30379193,9.72289742,2057,2263,2302.00,483.00,1819.00,0.3,4,'2020-08-21 10:52:06',1,'2020-08-22 07:33:48','\"oo2aui7tzWv6rrkAUXSniFvt4u5Dpan5bbSmikSSdy8BZJVyRkK\"\n',NULL,NULL,NULL,'fradithjeune'),(279,519,'1B3H4KegYREDncnheReCe2RDUxiQtR2GVk',20000,1,0.00216741,0.00309346,6465243,7111768,2302.00,483.00,1819.00,0.00057,4,'2020-08-22 08:38:44',2,'2020-08-22 12:06:31',NULL,NULL,NULL,NULL,NULL),(280,519,'tz1TXB2T6n1dHjcb41zShFSZr6uerDjpFHM1',5000,3,1.97923751,2.57599176,1941,2136,576.00,121.00,455.00,0.3,4,'2020-08-22 08:39:00',2,'2020-08-22 12:06:19',NULL,NULL,NULL,NULL,NULL),(281,504,'1QYZv7HxZQhdEHkTVnHyBzAh8J46NnM78',1246000,1,0.17242111,0.18527286,6725216,7122677,85960.00,16430.00,69530.00,0.00007,4,'2020-08-23 13:53:21',1,'2020-08-23 14:07:13','0be6e552cd465f98a5946e152cc0736be2bffe016287309d8f94fc6af4a5d2c2',NULL,NULL,NULL,'nelly@nzinghaa.io'),(282,515,'null',25000,1,0.00293253,0.00395802,6316296,6947926,2877.00,604.00,2273.00,0.00057,4,'2020-08-26 12:45:25',2,'2020-08-26 14:26:19',NULL,NULL,NULL,NULL,NULL),(283,519,'tz1TXB2T6n1dHjcb41zShFSZr6uerDjpFHM1',5000,3,2.11484716,2.72925764,1832,2016,576.00,121.00,455.00,0.3,4,'2020-08-27 10:52:59',2,'2020-08-27 14:10:49',NULL,NULL,NULL,NULL,NULL),(284,515,'tz1VNZ4WKBi1yrCLYYyy6kapJsFJZeVgj9YN',25000,3,11.99738744,13.89660923,1799,1979,2877.00,604.00,2273.00,0.3,4,'2020-08-28 20:48:30',1,'2020-08-28 20:53:21','\"ooggQakUYAk3bhV1qr5L2Wm15WiCiyDaBLnHV8wnM9W1TMZLfFj\"\n',NULL,NULL,NULL,'fradithjeune'),(285,564,'1NszmgfBnHZhhqnWXTQUR3dh9XSYQPJQ2F',312500,1,0.04365832,0.04696879,6653354,7046568,21560.00,4121.00,17439.00,0.00007,4,'2020-08-29 13:20:44',2,'2020-08-29 13:26:59',NULL,NULL,NULL,NULL,NULL),(286,564,'1NszmgfBnHZhhqnWXTQUR3dh9XSYQPJQ2F',317730,1,0.04439207,0.04775694,6653064,7046261,21921.00,4190.00,17731.00,0.00007,4,'2020-08-29 13:28:20',1,'2020-08-29 13:29:53','37ba0b323bbde620d89eb1901f338edaed99ae3b3778a5f03ae607b36ca5f93e',NULL,NULL,NULL,'fradithjeune'),(287,519,'1B3H4KegYREDncnheReCe2RDUxiQtR2GVk',20000,1,0.00218303,0.00311112,6428563,7071420,2302.00,483.00,1819.00,0.00057,4,'2020-08-31 12:18:49',2,'2020-08-31 12:32:04',NULL,NULL,NULL,NULL,NULL),(288,326,'1qHQfBH48N9UKsJccoVQXF2E6wuB1jxmW',20000,1,0.00216832,0.00309450,6463081,7109390,2302.00,483.00,1819.00,0.00057,4,'2020-08-31 13:01:02',2,'2020-08-31 14:04:52',NULL,NULL,NULL,NULL,NULL),(289,519,'tz1WMQQQndhWvuQftRnjCJ4b9iebTprLE3E7',5000,3,2.33647199,2.97973778,1678,1846,576.00,121.00,455.00,0.3,4,'2020-09-03 08:38:23',2,'2020-09-03 09:33:07',NULL,NULL,NULL,NULL,NULL),(290,519,'tz1TXB2T6n1dHjcb41zShFSZr6uerDjpFHM1',5000,3,2.33647199,2.97973778,1678,1846,576.00,121.00,455.00,0.3,4,'2020-09-03 08:39:04',2,'2020-09-03 09:32:49',NULL,NULL,NULL,NULL,NULL),(291,568,'1GLSugReupNq3xP7Qbhq5yypYjY5S3cx1s',45000,1,0.00614582,0.00758907,5929583,6522542,5178.00,1087.00,4091.00,0.00057,4,'2020-09-03 18:39:12',2,'2020-09-03 21:26:17',NULL,NULL,NULL,NULL,NULL),(292,334,'17MyGUkmfNJheWtAjNT5WjCD5nMthkX851',20000,1,0.00248457,0.00345189,5793933,6373327,2302.00,483.00,1819.00,0.00057,4,'2020-09-04 17:45:58',2,'2020-09-04 17:49:42',NULL,NULL,NULL,NULL,NULL),(293,334,'tz1Rgj2vLYa4siBoTTMxCDQsqZ8WF1cakmkb',5000,3,2.67511769,3.36247478,1487,1636,576.00,121.00,455.00,0.3,4,'2020-09-04 19:41:00',2,'2020-09-04 19:41:42',NULL,NULL,NULL,NULL,NULL),(294,504,'1QYZv7HxZQhdEHkTVnHyBzAh8J46NnM78',1250000,1,0.19902207,0.21384497,5845356,6190817,86236.00,16483.00,69753.00,0.00007,4,'2020-09-05 18:37:04',1,'2020-09-05 20:50:00',NULL,NULL,NULL,NULL,'fradithjeune'),(295,330,'tz1SpUQdTZ5guFWSdt1hduzJP9XA6bS4yTMm',10000,3,6.14428259,7.28332119,1373,1511,1152.00,242.00,910.00,0.3,4,'2020-09-07 15:55:25',1,'2020-09-07 16:04:04','\"ooaEk1ZVeCbsNTWTNdnv1SkDzXHZysbkGGYyX9ozZqNGZDf9CGV\"\n',NULL,NULL,NULL,'nelly@nzinghaa.io'),(296,360,'tz1dcp8YojSfm2Wc5pBbMkrYkwsubaaGD6Mb',11000,3,6.61826581,7.81805259,1407,1548,1266.00,266.00,1000.00,0.3,4,'2020-09-08 01:39:36',1,'2020-09-08 09:37:30','\"ooDcvdx1TM1kZ4UUt1jVAZEVgCSQft64NcVCj46vmipMoTLP3jn\"\n',NULL,NULL,NULL,'fradithjeune'),(297,512,'1KGBuJPR1n28F8DC3DLika1km7veEBo6Rg',32700,1,0.00460078,0.00584319,5596254,6155880,3763.00,790.00,2973.00,0.00057,4,'2020-09-08 10:18:20',2,'2020-09-08 10:20:33',NULL,NULL,NULL,NULL,NULL),(298,512,'1KGBuJPR1n28F8DC3DLika1km7veEBo6Rg',34700,1,0.00490924,0.00619174,5604245,6164670,3993.00,838.00,3155.00,0.00057,4,'2020-09-08 10:23:00',1,'2020-09-08 10:23:00','1ddaca7ef69cd62e223dc7d5fb4bf818197ca3fdd7ac83a6822cd8e910a88bb4',NULL,NULL,NULL,'fradithjeune'),(299,504,'1QYZv7HxZQhdEHkTVnHyBzAh8J46NnM78',375000,1,0.05933457,0.06380655,5877140,6224479,25871.00,4945.00,20926.00,0.00007,4,'2020-09-08 15:25:54',1,'2020-09-08 15:25:54','baecdf578c4b68e626cf3c1074c72b403f6b4f129210adcba146cbab298f1ee1',NULL,NULL,NULL,'fradithjeune'),(300,504,'1QYZv7HxZQhdEHkTVnHyBzAh8J46NnM78',625000,1,0.09849689,0.10590320,5901616,6250402,43119.00,8242.00,34877.00,0.0001,4,'2020-09-09 10:15:15',1,'2020-09-09 10:15:15','332f3501038c2fe8a10cb297dbcd1afe5f90c042600fa91d35f1b0f6d6c8e986',NULL,NULL,NULL,'fradithjeune'),(301,564,'31yoq9HXpET4qjnEBLNaot741XYdSxpYmd',1250000,1,0.19743580,0.21217339,5891408,6239591,86236.00,16483.00,69753.00,0.0001,4,'2020-09-09 10:42:53',1,'2020-09-09 10:42:53','f3fbe5588749b71e25fdb99968fe44e97c64dcf536c47721c52bcf13a947da1f',NULL,NULL,NULL,'fradithjeune'),(302,253,'tz1RZqdJxusQTeqq72e6RanS3LicUiSDJG5i',10371,3,6.20389794,7.35010631,1411,1553,1194.00,251.00,943.00,0.3,4,'2020-09-09 13:33:15',1,'2020-09-09 13:34:41','\"oohqMW5ei1KTympPF3DpJodRJwy2yhum7s1Jx7xwgHp814n1kgE\"\n',NULL,NULL,NULL,'fradithjeune'),(303,594,'1JxXWZD7v9H9gDuKq4CXWStf13iZB5Rdn1',48450,1,0.00694536,0.00849257,5704984,6275483,5575.00,1170.00,4405.00,0.00057,4,'2020-09-10 09:07:29',1,'2020-09-10 09:07:29','6b848061c1f4f5c065bb306818e6b356ac1abbaff4340202b5ed0f55fc8c5e37',NULL,NULL,NULL,'fradithjeune'),(304,512,'1KGBuJPR1n28F8DC3DLika1km7veEBo6Rg',21500,1,0.00276494,0.00376859,5705050,6275556,2474.00,519.00,1955.00,0.00057,4,'2020-09-10 11:11:08',1,'2020-09-10 11:11:08','58f2fd84bbfdde864f92aa422fbc045b11b78b76d131ac6de3caadaf32df663c',NULL,NULL,NULL,'fradithjeune'),(305,568,'1GLSugReupNq3xP7Qbhq5yypYjY5S3cx1s',45000,1,0.00639965,0.00787590,5713630,6284994,5178.00,1087.00,4091.00,0.00057,4,'2020-09-10 19:45:24',2,'2020-09-10 20:07:54',NULL,NULL,NULL,NULL,NULL),(306,515,'tz1VNZ4WKBi1yrCLYYyy6kapJsFJZeVgj9YN',20000,3,12.37765043,14.32664756,1396,1536,2302.00,483.00,1819.00,0.3,4,'2020-09-11 07:28:13',1,'2020-09-11 07:29:41','\"opJgiPWSA9to2msthZnenQfWZ3rE3pBdF9Hmth1X6NPv1iMS5FK\"\n',NULL,NULL,NULL,'fradithjeune'),(307,511,'tz1TjXtnHRo91KFSJgvzu7wwfJbt432dPiTk',80014,3,50.27714286,57.15285714,1400,1541,9206.00,1932.00,7274.00,0.3,4,'2020-09-11 21:32:14',1,'2020-09-11 21:56:12','\"onvk2NdJLd2ZTabJNeqi8pYb4cYmvuiPqPHK3ADYXJi8jSZ9BF6\"\n',NULL,NULL,NULL,'jamal'),(308,504,'1QYZv7HxZQhdEHkTVnHyBzAh8J46NnM78',312500,1,0.04768523,0.05132634,6088492,6448322,21560.00,4121.00,17439.00,0.0001,4,'2020-09-14 12:08:27',1,'2020-09-14 12:08:27','80bd1ee546dc0b862d9f9210ed5083ee7b28cc0ccb50330072d486a969b01a36',NULL,NULL,NULL,'fradithjeune'),(309,313,'tz1PhpWz6HMhuNNqc22PEyuue44LfTYkpN8H',14800,3,11.77004608,13.64055300,1085,1194,1704.00,358.00,1346.00,0.3,4,'2020-09-21 17:20:39',2,'2020-09-22 12:01:44',NULL,NULL,NULL,NULL,NULL),(310,471,'1MNbS19YM2SNj61dhtfRaKcnyL1YmnZhcL',20000,1,0.00246226,0.00342667,5836573,6420231,2302.00,483.00,1819.00,0.00057,4,'2020-09-22 10:38:46',0,NULL,NULL,NULL,NULL,NULL,NULL),(311,257,'tz1hhva1aim2hZFsQzQDX3TVzSqZep7QcwqQ',25000,3,18.19749164,20.90301003,1196,1316,2877.00,604.00,2273.00,0.3,4,'2020-09-23 03:22:01',1,'2020-09-23 09:28:50','\"oosy51GRXn2jUn1CDzZVMG1fKcQ8Rt2ZgHL7BoxB1RmjSmNtCMj\"\n',NULL,NULL,NULL,'nelly@nzinghaa.io'),(312,257,'1BgHSTtu44KyxFNYFM8mu2bzU9E8Qz16wg',25000,1,0.00320284,0.00426348,5863756,6450132,2877.00,604.00,2273.00,0.00057,4,'2020-09-23 08:44:44',1,'2020-09-23 08:44:44','88bf9039708d4ce97f16cba14640ec504dc42d06b1d8561c6b52c494e05b7aef',NULL,NULL,NULL,'fradithjeune'),(313,511,'3Dh1rbxSvHfK6JgC9T7yGyfzVRV9ZB1RbZ',350000,1,0.05351654,0.05758973,6077472,6436651,24147.00,4616.00,19531.00,0.0001,4,'2020-09-23 17:38:34',1,'2020-09-23 17:38:34','e58e370a19628dc2ec722bda58ed9888bfdbe73d63f2cf7a47ba7abf4c74475c',NULL,NULL,NULL,'fradithjeune');
/*!40000 ALTER TABLE `buy` ENABLE KEYS */;
UNLOCK TABLES;

--
-- Table structure for table `buyorder`
--

DROP TABLE IF EXISTS `buyorder`;
/*!40101 SET @saved_cs_client     = @@character_set_client */;
/*!50503 SET character_set_client = utf8mb4 */;
CREATE TABLE `buyorder` (
  `transaction_id` int(11) NOT NULL,
  `txid` text NOT NULL,
  `state` int(11) NOT NULL,
  `amount` int(11) NOT NULL,
  `date_transaction` datetime NOT NULL DEFAULT CURRENT_TIMESTAMP,
  `refid` varchar(50) CHARACTER SET utf8mb4  DEFAULT NULL,
  `delivrairy_state` int(11) DEFAULT NULL,
  PRIMARY KEY (`transaction_id`)
) ENGINE=InnoDB DEFAULT CHARSET=utf8mb4 ;
/*!40101 SET character_set_client = @saved_cs_client */;

--
-- Dumping data for table `buyorder`
--

LOCK TABLES `buyorder` WRITE;
/*!40000 ALTER TABLE `buyorder` DISABLE KEYS */;
INSERT INTO `buyorder` VALUES (40,'O5XZGP-V5CTU-H45JFC',0,1,'2020-03-11 18:02:30','BMB6XBR-VGWD4W-FQDENI',1),(41,'ON2AH6-27ZEU-2ENSKD',0,1,'2020-03-12 11:42:40','BMBEMOA-TTQI3M-PK2QGQ',1),(42,'O2JVZR-LIUJY-F74TDT',0,2,'2020-03-13 17:18:51','BMBVDPC-WSEGEB-OYFLST',1),(43,'OEKXLM-WPNSD-4SLQ5X',0,2,'2020-03-14 12:16:23','BMBW32X-G7B6XG-4JQ3C3',1),(45,'OHK2FF-FQYDL-TX53YX',0,44,'2020-03-15 07:50:54',NULL,NULL),(46,'OFUQPM-EWLHP-DCUFI3',0,7,'2020-03-15 16:17:55','BMBQAIM-WHEMVW-N2KGIH',1),(47,'OFUQPM-EWLHP-DCUFI3',0,7,'2020-03-15 16:17:55','BMBQAIM-WHEMVW-N2KGIH',1),(48,'OLT552-IZJ6B-L6QF3Y',0,6,'2020-03-16 07:20:56','BMBXGK2-VDPGPZ-F3COVT',1),(49,'OLOTL4-MLTZW-DSMOG3',0,12,'2020-03-16 08:36:56','BMB4RRT-Z3WG3K-HTCS4O',1),(50,'O57Y2N-YGUSD-YMAN5L',0,7,'2020-03-16 14:12:57','BMBWRH6-N566AL-O2U7WG',1);
/*!40000 ALTER TABLE `buyorder` ENABLE KEYS */;
UNLOCK TABLES;

--
-- Table structure for table `buyrescue`
--

DROP TABLE IF EXISTS `buyrescue`;
/*!40101 SET @saved_cs_client     = @@character_set_client */;
/*!50503 SET character_set_client = utf8mb4 */;
CREATE TABLE `buyrescue` (
  `transaction_id` int(11) NOT NULL AUTO_INCREMENT,
  `customers_id` int(11) NOT NULL,
  `receiveaddress` varchar(36) CHARACTER SET utf8 COLLATE utf8_general_ci NOT NULL,
  `amount` float NOT NULL,
  `wallettype_id` int(11) NOT NULL,
  `cryptoamount` float NOT NULL DEFAULT '0',
  `cryptoprice` float DEFAULT '0',
  `cryptosellingprice` float NOT NULL DEFAULT '0',
  `fees` float NOT NULL DEFAULT '0',
  `wallettypefiat_id` int(11) NOT NULL,
  `transaction_date` datetime NOT NULL,
  `statut` text NOT NULL COMMENT '0 : Pending; 1 : Validate; 2 : Cancellation',
  `date_traitement` text CHARACTER SET utf8 COLLATE utf8_general_ci,
  `transactionhash` text CHARACTER SET utf8 COLLATE utf8_general_ci,
  `raison` text CHARACTER SET utf8 COLLATE utf8_general_ci,
  `type_livraison` int(11) DEFAULT '0' COMMENT '0 : Pending; 1 : Validate; 2 : Cancellation; 3 : not validated',
  `stateorderbuy` int(11) DEFAULT '0' COMMENT '0 : commande envoyer chez kraken; 1 : livr; 2 : Cancellation; 3 : not validated',
  PRIMARY KEY (`transaction_id`)
) ENGINE=InnoDB AUTO_INCREMENT=51 DEFAULT CHARSET=utf8;
/*!40101 SET character_set_client = @saved_cs_client */;

--
-- Dumping data for table `buyrescue`
--

LOCK TABLES `buyrescue` WRITE;
/*!40000 ALTER TABLE `buyrescue` DISABLE KEYS */;
INSERT INTO `buyrescue` VALUES (17,260,'null',2200,3,0,0,0,0,4,'2020-02-22 12:13:59','1',NULL,NULL,NULL,0,NULL),(18,260,'null',1100,3,0,0,0,0,4,'2020-02-22 12:15:12','1',NULL,NULL,NULL,0,NULL),(19,260,'null',2200,3,0,0,0,0,4,'2020-02-22 12:19:51','1',NULL,NULL,NULL,0,NULL),(20,259,'null',2200,3,0,0,0,0,4,'2020-02-22 12:59:36','1',NULL,NULL,NULL,0,NULL),(21,259,'null',1100,1,0,0,0,0,4,'2020-02-22 13:00:12','1',NULL,NULL,NULL,0,NULL),(22,257,'null',2200,3,0,0,0,0,4,'2020-02-22 16:23:55','1',NULL,NULL,NULL,0,NULL),(23,257,'null',2750,3,0,0,0,0,4,'2020-02-22 16:26:07','1',NULL,NULL,NULL,0,NULL),(24,260,'null',1100,3,0,0,0,0,4,'2020-02-22 17:14:07','1',NULL,NULL,NULL,0,NULL),(25,257,'null',9900,3,0,0,0,0,4,'2020-02-22 19:38:27','1',NULL,NULL,NULL,0,NULL),(26,257,'null',9900,3,0,0,0,0,4,'2020-02-24 08:47:16','1',NULL,NULL,NULL,0,NULL),(27,257,'null',7700,3,0,0,0,0,4,'2020-02-25 20:26:27','1',NULL,NULL,NULL,0,NULL),(28,260,'null',1100,3,0,0,0,0,4,'2020-02-26 07:04:18','1',NULL,NULL,NULL,0,NULL),(29,280,'null',5995,1,0,0,0,0,4,'2020-02-27 21:42:46','1',NULL,NULL,NULL,0,NULL),(30,253,'null',2200,3,0,0,0,0,4,'2020-02-27 22:49:14','1',NULL,NULL,NULL,0,NULL),(31,279,'null',18700,3,0,0,0,0,4,'2020-03-02 15:50:17','1',NULL,NULL,NULL,0,NULL),(32,279,'null',1100,3,0,0,0,0,4,'2020-03-02 16:04:44','1',NULL,NULL,NULL,0,NULL),(33,289,'null',1584,3,0,0,0,0,4,'2020-03-02 17:17:08','1',NULL,NULL,NULL,0,NULL),(34,301,'null',1980,3,0,0,0,0,4,'2020-03-03 12:38:29','1',NULL,NULL,NULL,0,NULL),(37,304,'1CVsz8WZGZZqvbEPuaju4wyTm8rGr8RjQm',1100,1,0,0,0,0,4,'2020-03-05 17:17:19','1',NULL,NULL,NULL,1,NULL),(38,267,'null',1100,1,0,0,0,0,4,'2020-03-06 10:29:29','1',NULL,NULL,NULL,1,NULL),(39,305,'null',17600,1,0,0,0,0,4,'2020-03-08 15:54:51','1',NULL,NULL,NULL,1,NULL),(40,313,'tz1anZ5MQJs4ZfyyX4Uixrx6SgD1RJsdz44J',2160,3,1.3596,1401,1471,64.8,4,'2020-03-11 15:50:15','1','2020:03:11:18:40:45',NULL,NULL,1,0),(41,303,'tz1TXg8H9HV6occvNdVVEUUHAZ3eagQKihjD',2160,3,1.3471,1414,1484,64.8,4,'2020-03-11 18:53:40','1','2020:03:20:10:47:21',NULL,NULL,1,0),(42,313,'tz1anZ5MQJs4ZfyyX4Uixrx6SgD1RJsdz44J',2160,3,2.0328,937,983,64.8,4,'2020-03-13 17:18:44','1','2020:03:13:17:53:58',NULL,NULL,1,0),(43,253,'tz1RZqdJxusQTeqq72e6RanS3LicUiSDJG5i',2160,3,1.9476,978,1026,64.8,4,'2020-03-14 12:16:17','1','2020:03:14:12:53:58',NULL,NULL,1,0),(44,253,'1EDodFHxxjrgLVLjTicKLywPGxPauLciqR',10800,1,0.00296254,3214740,3375480,324,4,'2020-03-14 13:18:12','0',NULL,NULL,NULL,0,0),(45,301,'tz1YihgVcpQPim5QvQHRxBcH1t9X8qpHchTU',4320,3,4.0143,949,996,129.6,4,'2020-03-15 07:50:50','2',NULL,NULL,NULL,1,0),(46,289,'tz1VgeM9Vbm8ywCA5rsHjtY2xCcBH8eWQghh',3888,3,3.663,936,982,116.64,4,'2020-03-15 09:08:41','1','2020:03:15:16:53:58',NULL,NULL,1,0),(47,267,'tz1LGCe2mFGJKqwnWV3BsMQTKMGYSWm8LPdQ',3240,3,2.9608,965,1013,97.2,4,'2020-03-15 11:23:03','1','2020:03:15:16:58:58',NULL,NULL,1,0),(48,257,'tz1hhva1aim2hZFsQzQDX3TVzSqZep7QcwqQ',5150,3,5.9673,798,837,5400,4,'2020-03-16 07:20:29','1','2020:03:16:07:58:58',NULL,NULL,1,0),(49,257,'tz1hhva1aim2hZFsQzQDX3TVzSqZep7QcwqQ',9682,3,11.6567,768,806,10152,4,'2020-03-16 08:36:46','1','2020:03:16:09:13:58',NULL,NULL,1,0),(50,260,'tz1UasU7YCX9P42wDskmwMp9bEet3jgzTSJ1',5665,3,6.9563,753,790,5940,4,'2020-03-16 14:12:51','1','2020:03:16:14:53:58',NULL,NULL,1,0);
/*!40000 ALTER TABLE `buyrescue` ENABLE KEYS */;
UNLOCK TABLES;

--
-- Table structure for table `buyrescue1`
--

DROP TABLE IF EXISTS `buyrescue1`;
/*!40101 SET @saved_cs_client     = @@character_set_client */;
/*!50503 SET character_set_client = utf8mb4 */;
CREATE TABLE `buyrescue1` (
  `transaction_id` int(11) NOT NULL,
  `customers_id` int(11) NOT NULL,
  `receiveaddress` varchar(36) CHARACTER SET utf8mb4 COLLATE utf8mb4_general_ci DEFAULT NULL,
  `amount` int(11) NOT NULL,
  `wallettype_id` int(11) NOT NULL,
  `cryptoamount` decimal(10,8) NOT NULL,
  `cryptoprice` int(11) NOT NULL,
  `cryptosellingprice` int(11) NOT NULL,
  `fees` decimal(7,2) NOT NULL,
  `wallettypefiat_id` int(11) NOT NULL,
  `transaction_date` varchar(16) CHARACTER SET utf8mb4 COLLATE utf8mb4_general_ci NOT NULL,
  `statut` int(1) NOT NULL,
  `date_traitement` varchar(19) CHARACTER SET utf8mb4 COLLATE utf8mb4_general_ci DEFAULT NULL,
  `transactionhash` text CHARACTER SET utf8mb4 COLLATE utf8mb4_general_ci,
  `raison` varchar(4) CHARACTER SET utf8mb4 COLLATE utf8mb4_general_ci DEFAULT NULL,
  `type_livraison` bit(1) DEFAULT NULL,
  `stateorderbuy` bit(1) DEFAULT NULL,
  PRIMARY KEY (`transaction_id`)
) ENGINE=InnoDB DEFAULT CHARSET=utf8mb4 COLLATE=utf8mb4_general_ci;
/*!40101 SET character_set_client = @saved_cs_client */;

--
-- Dumping data for table `buyrescue1`
--

LOCK TABLES `buyrescue1` WRITE;
/*!40000 ALTER TABLE `buyrescue1` DISABLE KEYS */;
INSERT INTO `buyrescue1` VALUES (17,260,NULL,2200,3,0.00000000,0,0,0.00,4,'22/02/2020 12:13',1,NULL,NULL,NULL,NULL,NULL),(18,259,NULL,1100,3,0.00000000,0,0,0.00,4,'22/02/2020 12:13',1,NULL,NULL,NULL,NULL,NULL),(19,260,NULL,1100,3,0.00000000,0,0,0.00,4,'22/02/2020 12:15',1,NULL,NULL,NULL,NULL,NULL),(20,260,NULL,2200,3,0.00000000,0,0,0.00,4,'22/02/2020 12:19',1,NULL,NULL,NULL,NULL,NULL),(21,260,NULL,55000,1,0.00000000,0,0,0.00,4,'22/02/2020 12:24',1,NULL,NULL,NULL,NULL,NULL),(22,257,NULL,4950,1,0.00000000,0,0,0.00,4,'22/02/2020 12:36',1,NULL,NULL,NULL,NULL,NULL),(23,259,NULL,2200,3,0.00000000,0,0,0.00,4,'22/02/2020 12:59',1,NULL,NULL,NULL,NULL,NULL),(24,259,NULL,1100,1,0.00000000,0,0,0.00,4,'22/02/2020 13:00',1,NULL,NULL,NULL,NULL,NULL),(25,257,NULL,2200,3,0.00000000,0,0,0.00,4,'22/02/2020 16:23',1,NULL,NULL,NULL,NULL,NULL),(26,257,NULL,9900,3,0.00000000,0,0,0.00,4,'22/02/2020 16:26',1,NULL,NULL,NULL,NULL,NULL),(27,260,NULL,1100,3,0.00000000,0,0,0.00,4,'22/02/2020 17:14',1,NULL,NULL,NULL,NULL,NULL),(28,257,NULL,44900,1,0.00000000,0,0,0.00,4,'22/02/2020 17:32',1,NULL,NULL,NULL,NULL,NULL),(29,257,NULL,9900,3,0.00000000,0,0,0.00,4,'22/02/2020 19:38',1,NULL,NULL,NULL,NULL,NULL),(30,254,NULL,33000,1,0.00000000,0,0,0.00,4,'23/02/2020 16:30',1,NULL,NULL,NULL,NULL,NULL),(31,254,NULL,58000,1,0.00000000,0,0,0.00,4,'24/02/2020 08:10',1,NULL,NULL,NULL,NULL,NULL),(32,257,NULL,9900,3,0.00000000,0,0,0.00,4,'24/02/2020 08:47',1,NULL,NULL,NULL,NULL,NULL),(33,257,NULL,22000,1,0.00000000,0,0,0.00,4,'24/02/2020 19:03',1,NULL,NULL,NULL,NULL,NULL),(34,257,NULL,7700,3,0.00000000,0,0,0.00,4,'25/02/2020 20:26',1,NULL,NULL,NULL,NULL,NULL),(35,260,NULL,1100,3,0.00000000,0,0,0.00,4,'26/02/2020 07:04',1,NULL,NULL,NULL,NULL,NULL),(36,278,NULL,5500,3,0.00000000,0,0,0.00,4,'27/02/2020 18:24',1,NULL,NULL,NULL,NULL,NULL),(37,280,NULL,2060,3,0.00000000,0,0,0.00,4,'27/02/2020 21:25',1,NULL,NULL,NULL,NULL,NULL),(38,280,NULL,5995,1,0.00000000,0,0,0.00,4,'27/02/2020 21:42',1,NULL,NULL,NULL,NULL,NULL),(39,253,NULL,2200,3,0.00000000,0,0,0.00,4,'27/02/2020 22:49',1,NULL,NULL,NULL,NULL,NULL),(40,287,NULL,4995,3,0.00000000,0,0,0.00,4,'28/02/2020 20:18',1,NULL,NULL,NULL,NULL,NULL),(41,287,NULL,1500,3,0.00000000,0,0,0.00,4,'28/02/2020 20:20',1,NULL,NULL,NULL,NULL,NULL),(42,295,NULL,43000,1,0.00000000,0,0,0.00,4,'29/02/2020 15:57',1,NULL,NULL,NULL,NULL,NULL),(43,296,NULL,15000,1,0.00000000,0,0,0.00,4,'01/03/2020 17:15',1,NULL,NULL,NULL,NULL,NULL),(44,289,NULL,1000,3,0.00000000,0,0,0.00,4,'02/03/2020 12:37',1,NULL,NULL,NULL,NULL,NULL),(45,279,NULL,18700,3,0.00000000,0,0,0.00,4,'02/03/2020 15:50',1,NULL,NULL,NULL,NULL,NULL),(46,279,NULL,1100,3,0.00000000,0,0,0.00,4,'02/03/2020 16:04',1,NULL,NULL,NULL,NULL,NULL),(47,289,NULL,1584,3,0.00000000,0,0,0.00,4,'02/03/2020 17:17',1,NULL,NULL,NULL,NULL,NULL),(48,301,NULL,1676,3,0.00000000,0,0,0.00,4,'03/03/2020 12:34',1,NULL,NULL,NULL,NULL,NULL),(49,301,NULL,1980,3,0.00000000,0,0,0.00,4,'03/03/2020 12:38',1,NULL,NULL,NULL,NULL,NULL),(50,277,NULL,22000,1,0.00000000,0,0,0.00,4,'04/03/2020 17:22',1,NULL,NULL,NULL,NULL,NULL),(51,264,NULL,99000,1,0.00000000,0,0,0.00,4,'04/03/2020 17:22',1,NULL,NULL,NULL,NULL,NULL),(52,261,NULL,22000,1,0.00000000,0,0,0.00,4,'04/03/2020 17:22',1,NULL,NULL,NULL,NULL,NULL),(53,270,NULL,23500,3,0.00000000,0,0,0.00,4,'04/03/2020 17:28',1,NULL,NULL,NULL,NULL,NULL),(54,266,NULL,52125,1,0.00000000,0,0,0.00,4,'04/03/2020 17:28',1,NULL,NULL,NULL,NULL,NULL),(55,284,NULL,115000,1,0.00000000,0,0,0.00,4,'04/03/2020 17:28',1,NULL,NULL,NULL,NULL,NULL),(56,294,NULL,145000,1,0.00000000,0,0,0.00,4,'04/03/2020 17:28',1,NULL,NULL,NULL,NULL,NULL),(57,303,NULL,1100,3,0.00000000,0,0,0.00,4,'05/03/2020 11:15',1,NULL,NULL,NULL,NULL,NULL),(58,303,NULL,1100,3,0.00000000,0,0,0.00,4,'05/03/2020 11:20',1,NULL,NULL,NULL,NULL,NULL),(59,304,'1CVsz8WZGZZqvbEPuaju4wyTm8rGr8RjQm',1100,1,0.00000000,0,0,0.00,4,'05/03/2020 17:17',1,NULL,NULL,NULL,NULL,NULL),(60,267,NULL,1000,3,0.00000000,0,0,0.00,4,'05/03/2020 20:07',1,NULL,NULL,NULL,NULL,NULL),(61,267,NULL,1100,1,0.00000000,0,0,0.00,4,'06/03/2020 10:29',1,NULL,NULL,NULL,NULL,NULL),(62,304,NULL,3400,1,0.00000000,0,0,0.00,4,'07/03/2020 07:50',1,NULL,NULL,NULL,NULL,NULL),(63,305,NULL,16500,1,0.00000000,0,0,0.00,4,'08/03/2020 15:49',1,NULL,NULL,NULL,NULL,NULL),(64,313,'tz1anZ5MQJs4ZfyyX4Uixrx6SgD1RJsdz44J',2160,3,1.35960000,1401,1471,64.80,4,'11/03/2020 15:50',1,'2020:03:11:18:40:45',NULL,NULL,_binary '',_binary '\0'),(65,303,'tz1TXg8H9HV6occvNdVVEUUHAZ3eagQKihjD',2160,3,1.34710000,1414,1484,64.80,4,'11/03/2020 18:53',1,'2020:03:20:15:43:38','\"oocB9nChnkcXEfH3nbWSRvMNYqXSEuDaeWB5XF4N618y2kxrVvN\"\n',NULL,_binary '',_binary '\0'),(66,313,'tz1anZ5MQJs4ZfyyX4Uixrx6SgD1RJsdz44J',2160,3,2.03280000,937,983,64.80,4,'13/03/2020 17:18',1,'2020:03:13:17:53:58',NULL,NULL,_binary '',_binary '\0'),(67,253,'tz1RZqdJxusQTeqq72e6RanS3LicUiSDJG5i',2160,3,1.94760000,978,1026,64.80,4,'14/03/2020 12:16',1,'2020:03:14:12:53:58',NULL,NULL,_binary '',_binary '\0'),(68,253,'1EDodFHxxjrgLVLjTicKLywPGxPauLciqR',10800,1,0.00296254,3214740,3375480,324.00,4,'14/03/2020 13:18',0,NULL,NULL,NULL,_binary '\0',_binary '\0'),(69,301,'tz1YihgVcpQPim5QvQHRxBcH1t9X8qpHchTU',4320,3,4.01430000,949,996,129.60,4,'15/03/2020 07:50',0,'2020:03:15:16:53:58','',NULL,_binary '',_binary '\0'),(70,289,'tz1VgeM9Vbm8ywCA5rsHjtY2xCcBH8eWQghh',3888,3,3.66300000,936,982,116.64,4,'15/03/2020 09:08',1,'2020:03:15:16:53:58',NULL,NULL,_binary '',_binary '\0'),(71,267,'tz1LGCe2mFGJKqwnWV3BsMQTKMGYSWm8LPdQ',3240,3,2.96080000,965,1013,97.20,4,'15/03/2020 11:23',1,'2020:03:15:16:58:58',NULL,NULL,_binary '',_binary '\0'),(72,257,'tz1hhva1aim2hZFsQzQDX3TVzSqZep7QcwqQ',5150,3,5.96730000,798,837,5400.00,4,'16/03/2020 07:20',1,'2020:03:16:07:58:58',NULL,NULL,_binary '',_binary '\0'),(73,257,'tz1hhva1aim2hZFsQzQDX3TVzSqZep7QcwqQ',9682,3,11.65670000,768,806,10152.00,4,'16/03/2020 08:36',1,'2020:03:16:09:13:58',NULL,NULL,_binary '',_binary '\0'),(74,260,'tz1UasU7YCX9P42wDskmwMp9bEet3jgzTSJ1',5665,3,6.95630000,753,790,5940.00,4,'16/03/2020 14:12',1,'2020:03:16:14:53:58',NULL,NULL,_binary '',_binary '\0');
/*!40000 ALTER TABLE `buyrescue1` ENABLE KEYS */;
UNLOCK TABLES;

--
-- Table structure for table `city`
--

DROP TABLE IF EXISTS `city`;
/*!40101 SET @saved_cs_client     = @@character_set_client */;
/*!50503 SET character_set_client = utf8mb4 */;
CREATE TABLE `city` (
  `City_id` int(11) NOT NULL AUTO_INCREMENT,
  `City_name` varchar(45) DEFAULT NULL,
  `Country_id` int(11) DEFAULT NULL,
  PRIMARY KEY (`City_id`)
) ENGINE=InnoDB DEFAULT CHARSET=utf8;
/*!40101 SET character_set_client = @saved_cs_client */;

--
-- Dumping data for table `city`
--

LOCK TABLES `city` WRITE;
/*!40000 ALTER TABLE `city` DISABLE KEYS */;
/*!40000 ALTER TABLE `city` ENABLE KEYS */;
UNLOCK TABLES;

--
-- Table structure for table `country`
--

DROP TABLE IF EXISTS `country`;
/*!40101 SET @saved_cs_client     = @@character_set_client */;
/*!50503 SET character_set_client = utf8mb4 */;
CREATE TABLE `country` (
  `Country_id` int(11) NOT NULL AUTO_INCREMENT,
  `Country_name` varchar(45) NOT NULL,
  PRIMARY KEY (`Country_id`)
) ENGINE=InnoDB AUTO_INCREMENT=85 DEFAULT CHARSET=utf8;
/*!40101 SET character_set_client = @saved_cs_client */;

--
-- Dumping data for table `country`
--

LOCK TABLES `country` WRITE;
/*!40000 ALTER TABLE `country` DISABLE KEYS */;
INSERT INTO `country` VALUES (1,'Albania'),(2,'Algeria'),(3,'Angola'),(4,'Austria'),(5,'Belgium'),(6,'Benin'),(7,'Botswana'),(8,'Bulgaria'),(9,'Burkina Faso'),(10,'Burundi'),(11,'Cameroon'),(12,'Canada'),(13,'Cape Verde'),(14,'Central African Republic'),(15,'Chad'),(16,'Comoros'),(17,'Democratic Republic Of The Congo'),(18,'Djibouti'),(19,'Egypt'),(20,'Equatorial Guinea'),(21,'Eritrea'),(22,'Ethiopia'),(23,'France'),(24,'Gabon'),(25,'Gambia'),(26,'Germany'),(27,'Ghana'),(28,'Greece'),(29,'Guinea'),(30,'Guinea-Bissau'),(31,'Hungary'),(32,'Iceland'),(33,'Ireland'),(34,'Italy'),(35,'Ivory Coast'),(36,'Kenya'),(37,'Lesotho'),(38,'Liberia'),(39,'Libya'),(40,'Luxembourg'),(41,'Madagascar'),(42,'Malawi'),(43,'Mali'),(44,'Malta'),(45,'Mauritania'),(46,'Mauritius'),(47,'Monaco'),(48,'Montenegro'),(49,'Morocco'),(50,'Mozambique'),(51,'Namibia'),(52,'Netherlands'),(53,'Niger'),(54,'Nigeria'),(55,'Portugal'),(56,'Republic Of The Congo'),(57,'Russia'),(58,'Rwanda'),(59,'San Marino'),(60,'Sao Tome and Principe'),(61,'Senegal'),(62,'Seychelles'),(63,'Sierra Leone'),(64,'Somalia'),(65,'South Africa'),(66,'South Sudan'),(67,'Spain'),(68,'Sudan'),(69,'Swaziland'),(70,'Sweden'),(71,'Switzerland'),(72,'Tanzania'),(73,'Togo'),(74,'Tunisia'),(75,'Uganda'),(76,'Ukraine'),(77,'United Kingdom'),(78,'Western Sahara'),(79,'Zambia'),(80,'Zimbabwe');
/*!40000 ALTER TABLE `country` ENABLE KEYS */;
UNLOCK TABLES;

--
-- Table structure for table `crypto_pricing`
--

DROP TABLE IF EXISTS `crypto_pricing`;
/*!40101 SET @saved_cs_client     = @@character_set_client */;
/*!50503 SET character_set_client = utf8mb4 */;
CREATE TABLE `crypto_pricing` (
  `crypto_pricing_id` int(11) NOT NULL AUTO_INCREMENT,
  `cryptocode` varchar(255) NOT NULL,
  `usdprice` float DEFAULT NULL,
  `cfaprice` int(255) DEFAULT NULL,
  `usdcfasellprice` int(255) DEFAULT NULL,
  `usdcfasellpricepromo` int(11) NOT NULL DEFAULT '0',
  `openingprice` float DEFAULT NULL,
  `dailyprice` float DEFAULT NULL,
  `eurprice` float DEFAULT NULL,
  `Var24h` text,
  `Var7d` text,
  `Var30d` text,
  `Var1y` text,
  PRIMARY KEY (`crypto_pricing_id`)
) ENGINE=InnoDB AUTO_INCREMENT=4 DEFAULT CHARSET=utf8mb4 ;
/*!40101 SET character_set_client = @saved_cs_client */;

--
-- Dumping data for table `crypto_pricing`
--

LOCK TABLES `crypto_pricing` WRITE;
/*!40000 ALTER TABLE `crypto_pricing` DISABLE KEYS */;
INSERT INTO `crypto_pricing` VALUES (1,'BTC',10638.1,5977398,580,623,NULL,NULL,9125.8,'0.0411','0.1721','0.2362','0.0243'),(2,'XLM',0.06995,39,580,623,NULL,NULL,0.060077,'-0.0117','-0.1155','-0.2746','0.1035'),(3,'XTZ',2.1044,1182,580,623,NULL,NULL,1.8052,'0.0481','-0.1376','-0.3831','1.2087');
/*!40000 ALTER TABLE `crypto_pricing` ENABLE KEYS */;
UNLOCK TABLES;

--
-- Table structure for table `currency`
--

DROP TABLE IF EXISTS `currency`;
/*!40101 SET @saved_cs_client     = @@character_set_client */;
/*!50503 SET character_set_client = utf8mb4 */;
CREATE TABLE `currency` (
  `currency_id` int(11) NOT NULL AUTO_INCREMENT,
  `currency_label` varchar(255) NOT NULL,
  `currency_code` varchar(3) CHARACTER SET utf8 COLLATE utf8_general_ci NOT NULL,
  `current_exchange_rate` float DEFAULT NULL,
  PRIMARY KEY (`currency_id`)
) ENGINE=MyISAM AUTO_INCREMENT=4 DEFAULT CHARSET=utf8;
/*!40101 SET character_set_client = @saved_cs_client */;

--
-- Dumping data for table `currency`
--

LOCK TABLES `currency` WRITE;
/*!40000 ALTER TABLE `currency` DISABLE KEYS */;
INSERT INTO `currency` VALUES (1,'FCFA','XAF',NULL),(2,'Dollar','USD',NULL),(3,'Euro','EUR',NULL);
/*!40000 ALTER TABLE `currency` ENABLE KEYS */;
UNLOCK TABLES;

--
-- Table structure for table `customers`
--

DROP TABLE IF EXISTS `customers`;
/*!40101 SET @saved_cs_client     = @@character_set_client */;
/*!50503 SET character_set_client = utf8mb4 */;
CREATE TABLE `customers` (
  `customers_id` int(11) NOT NULL AUTO_INCREMENT,
  `lastname` varchar(30) DEFAULT NULL,
  `firstname` varchar(30) DEFAULT NULL,
  `birthdaydate` date DEFAULT NULL,
  `login` varchar(16) CHARACTER SET utf8 COLLATE utf8_bin NOT NULL,
  `email` varchar(255) DEFAULT NULL,
  `receiveaddress` varchar(36) DEFAULT NULL,
  `password` varchar(64) DEFAULT NULL,
  `pincode` varchar(64) DEFAULT NULL,
  `create_time` timestamp NULL DEFAULT CURRENT_TIMESTAMP,
  `balance_cfa` int(11) DEFAULT '0',
  `balance_xtz` float DEFAULT '0',
  `address_id` int(11) DEFAULT NULL,
  `status_id` int(11) NOT NULL COMMENT '0: Inactif, 1: actif;',
  `mobilephone` varchar(20) NOT NULL,
  `accountlock` int(1) DEFAULT NULL,
  `connectiontry` int(11) DEFAULT NULL,
  `referal_code` varchar(255) DEFAULT 'EJARA00',
  `referal_code_id` int(11) DEFAULT NULL,
  `referal_date` datetime DEFAULT NULL,
  `referer_id` int(11) DEFAULT NULL,
  `kyc` varchar(11) DEFAULT NULL,
  `mnemonic_statut` tinyint(1) NOT NULL DEFAULT '0' COMMENT '0 : Not save; 1: Save',
  PRIMARY KEY (`customers_id`)
) ENGINE=MyISAM AUTO_INCREMENT=608 DEFAULT CHARSET=utf8;
/*!40101 SET character_set_client = @saved_cs_client */;

--
-- Dumping data for table `customers`
--

LOCK TABLES `customers` WRITE;
/*!40000 ALTER TABLE `customers` DISABLE KEYS */;
INSERT INTO `customers` VALUES (257,'NULL','','2015-01-01','Loba3006','loba3006@yahoo.fr',NULL,'5ec1296208472942654f25372b619b8f941fe285d87915cd784e0de42558858e','d6bd65a0a892f18f082d389b8979b1506b312bc8648c912d957d65cab1b2538c','2020-02-21 19:43:06',288,0,336,1,'+237672809292',NULL,0,'EJARA00',NULL,NULL,NULL,'1',0),(256,'NULL','NULL','2015-01-01','masterejara','bernis.bangelin@gmail.com_old',NULL,'54cd611b5f98c31a85868fa334e3f99d7772d6fa87bc4768ac9ac0f9fa08734a',NULL,'2020-02-21 17:49:18',0,0,335,1,'+237661000064_old',0,0,'EJARA00',NULL,NULL,NULL,'1',0),(255,'NULL','NULL','2015-01-01','Loba','lobacm3006@gmail.cm',NULL,'0080e59ae9dcf22d82caa563e6ee040eebb206cec06678916f3dab241a2843b0','d6bd65a0a892f18f082d389b8979b1506b312bc8648c912d957d65cab1b2538c','2020-02-21 17:44:15',0,0,334,1,'+237699531279',0,0,'EJARA00',NULL,NULL,NULL,'1',0),(254,'NULL','NULL','2015-01-01','kssolution','kamersolution@gmail.com',NULL,'fa2647097fd881b1202859e1379b82402cbb963e85710c285ae95b610ca07abd','e74fe919ab365b1e87fac0138625f52fb78a357e3e239b695928c869f3b8e4d4','2020-02-21 17:32:57',0,0,333,1,'+237697666600',0,0,'EJARA00',NULL,NULL,NULL,'1',0),(253,'Tsafack','Fradith','2015-01-01','fradith','fradithjeune3@gmail.com',NULL,'1e15ffff3496158e96c2e3b833ae0fefcb040b524da5b67024675684810c9b16','eb950303def8d784fae0ca161779b7cdd1e3920cb028957579b489ff33ebffee','2020-02-21 16:06:06',0,0,332,1,'+237697326066',0,0,'EJARA00',NULL,NULL,NULL,'1',0),(259,'Njoya Pokam','Abdelaziz ','1996-02-25','hares','njoyaabdelazizthierry@gmail.com',NULL,'be0941243161f85bf520c60009e07ff7d38ec42d7888a27c19cebc8984a6bbbe','0d0247d2284d972de8eb32e12f4fdd3bc4550ffaac3724636ecbf7f81d736aa9','2020-02-21 21:32:20',8688,0,338,1,'+237651702809',0,0,'EJARA00',NULL,NULL,NULL,'1',0),(260,'NULL','NULL','2015-01-01','Yetyet','mathieuyetnayetna@gmail.com',NULL,'6166921f9dda3ad8da0fe277b647e177a35160d045ed2ffa0520c6b6ef0ebeb6','6224c5a42fa59a6451a786f2e2e664b957553781ffd40aae6c9e768835883cc3','2020-02-22 11:14:31',626,0,339,1,'+237679495501',0,0,'EJARA00',NULL,NULL,NULL,'1',0),(261,'NULL','NULL','2015-01-01','Ghislain lanore_','nsangou.lanore@yahoo.com_old',NULL,'80f6582e84892baaa351348dc47fecab71446b4fdd0d0c75dd947555de433901',NULL,'2020-02-22 11:40:32',0,0,340,1,'+237677210314_old',0,0,'EJARA00',NULL,NULL,NULL,'1',0),(262,'NULL','NULL','2015-01-01','Lanore_old','nghislainlanore@yahoo.com_old',NULL,'9915ee1be4bc6df81f74d6fc3f0b6bd249058a759c2fca191281c4718244b4f9','74d7e08e006f84e3e644daca712a234be9598b1b27fa6fa8e7f22040eaedce6b','2020-05-22 12:47:59',0,0,341,1,'+237697461971_old',0,0,'EJARA00',NULL,NULL,NULL,'1',0),(263,'NULL','NULL','2015-01-01','Ejama','paulnken@hotmail.com',NULL,'1c7d6d462930de4c55728a339394186ce9254664f8a1f518049e3fe08a0ea081','f1e316093276cf722f179154b6ef7aa5c0b4e1d2c527b6c7678606be97d765c5','2020-05-22 17:26:36',0,0,342,1,'+237677675940',0,0,'EJARA00',NULL,NULL,NULL,'1',0),(264,'NULL','NULL','2015-01-01','DJANGO','ifouedaniel@gmail.com',NULL,'c5d8a4cefc9fb1a41c64a1c1fd1f4eeb98886428c5eeb6af5d79b909a91a0ef5','1a187daba7055b7e225a2258645c9b9a6698f254693d17a503ef48e32bc0b3a0','2020-02-23 12:01:28',0,0,343,1,'+237696201988',0,0,'EJARA00',NULL,NULL,NULL,'1',0),(265,'NULL','NULL','2015-01-01','Cryptofab','fabricewoukeng1@gmail.com',NULL,'30d3ebe224208371ae013d77d1dfa9491bf7d5eb134eed594d67cf5b9fe83378','87574f4eea6fafc4b31db16a06907aac3c11fcac3342f4af1bd1b9686dcdea9e','2020-04-23 16:06:04',0,0,344,1,'+237697818740',0,0,'EJARA00',NULL,NULL,NULL,'1',0),(598,'NULL','NULL','2015-01-01','Paulherbert','pbanbe@yahoo.fr',NULL,'52033146e69b9c61c29a659880d7a6349a4f9db7e647c0e1c469e1b514c2e302','3777a667c9874a4f5d0e1a515eaede9249a5954db8f8560fb5df84e78f142202','2020-09-13 03:17:30',0,0,806,1,'+237678814445',0,0,'EJARA00',NULL,NULL,NULL,'1',0),(266,'NULL','NULL','2015-01-01','sultan','sokoudjousinclair@gmail.com',NULL,'18fe4c75a0f65e9ca5f9f30d38eded7f60da107487f8dd62f6ab3499f2ef0d2a','4e52047d9858902a04b293fc4379450862472d4c73f5b4189c977da9a2591084','2020-02-23 18:41:04',1998,0,345,1,'+237697706983',0,0,'EJARA00',NULL,NULL,NULL,'1',0),(267,'NULL','NULL','2015-01-01','MAS','mekontsoanderson@gmail.com',NULL,'f32d7efbc62f3113caa5785ea03eeb5344ce9e872dde638b6bd676340bd5ec3f','930d5c7e1eef69e0da1ed6292e4038ab706e7003b5202f18ea7c936ac85e8aa2','2020-02-24 09:09:29',2009,0,346,1,'+237694888878',0,0,'EJARA00',NULL,NULL,NULL,'1',0),(268,'NULL','NULL','2015-01-01','100pages','lionelj3@gmail.com',NULL,'598cbada0015a20c3874238f26bd040acd695c676d4a14a455e989957b602111','23cb4b4e3ccd6a584e05f386aeb052a34074f8983d5fd60d5496cb6fa398d223','2020-03-24 11:41:19',0,0,348,1,'+237670936485',0,0,'EJARA00',NULL,NULL,NULL,'1',0),(269,'NULL','NULL','2015-01-01','fradith2','fradithjeune4@gmail.com',NULL,'95b64c095d7fd3e9d37fe2ba7cd433026d235ae145ac537e776195d0b806f663','eb950303def8d784fae0ca161779b7cdd1e3920cb028957579b489ff33ebffee','2020-04-25 14:46:01',0,0,349,1,'+237678642421',0,0,'EJARA00',NULL,NULL,NULL,'1',0),(270,'NULL','NULL','2015-01-01','kss','hack3.0man@gmail.com',NULL,'c31fc2abc56c5e77b7cfbae7f3db68cca576185f508d98361acbe1bf3f4e6a0b','3ec74c986de7e9113286abb4a15ed8246c33f99eac7c755ab0ce795217755a75','2020-02-25 15:50:55',0,0,350,1,'+237690804919',0,0,'EJARA00',NULL,NULL,NULL,'1',0),(271,'NULL','NULL','2015-01-01','FortuneBITCOIN','testadressebitcoin@gmail.com',NULL,'c06f17af911a91c03075bfe2360aa0a86dd7dec75c759e3cf051f9eafe2835df','fe52e9bc61899656f20e3405226b4926b45d50777883e7140a70fafbe4fc32da','2020-04-02 17:49:08',0,0,351,1,'+237662616613',0,0,'EJARA00',NULL,NULL,NULL,'1',0),(336,'Abdoul-Karim','Nsan Mbot','1994-02-10','mbotabdoul','abdoulkarimmfondi@gmail.com',NULL,'be0941243161f85bf520c60009e07ff7d38ec42d7888a27c19cebc8984a6bbbe','0a9d5cc0570d7d9289ad9fbb93deaf4753242d02914a0453f70dc646d5b9aa21','2020-03-24 08:16:49',596,0,462,1,'+237678563819',0,0,'EJARA00',NULL,NULL,NULL,'1',0),(273,'NULL','NULL','2015-01-01','chakaneld','nchatue+jara@gmail.com',NULL,'4c28a8cfc6cdc8c269e03fdb9dd5d35bc5e1eba39dd05c24303f160cf53cac1b','e9605e4c34926819bc7e91a4ae86453c914be0326a247fe2884c160c2d7c9378','2020-04-02 07:28:10',0,0,355,1,'+33616976114',0,0,'EJARA00',NULL,NULL,NULL,'1',0),(274,'NULL','NULL','2015-01-01','fouomene','fouomenedaniel@gmail.com',NULL,'5418d53971e26a2ca394d70f72c01b996c3171f31588e90cc57d552f3eecd3c5','0d6b08bdf31075bc86a9b55647e4fcc55b4e265e77385d1d720192d5fc7f90ef','2020-02-27 16:06:40',515,0,356,1,'+237674099619',0,0,'EJARA00',NULL,NULL,NULL,'1',0),(275,'NULL','NULL','2015-01-01','Prost','prostyonga06@gmail.com',NULL,'680adc50315a0bbe74f0e89dda181206a911c0c4c83a33d20aae43931ddd091d','257bf33de110efc0a50e6bf368f3016982867e489738323f05c2ff623e1e30a8','2020-05-27 17:32:29',0,0,357,1,'+237690603925',0,0,'EJARA00',NULL,NULL,NULL,'1',0),(276,'NULL','NULL','2015-01-01','Aubinho85','njuimbin@gmail.com',NULL,'9d682b1f1ab12118dd836ef4d63b5481cc5e883458443c66c7d5476ffea110e1','e256cdd91eb41ede43aefceadd1f0359d3021cff8732a20c770d53a41d08d02c','2020-02-27 17:57:23',0,0,358,1,'+237695926751',0,0,'EJARA00',NULL,NULL,NULL,'1',0),(277,'NULL','NULL','2015-01-01','marouf','elmaroufa@gmail.com',NULL,'36b213635116c2a726cf7db2b5bc29d5acbb01da4f25e16c289eff5b16ef45e0','839491dcfcd0f39ea440851e44c9ecb3dafda57c63bbaa0a14b3e65b81ebe565','2020-02-27 18:08:29',0,0,359,1,'+237669734148',0,0,'EJARA00',NULL,NULL,NULL,'1',0),(278,'NULL','NULL','2015-01-01','herman','herman@mailinator.com',NULL,'3bf39bf3fe465c0600105b3451f274fa9f05b3c706f022608c0fb28285fe5cbf','dd88f9ee980ae9af889fdec7f3e78f249430a97b87931fc5679c7319f6118e00','2020-02-27 18:23:05',0,0,360,1,'+237674512384',0,0,'EJARA00',NULL,NULL,NULL,'1',0),(279,'NULL','NULL','2015-01-01','StephKohp ','skohpe@yahoo.com',NULL,'c4adfbc540b51bdc60292047651c2c893fea29b69aedcf67a63ac8d89a773822',NULL,'2020-02-27 18:29:29',182,0,361,1,'+237695888065',0,0,'EJARA00',NULL,NULL,NULL,'1',0),(280,'NULL','NULL','2015-01-01','LeParrain','tecyfra@gmail.com',NULL,'eabcec865462f373b67d0fe55fc2a70e3d113907846a91465741350e7a2aa391','6668bd83728894f22fab75d0c6a42d9222e607ee673dea4856a6381db71603f1','2020-02-27 19:53:55',0,0,363,1,'+237652035569',0,0,'EJARA00',NULL,NULL,NULL,'1',0),(281,'NULL','NULL','2015-01-01','junior Muna','juniormuna1@gmail.com',NULL,'37c302c47ac805ba47fe640e20b7f2b0355ed6fe39c49fe853b678f6c1127bc4',NULL,'2020-02-27 21:03:25',0,0,364,1,'+237655099757',0,0,'EJARA00',NULL,NULL,NULL,'1',0),(282,'NULL','NULL','2015-01-01','eko2020','elvis.konjoh@yahoo.com',NULL,'4775b53423c2d559258094064e936a227000a3912f3ba0c08afa2ebacca179a9','eafa4c56dc8078ed824e9bf74e0b6ab94673460a54b124d602eb9f7aeb9b0617','2020-02-28 09:01:32',0,0,365,1,'+237696078824',0,0,'EJARA00',NULL,NULL,NULL,'1',0),(283,'NULL','NULL','2015-01-01','Dolly','nlemdolly@gmail.com',NULL,'c66ecfd8d0bb32d5629eb3f2470a0a8fb1141f1da7247feb0bd644d878a9d2f4','87ad0bcb2da2520b267b58d763b7cf6aaec385f3eeb0656511544f720410af5c','2020-02-28 10:16:07',0,0,366,1,'+237656857571',0,0,'EJARA00',NULL,NULL,NULL,'1',0),(284,'NULL','NULL','2015-01-01','joel4mlm','joel4mlm@gmail.com',NULL,'f13cf6bf6c8a07527f8c63fdb3a24f399b33ffe35a39746641cfdeba1588f3e3','dd7caac1b29301f7a6fbb3593aa24b59d1c3e51d1d74713c14593f02344627c6','2020-02-28 10:51:10',0,0,367,1,'+237677182675',0,0,'EJARA00',NULL,NULL,NULL,'1',0),(285,'NULL','NULL','2015-01-01','Jovial_old','douanlajovial@gmail.com_old',NULL,'d946f20ccffe6ddadce5ec69869517c896fa3ee13a751d2fadcfdc2d3099112e','23470a4237b9476c05a305e7c2e93a21810ce51884ae0dd37d1026920c0a71b8','2020-02-28 15:19:02',0,0,368,1,'+33769650914_old',0,0,'EJARA00',NULL,NULL,NULL,'1',0),(286,'kamdem','Nelson','2020-07-31','smith237','tellanelson8@gmail.com',NULL,'ec7a69a015c4be29349618a48f93d945e83e7101058cfb7d181b9228249cad88','904672d5b04e4a240c38d29468786f585a2863a293147f09bf0f8bc6b2d6a556','2020-02-28 16:12:24',0,0,369,1,'+237697380148',0,0,'EJARA00',NULL,NULL,NULL,'1',0),(287,'Illona','Moumi','1996-03-14','illona1996','illona_moumi@yahoo.fr',NULL,'c8582e1ecb8fda2f2ff081081ac3f4392048725ce2a4de6ab02230768f80fe13','3a8abbc8411cbe419e8ddd7645f4ec669991c26a90e79727d0ba45708b34ec01','2020-02-28 19:35:41',0,0,370,1,'+237696057257',0,0,'EJARA00',NULL,NULL,NULL,'1',0),(288,'NULL','NULL','2015-01-01','Yunik7','chatue.sonia@gmail.com',NULL,'b0f5d6a90a8af9831e31c09055bae111d8846535cdd2009e0adef9f073b690c9',NULL,'2020-05-28 20:19:37',0,0,371,1,'+237683519485',0,0,'EJARA00',NULL,NULL,NULL,'1',0),(289,'Justin','Onomo','2001-03-03','NamNori','justinonomo@gmail.com',NULL,'1734f83ea164cb39023e251b8b39a957fee5a388a15dfce13eb164daa79f08ae','d77561bb056c2feca21ddbc665e43563956a041ed86e2c588bbb4e5db8485495','2020-02-29 10:41:33',6,0,373,1,'+237680583420',0,0,'EJARA00',NULL,NULL,NULL,'1',0),(290,'NULL','NULL','2015-01-01','Kira','mvemvearnoldjunior@gmail.com',NULL,'c9d68301dd5f8175c4dd9830ef4e83da9d94fa8231231033deff2665cf42bc03','ee9e5acf09074057cd24c184c07ac05b017dd73b40b4f606ad28cdbef01e3133','2020-04-29 10:50:28',0,0,374,1,'+237653451508',0,0,'EJARA00',NULL,NULL,NULL,'1',0),(291,'NULL','NULL','2015-01-01','Stephen2wise','stephen.foka@gmail.com',NULL,'11355e7557afaf0b075b0c72b8a001955f55a4a21bd8f3ba3d41d30aff4ab2a3','2c05c12df715c373e8102308ec45bcc361569fd76617100ec8e143972ae9e255','2020-02-29 10:58:26',0,0,375,1,'+237695613861',0,0,'EJARA00',NULL,NULL,NULL,'1',0),(292,'NULL','NULL','2015-01-01','sandy','sandytsoyem@gmail.com',NULL,'695c0a30275d17f04954bc3ac04e37528bacd66aaffd5e625d8438ca89fbc77e','281807052e59b26caed24948b6ffaaf2824d22a99b51dda23b1e90330a986b54','2020-02-29 12:32:58',1000,0,376,1,'+237691795592',0,0,'EJARA00',NULL,NULL,NULL,'1',0),(293,'NULL','NULL','2015-01-01','Joel','sonnajoel39@gmail.com',NULL,'365bb097ac5eb4751c28924263a349e0208076a56d2dacfc8b16f0a60ed2f67d','2c30893ab7e8f9e709aa8152f5d9ef7528154d84c675a45cdf4eff40e9e279e0','2020-02-29 12:34:43',0,0,377,1,'+237670050977',0,0,'EJARA00',NULL,NULL,NULL,'1',0),(294,'NULL','NULL','1957-03-02','ngouloure','ngouloureali@gmail.com',NULL,'be0941243161f85bf520c60009e07ff7d38ec42d7888a27c19cebc8984a6bbbe','dc86d0e8e5ef689f4669a50119657b8172e509d9580f74f7a7fa36a49fe94013','2020-02-29 12:36:33',946,0,378,1,'+237699581517',0,0,'EJARA00',NULL,NULL,NULL,'1',0),(295,'NULL','NULL','2015-01-01','wadjith','wadjith@gmail.com_old',NULL,'a1087187db1fe05dc130f8bb17cca826dd2aa2c84a7978f7236726b052ccb75c','cbc6599361334cd6f16850114ef09dbe59f8711a22235886059ea25d6e83ec2f','2020-02-29 13:03:38',438,0,379,1,'+237677012678_old',0,0,'EJARA00',NULL,NULL,NULL,'1',0),(296,'NULL','NULL','2015-01-01','goldengatesbuea','goldengatesbuea@gmail.com',NULL,'87acd2540f21ade41e977d060fa914441892992896941f21f05e35db33ac281a','afa18a33ad0d9eb1a30dfe9d704affcc8692273630f9a705a2e60887cc8356b3','2020-02-29 13:08:20',0,0,380,1,'+237651279347',0,0,'EJARA00',NULL,NULL,NULL,'1',0),(297,'NULL','NULL','2015-01-01','obeshor ','yannicksergeobam@gmail.com',NULL,'6d0833d152457a870e18498f904c555ad64e1c3827422c11b5fa9c19ce645fe1',NULL,'2020-02-29 13:11:23',0,0,381,1,'+237652611727',0,0,'EJARA00',NULL,NULL,NULL,'1',0),(298,'NULL','NULL','2015-01-01','Dolors','enyeguem1@gmail.com',NULL,'0ad36afa3ed6644243c461292841d40dea94cf4ced3d4172a3593c001b063131',NULL,'2020-02-29 13:32:12',0,0,382,1,'+237650555060',0,0,'EJARA00',NULL,NULL,NULL,'1',0),(299,'NULL','NULL','2015-01-01','brandolkuete','brandolkuete95@gmail.com',NULL,'de18751cbf74f6a0084acbb387057f24d754c0de3239e4b96f86575095cf0374','b38cb593e4adbe6b6c47776966611de91843aff78f24bebaa0c12a4e4d5df841','2020-02-29 14:51:04',0,0,383,1,'+237691469475',0,0,'EJARA00',NULL,NULL,NULL,'1',0),(300,'Fabrice','Yonkeu','1998-03-15','FabYk','fabyonkeu@gmail.com',NULL,'b87e1b8134557e1d6de4945dd6de7e280039e6a891b5e7852b1f6d3d7d15381f','5e3cefce6e598fe15121b54031083d834b9abfefd6f09becec5bdae8100d7d3e','2020-02-29 15:14:07',0,0,384,1,'+237693329710',0,0,'EJARA00',NULL,NULL,NULL,'1',0),(301,'BILOA','Romo ','2015-01-01','bkrs_old ','',NULL,'cfa09cbcd4af96dea4bb496e534b131c0fb4597f0d1b796cce6d450de3017084',NULL,'2020-02-29 15:18:36',495,0,385,1,'',0,0,'EJARA00',NULL,NULL,NULL,'1',0),(302,'NULL','NULL','2015-01-01','zedicus','zedicus27@gmail.com',NULL,'2d57a656ae1162c1558c07f08da27f991b34397c146dd21ed79d618bb852cff7','1249b4ad600c6ea25aa9532a10853a99d7e6a5fb74a795cae66730d577996268','2020-02-29 17:02:08',0,0,387,1,'+237697222555',0,0,'EJARA00',NULL,NULL,NULL,'1',0),(303,'Kevin','Obam Ekono','1995-03-08','kevin','ekonokevin@gmail.com',NULL,'2fa3bfff5a615bcae0690a571b169d1184da5192f55d9ed3164caa25d9fb17dc','bc5187917ef21af04a5ec011fdf32ce5b2283794328a8573011f2b67001be012','2020-03-02 15:05:49',2491,0,389,1,'+237691100128',NULL,0,'EJARA00',NULL,NULL,NULL,'1',0),(304,'NULL','NULL','2015-01-01','Ejara','ejara@nzinghaa.io',NULL,'be0941243161f85bf520c60009e07ff7d38ec42d7888a27c19cebc8984a6bbbe','53d7596c53afa167830c1eb26f39571213fc1ccb1c091d1bb76da9ccfa434277','2020-03-03 07:16:59',2198,0,390,1,'+237655867729',0,0,'EJARA00',NULL,NULL,NULL,'1',0),(305,'NULL','NULL','2015-01-01','Illonaold','oldcmoumie@univ-catho-sjd.com',NULL,'e8db721e0c146e27626e45d913eb6e77e322546f5452e46941f589dc00b9d5e8','5430b9085ed0d9e9aa3df33026f061594f9beb2016667983cf1f231adc714240','2020-03-03 12:40:23',0,0,392,1,'+237673754346500',NULL,0,'EJARA00',NULL,NULL,NULL,'1',0),(306,'ngankou','Michel','1996-09-17','MKILLER81','michelkiller81@gmail.com',NULL,'1919dae6364941e939cb3d7396ec8738789077e69e98347152c78db3bc9b6448','798211d5d6ca5b3af058652d0050cd83b44f2ce6d2f4e12b73f5b23a74f3dfe8','2020-03-04 09:59:20',0,0,394,1,'+237690547176',0,0,'EJARA00',NULL,NULL,NULL,'1',0),(307,'NULL','NULL','2015-01-01','Sonilyn','sonialynda@gmail.com',NULL,'72c70b017f4ff0dcd8850121551c02653c86f3c7c950281bfc22887c49103668','280b8267a1f3d2c1786a50bd30ab2417841c2db4d21712deb2a7a301ce18bb85','2020-03-04 12:38:08',0,0,395,1,'+237673922002',0,0,'EJARA00',NULL,NULL,NULL,'1',0),(308,'NULL','NULL','2015-01-01','Onlycorine','onlycorine@gmail.com',NULL,'b03ddf3ca2e714a6548e7495e2a03f5e824eaac9837cd7f159c67b90fb4b7342','44a8a8fcac3ded6dcac366922a488b9c19785f78cc151f93828abb8c982db3d8','2020-03-05 08:35:06',0,0,398,1,'+237679456148',0,0,'EJARA00',NULL,NULL,NULL,'1',0),(309,'NULL','NULL','2015-01-01','thekingken','boungoufayad@gmail.com',NULL,'0891bcf117b7697eb630466530a2642919a635d0ae1f607a163284f5bb34b44e',NULL,'2020-03-05 11:15:50',0,0,401,1,'+237659142442',0,0,'EJARA00',NULL,NULL,NULL,'1',0),(313,'NULL','NULL','2015-01-01','Mick','mikhaelkamdem45@gmail.com',NULL,'d6604f4af741707aaeb81a9e06f4c3fd4cc9bfecbeca20de6123a7b980d4aad2','2c0fd2a2b916b30790155ef5058f118e4c6d393920d98fa8cbe0dd2cfd50bb0d','2020-03-05 18:19:28',14820,0,405,1,'+237691679994',0,0,'EJARA00',NULL,NULL,NULL,'1',0),(314,'NULL','NULL','2015-01-01','Test','test@gmail.com',NULL,'d6604f4af741707aaeb81a9e06f4c3fd4cc9bfecbeca20de6123a7b980d4aad2','fad3f3edace7df44d06d7933b4e8bbca614654a51db5707356e7c5c5aa2d5cc5','2020-03-06 09:26:15',0,0,408,1,'+237692934212',0,0,'EJARA00',NULL,NULL,NULL,'1',0),(315,'NULL','NULL','2015-01-01','baba','ctangham@gmail.com',NULL,'0f32862e7ddde09dc75de6632e6862e19c99485f1597afe3dc4c02b3a42df269','3f8a92a74eb0f46e382ad9d43c91276da87fdffb3363b949de3c36d1651dc9bd','2020-03-06 18:22:08',0,0,409,1,'+237673635706',0,0,'EJARA00',NULL,NULL,NULL,'1',0),(316,'NULL','NULL','2015-01-01','Ren','owonarene8@gmail.com',NULL,'d37e881736e22186ba673deeb185a7acb30947b0429c29e35dfdcdfb4edf6ece',NULL,'2020-03-07 10:58:55',0,0,412,1,'+237695612624',0,0,'EJARA00',NULL,NULL,NULL,'1',0),(317,'NULL','NULL','2015-01-01','linho97','linseynjeimejang@gmail.com',NULL,'916d52f0b7941afda2c56e8ef7b7b624aca9f624c26291d6f3188f3df7a519de','0166bcb9f2ff80db6a4c02f2c46455d55c56844aa46b4686d185bab119527402','2020-03-07 14:27:58',0,0,413,1,'+237679274012',0,0,'EJARA00',NULL,NULL,NULL,'1',0),(318,'NULL','NULL','2015-01-01','romeo97','sangongromeo@gmail.com',NULL,'99b0e5404dc6754fa1bcda49116475f423af3756e67cbaffb6937dd7399f7b6e','b29b571762a080e119bbc5b55467801dc866e7b0d1a17f6f055a4c376181d6a1','2020-03-07 14:33:48',0,0,414,1,'+237670365096',0,0,'EJARA00',NULL,NULL,NULL,'1',0),(319,'NULL','NULL','2015-01-01','mendosa','leadermendosa@gmail.com',NULL,'ca3c8bd2ae109f0036bc73db0b1d3ae40e60e6fe601be74a17f34eea2fa78e92',NULL,'2020-03-07 21:57:40',0,0,415,1,'+237694627828',0,0,'EJARA00',NULL,NULL,NULL,'1',0),(320,'NULL','NULL','2015-01-01','JohnDoe','elgoogclass3@gmail.com',NULL,'bf474c2300f6450ea12a60fce0670ab7aab01f26545231580b3e6fe10e38b2bf','7915e94cdc4b44f6c179af436601edbce79fb1e92bdcae799a95f4862eb2d4ad','2020-03-10 19:31:28',0,0,422,1,'+33600000000',0,0,'EJARA00',NULL,NULL,NULL,'1',0),(321,'NULL','NULL','2015-01-01','Deco','comptemail4net@gmail.com',NULL,'786eda9fc975d1567206f1e6e971ab8df71ee2d14a91209535491b12806d1210','1aa34c768dc007b4374d3b8ad33ab9c753f79f1549bdc0ab03e3ec8ca2602c62','2020-03-15 19:33:02',0,0,434,1,'+237698768298',0,0,'EJARA00',NULL,NULL,NULL,'1',0),(322,'NULL','NULL','2015-01-01','justin','justinumble11@gmail.com',NULL,'96e1f83170c8866dd18db61f3fa693d7905a497739892e09f97ea8d958a6fa7b','4af116be73a90547db2beb7e68e096a251b5018b8b1ef21ed83df172ec58fab8','2020-03-16 12:02:08',0,0,436,1,'+237653877017',0,0,'EJARA00',NULL,NULL,NULL,'1',0),(323,'NULL','NULL','2015-01-01','Sedricksani ','Sedricksani@gmail.com',NULL,'76ea3d5ac9f8034ff7abaad3edb131920798b9748914e53a74782b9281818e22',NULL,'2020-03-16 13:40:32',0,0,437,1,'+237698608545',0,0,'EJARA00',NULL,NULL,NULL,'1',0),(324,'NULL','NULL','2015-01-01','abdou','electleba@gmail.com',NULL,'fc95599b32f59b4eff4ae64aeb993d817e7e3a0f4a9f6075a47c48836a956486',NULL,'2020-03-16 22:55:46',0,0,440,1,'+237698532692',0,0,'EJARA00',NULL,NULL,NULL,'1',0),(325,'NULL','NULL','2015-01-01','scenario','fradithtest@gmail.com',NULL,'317d625760f8fb03832576890b8ef30fedc0538a06cf7ab9aa2d01851da570c7','efd0c32db7d98c1e1b27c79b110f83f7c4b799143f60a5bdcef0b40273e493d7','2020-03-17 12:26:00',0,0,441,1,'+237677126994',0,0,'EJARA00',NULL,NULL,NULL,'1',0),(326,'NULL','NULL','2015-01-01','bat20','batfromparis@gmail.com',NULL,'6c51c5b3fa27d4e9c53ddfd6e752c7a202d6a123b555eb162fc36bd36b3a0347','4860b9237af6b587faab072523efdbacc42dd24ca9ba7457e22f4e546a06877d','2020-03-17 14:16:04',35372,0,442,1,'+33611080842',0,0,'EJARA00',NULL,NULL,NULL,'1',0),(327,'NULL','NULL','2015-01-01','wilfred26','wilfredfoncha07@gmail.com',NULL,'c468f3091165a1a3f066acd4421d36c605aacb0bd00d5ab38c78d0b04fdfaadb','8603aaad48f6f8cd17c703d55b7cede30c482e591859b0cb991c8ac3bbda71ac','2020-03-17 16:27:52',0,0,443,1,'+237691257240',0,0,'EJARA00',NULL,NULL,NULL,'1',0),(329,'NULL','NULL','2015-01-01','plumeria','kmaffock@gmail.com',NULL,'f80c531daf469bf516ee5050a529690312d6c59df3c66a7a5b0bef66d058d120','2272f1ba2a77712411929a4285c1f06db72d3965d5a347b98fea0f43a6fe3bcc','2020-03-18 09:41:35',6,0,447,1,'+237653232640',0,0,'EJARA00',NULL,NULL,NULL,'1',0),(330,'NULL','NULL','2015-01-01','iAmNV','nguemnev@gmail.com',NULL,'4e40bd2032f6d89ce489feb5039b4dfa7a802b58e21081e6db09b6198ed3e184','ff77388ffb4b50b10cdf76d8ce82d75d89b24c72758447bd4e3689bc112daa37','2020-03-19 09:02:34',139,0,450,1,'+237691980189',0,0,'EJARA00',NULL,NULL,NULL,'3',0),(331,'NULL','NULL','2015-01-01','Imperial','kotarocurry@gmail.com',NULL,'d53ee95268f6b94a1c215c5e31cf256657de9c9262f946054aee7848b44f638f','09bf69cc59e26b14a819074d86ca35fd6a775f35cb99c509124e9a58ec4da6f5','2020-03-21 15:59:36',0,0,455,1,'+237681935649',0,0,'EJARA00',NULL,NULL,NULL,'1',0),(332,'NULL','NULL','2015-01-01','ej_onboard_test','ejaraonboardtest@gmail.com',NULL,'42ba493ac5767e8d835b60cd48e3def7147187e4faa306015b691f566a89c949','39c9f7cac3cedc5992f74d7e69461333113f9f8ba37e68da29caaea96626e8a3','2020-03-22 07:34:14',0,0,456,1,'+237669113543',0,0,'EJARA00',NULL,NULL,NULL,'1',0),(333,'NULL','NULL','2015-01-01','fabriceyopa ','',NULL,'d4d083e17e3d9ccd01ebc34a4af5506a754164c126f8a22b09a624305912af26',NULL,'2020-03-22 07:40:04',0,0,457,1,'+237698319729',0,0,'EJARA00',NULL,NULL,NULL,'1',0),(334,'NULL','NULL','2015-01-01','ej_trans_test','ejaratransacttest@gmail.com',NULL,'1e15ffff3496158e96c2e3b833ae0fefcb040b524da5b67024675684810c9b16','39c9f7cac3cedc5992f74d7e69461333113f9f8ba37e68da29caaea96626e8a3','2020-03-22 07:46:40',638577,0,458,1,'+237678740858',0,0,'EJARA00',NULL,NULL,NULL,'2',0),(335,'NULL','NULL','2015-01-01','ndohvich','ndohmoise@gmail.com',NULL,'edf5c3e55f979801abb6ff650d056a9de99f59fd59fb1a6269a0184d46a0d070','918408fdb68bf3f8e80ff55076a16858e2a1717872f37e92f9592233bf9b0f6d','2020-03-23 13:48:40',0,0,461,1,'+237695994053',0,0,'EJARA00',NULL,NULL,NULL,'1',0),(337,'NULL','NULL','2015-01-01','junger','juniorchend@gmail.com',NULL,'a4f85274c5b6448e23675f7ee035583cea64fd46e0fe8a83a27400246ea690f8','0dd1e7520eb9ccbb6206218e45cf78ca776e36de53c1fd325f9f33605e12c8ca','2020-03-28 11:18:28',0,0,466,1,'+237694325555',0,0,'EJARA00',NULL,NULL,NULL,'1',0),(338,'NULL','NULL','2015-01-01','illona','moumieillona@gmail.com',NULL,'fbe08ac2b092974b3df44ff3a712c2ce0c5e04b95994f30e20aafb2743eca5ef','3a8abbc8411cbe419e8ddd7645f4ec669991c26a90e79727d0ba45708b34ec01','2020-03-29 11:20:36',192,0,469,1,'+237675734346',0,0,'EJARA00',NULL,NULL,NULL,'1',0),(339,'NULL','NULL','2015-01-01','Mrzamalol','nicolas.sharpin@outlook.fr',NULL,'1db33632fad59303b057c3faeab93ea64115f3cb430063a12128a1b26f290f55','9e2b2df3b386cb2301f34662c490f30dd0c79d97ed847aa765d13fb63aa72b10','2020-04-01 13:26:21',0,0,475,1,'+237653796665',0,0,'EJARA00',NULL,NULL,NULL,'1',0),(340,'NULL','NULL','2015-01-01','Thezamalol','sharpin8christine@outlook.fr',NULL,'1db33632fad59303b057c3faeab93ea64115f3cb430063a12128a1b26f290f55','9d7cd58c41568304c7c12604fb05e5ae021b1c9f1bb99dd0d6c5aa3ea8bc31f8','2020-04-02 09:16:32',0,0,477,1,'+22577382230',0,0,'EJARA00',NULL,NULL,NULL,'1',0),(341,'NULL','NULL','2015-01-01','claro81','talla_carine@hotmail.com',NULL,'cf272d2f1ac4d3c088519f7f8158d45c0791096b01e0a07865a6ca30d032ffb6','a4da75d2970f32a0c5f23c0cbd66ac80f3fbf284a66b2a85a01927ce81e3517a','2020-04-03 18:35:07',0,0,479,1,'+237677355587',0,0,'EJARA00',NULL,NULL,NULL,'1',0),(342,'Pierre ','Ayomo ','1991-03-23','YaPima','pierreayomo@gmail.com',NULL,'c2999eaae36d16b242d37bccff8deec1ec1da135916254afe063157c6088695d','81d315bb2c7fee72d8b0b28d4f22f2788393a5a9b6abaa781dcd9896005c159f','2020-04-03 23:11:07',0,0,480,1,'+237694670515',0,0,'EJARA00',NULL,NULL,NULL,'1',0),(343,'NULL','NULL','2015-01-01','roos','roouseveltedelano@gmail.com',NULL,'f065db4fc62ab7feb099e8fba67aac5f7906439c4c9256c70fe1cb1454d97c22','18ec130a78facb219cae707656dfa877a6b70b5c90785ed44ec0b65dece2cb8c','2020-04-03 23:29:05',0,0,481,1,'+237698127373',0,0,'EJARA00',NULL,NULL,NULL,'1',0),(344,'NULL','NULL','2015-01-01','abbudy 1','abdel9133@gmail.com',NULL,'0a968982428c5df2ba0647ca4b2c6eb5d8b5553eb4be6390ad5dbd4336bb9400',NULL,'2020-04-04 05:41:24',0,0,482,1,'+237650676091',0,0,'EJARA00',NULL,NULL,NULL,'1',0),(345,'NULL','NULL','2015-01-01','Mika','akonoevy@gmail.com',NULL,'d59f56fb0f4e616af7708df84da9767c0b0a7f5704f3460e490df1af636e2bb1','77d621368680a992c2ef0e870ba75142b503b774f13a95bd7728036a720766f6','2020-04-04 08:18:23',0,0,484,1,'+237680532248',0,0,'EJARA00',NULL,NULL,NULL,'1',0),(346,'NULL','NULL','2015-01-01','Faucheur','faucheurb@gmail.com',NULL,'a40a514971bf9483b82d524cfe169b2f34e9523a62034afe452047f19f58db79','696629b664e258de4e09e934dd8afdf49549221b7ef8594bcc6a67dd7231ea9b','2020-04-04 10:05:57',0,0,485,1,'+237696370260',0,0,'EJARA00',NULL,NULL,NULL,'1',0),(347,'NULL','NULL','2015-01-01','frankky','franksoumou12@gmail.com',NULL,'cb7ea40557e312337c8f8db1ab6e8ed131b030a139c72490f4f1fd44c4b60949','d12648de6aac4d0b746090696fd58cf851d3a1fd61a429e40959cdb488f1268c','2020-04-04 10:17:26',0,0,486,1,'+237655002170',0,0,'EJARA00',NULL,NULL,NULL,'1',0),(348,'NULL','NULL','2015-01-01','moussasso','mathieumoussa23@gmail.com',NULL,'6c41ed3ca141ab62ca01cfdf45e991fa1b06bddf848766b34b70a2daff4541eb','5a37607a1e39ce0e0f3c9f1000c44b1ebdef5a6e589423326470a5ac17cbe845','2020-04-04 12:28:17',0,0,487,1,'+237655522039',0,0,'EJARA00',NULL,NULL,NULL,'1',0),(349,'NULL','NULL','2015-01-01','chi','mikeboychi@gmail.com',NULL,'c6985dbd9e0fdf3da51196da38b281065845823adf6a5d89f89cf4ff3d01a97c','f169b2a08eddf73727ac5888d5d58b495bb5ab5835ab01ad8990d35c3915f987','2020-04-06 06:37:21',0,0,488,1,'+237651890022',0,0,'EJARA00',NULL,NULL,NULL,'1',0),(350,'NULL','NULL','2015-01-01','unike','unike237@gmail.com',NULL,'77c6d3272252a93d89ba0c25a038ebbedd39f6544688e48f4b2dfbfb27963180',NULL,'2020-04-06 22:23:05',0,0,489,1,'+237694850018',0,0,'EJARA00',NULL,NULL,NULL,'1',0),(351,'NULL','NULL','2015-01-01','plasticperson26','edgarvaas@gmail.com',NULL,'fad36eb54215ce1ebbc44f76ec05e8aa0dc8f40175ff2528c7e3fd1a302f3541','ee8350ae11fa83bf7946a0a5e42989aa8a808adb4440b5b6a3da493c19ccc12f','2020-04-07 09:19:21',0,0,490,1,'+237671689694',0,0,'EJARA00',NULL,NULL,NULL,'1',0),(352,'NULL','NULL','2015-01-01','Borel','landreau20@yahoo.fr',NULL,'65954a20fd6a9259ef594e93fd32719325e6b6fef22ab992ae33b641e2db4df1','405d86596d86f5c79d8ad732591271285284ea43e04b0cd384bf37ba9c3cf896','2020-04-08 18:48:59',0,0,491,1,'+237678729649',0,0,'EJARA00',NULL,NULL,NULL,'1',0),(370,'Junior ','Mekin',NULL,'junior','juniormve234@gmail.com',NULL,'8d3b13d9ba95bacd596c82b18921d7f72cc6f79fb1d84ab24a64cfe14c76c53b','09f7a407183388fd01fdaf5de0dfb5f01f4ff9e476f0c626bd28c9ebb11a39f3','2020-05-01 09:53:51',1116,0,509,1,'+237695507090',0,0,'EJARA00',NULL,NULL,NULL,'1',0),(353,'yann','ahmed','2003-05-17','Yann Mbouche ','chafahcij@gmail.com ',NULL,'21393cf8d955bf8e7bd64e2fbcb39f86620eb4c63c3107d77b3a35008f589f55',NULL,'2020-04-10 12:58:40',3370,0,492,1,'+237694947108',0,0,'EJARA00',NULL,NULL,NULL,'1',0),(354,'NULL','NULL','2015-01-01','christianxavier','christiancity90@gmail.com',NULL,'80c01aa24e2ac60cfd4f4724fc9ed7b36811ae8dff38d75cf461f526860989a5','5ff64ccccde714c3e939f005e1716530a132d399e657a93fcb3827e0ce160fba','2020-04-10 21:00:10',0,0,493,1,'+237696546198',0,0,'EJARA00',NULL,NULL,NULL,'1',0),(355,'NULL','NULL','2015-01-01','toothypuma','normantchandja@gmail.com',NULL,'6680783f18e5c90248f903bf25cbfa3c9eed5cf9d880fd349f3f72c70f2f599c','8df6228d1f83db95929a4c61ce347fb6c65875c57a87d5fb02efa33d114ed913','2020-04-14 11:41:53',0,0,494,1,'+237696528881',0,0,'EJARA00',NULL,NULL,NULL,'1',0),(356,'NULL','NULL','2015-01-01','lamaf ','mafelmarabiyocho@gmail.com',NULL,'42ce365a51947448c82387e99d7f3c9a5d27b3bd00a188138ec567b624d01ea1',NULL,'2020-04-15 07:59:52',0,0,495,1,'+237655875898',0,0,'EJARA00',NULL,NULL,NULL,'1',0),(357,'NULL','NULL','2015-01-01','bach12','adamoubachirou1234567890@gmail.com',NULL,'a8a544c2fd660f36cb08c10571557815c4de7cd9887db1625cc712226caf8b1a','b84ebd5c918a58da949eb2d37ef793891de86f21aafb9ff6fdc855d1ad4ef140','2020-04-15 23:40:35',0,0,496,1,'+22892163230',0,0,'EJARA00',NULL,NULL,NULL,'1',0),(358,'NULL','NULL','2015-01-01','john','johnkuate@gmail.com',NULL,'d6604f4af741707aaeb81a9e06f4c3fd4cc9bfecbeca20de6123a7b980d4aad2','ee367a659531e778fbeea47d6984741eb685554b2224979c5ea8aec1baf58e2f','2020-04-18 00:15:43',100,0,497,1,'+237653869819',0,0,'EJARA00',NULL,NULL,NULL,'1',0),(359,'NULL','NULL','2015-01-01','leger','foposseleger@gmail.com',NULL,'7dd048e5f214632a7fa73519fb516823bbd9d87fbaf2b01a290298d03e5d2c18','a7ad09070719db3bdb7e120c3ad438e7c608fbb477db2ac16a5ea729fac912b9','2020-04-19 08:41:11',0,0,498,1,'+237696633645',0,0,'EJARA00',NULL,NULL,NULL,'1',0),(360,'NULL','NULL','2015-01-01','Lyonnel','dtlyonnel@gmail.com',NULL,'f70eb401eed093618dbf6bf86e086a0f6f4613644b1f6986214a88475e1ab0ee','efc595ce556182cc23cf26a95480eb84d9fba88d35ebcb7fd6157e78e7749851','2020-04-19 10:16:47',24,0,499,1,'+237673632095',0,0,'EJARA00',NULL,NULL,NULL,'1',0),(361,'NULL','NULL','2015-01-01','willi00253','william00253@gmail.com',NULL,'41ebd574f49af23c00389baeaf589dae6adf97d9f0129291dd771804716ade73','20b3546315c0b007d8be2dcb01049d7b2ca005f269113c158a849ff3d3d410a8','2020-04-19 10:19:01',0,0,500,1,'+237698758772',0,0,'EJARA00',NULL,NULL,NULL,'1',0),(362,'NULL','NULL','2015-01-01','Larissa Mgane ','leumenilarissa@yahoo.fr',NULL,'3829defcde8219077545ec2c71a6eab84bf268652f229fbdc7663c1a3c19a194',NULL,'2020-04-19 10:24:08',0,0,501,1,'+33638424939',0,0,'EJARA00',NULL,NULL,NULL,'1',0),(363,'NULL','NULL','2015-01-01','sandra90','menkangonfi1998@gmail.com',NULL,'b4d31a5e514178deb5d9da787fefe038fa9d824c5804301e172a3ba92b180250','08687c2dadb77368be848b05dae2ee53e3aad564d14a64f5e3f8e3ca1a6c9a09','2020-04-20 07:16:25',0,0,502,1,'+237655051486',0,0,'EJARA00',NULL,NULL,NULL,'1',0),(366,'Champrel','Champrel','1999-04-03','Champrel','yannchamprel@gmail.com',NULL,'31dd8ddf4bd74a510a5fd42136963ec81c1756cd6424e109a986c6e717ef043b','008c0b9ca2b8c4e16674a09115f9dfc2e871af266c08c951c1695ab43fd50c8e','2020-04-20 11:04:58',103,0,505,1,'+237690395933',0,0,'EJARA00',NULL,NULL,NULL,'1',0),(367,'NULL','NULL','2015-01-01','Kamamsga','gansonrerelwinde@gmail.com',NULL,'552aeb01741f8241ebc6ec2328828a0adcb1c33234efa5801df4868fc2cf19ef','0ef1a15ceda60d7e152ce64eb6b482b52128cd4f848a4e3b2e053af4e40c8d1b','2020-04-25 15:17:20',0,0,506,1,'+22676855788',0,0,'EJARA00',NULL,NULL,NULL,'1',0),(368,'NULL','NULL','2015-01-01','angemarie 225','kokorajean225@gmail.com',NULL,'dcc2ed03f97c6e0358e4567af213537842ade888282c9c9d66d17b48d969730d',NULL,'2020-04-25 19:17:38',0,0,507,1,'+22502060008',0,0,'EJARA00',NULL,NULL,NULL,'1',0),(369,'Ifeanyi','Emmanuel','1997-12-11','Blairk','Emmanuelblair68p@gmail.com',NULL,'437da73a4de6915008f9091d9cf62c4f559350cffe804f9dd719ffaf7a1db8cd','367892802b56f2838a18a61439b1b6f55704db474846ed4545a576378ed1b182','2020-04-28 12:26:41',0,0,508,1,'+2349032291030',0,0,'EJARA00',NULL,NULL,NULL,'1',0),(371,'NULL','NULL','2015-01-01','Aboutec','siraboutec2016@gmail.com',NULL,'52cc923792a2787f9a105a371394c7f39deceb2b8bb3bd36011d4d182b7ebc16','490a88367d07301762fafe0dcc64f4b98419ed66b75320f2a2271ea5d0cd8f61','2020-05-03 06:36:19',72,0,510,1,'+237670212027',0,0,'EJARA00',NULL,NULL,NULL,'1',0),(372,'NULL','NULL','2015-01-01','nisfan','danielwellbace@gmail.com',NULL,'dfae35a718421d43bf253ba66bb5710ccf9e8f56a45adfab3e15d409690084fc','dd148404705201cc5835c0293cd9d51b0871c365fddd0fdc91da900f96cdac54','2020-05-03 12:09:13',0,0,511,1,'+2348109072674',0,0,'EJARA00',NULL,NULL,NULL,'1',0),(373,'NULL','NULL','2015-01-01','web2020','wandjieric2007@gmail.com',NULL,'c51063f9557b0d7b721b852a384e80b3d49ca62333654ec90a1a278f76e9904e','8f9cb192201b983152d94c1c9f984887d45677e066203789fd4c28c2a59ba4e5','2020-05-04 19:24:50',0,0,512,1,'+237696059949',0,0,'EJARA00',NULL,NULL,NULL,'1',0),(374,'NULL','NULL','2015-01-01','testk','testk@gmail.com',NULL,'6615901b5d5d29b434b2a55a7eb1c6afe2493ba85d759502eae82e0226ec10cc','be028c332986e5f29bb6e80a271ee293b434acc3ba4ab1a052c2f8230be647d3','2020-05-05 16:33:19',0,0,513,1,'+237653365450',0,0,'EJARA00',NULL,NULL,NULL,'1',0),(375,'NULL','NULL','2015-01-01','rgues','rgueskamen@gmail.com',NULL,'2c26feeaf0ada4d634088a2c9b41caaae5c9fe4788e8815744f94c6220680d02','af195e46927cc8cd8c33f8aa2b0020136c4e6cfbc87d87fe1ff3a72dc1114cba','2020-05-13 17:25:16',0,0,514,1,'+237676622933',0,0,'EJARA00',NULL,NULL,NULL,'1',0),(376,'NULL','NULL','2015-01-01','abdel ','abdelrahim388@yahoo.fr',NULL,'f9a476a4555c4359d20776cf99ae97a73c436e6ac6f6b26d337ec9a9314d676f',NULL,'2020-05-13 17:50:19',0,0,515,1,'+237675952070',0,0,'EJARA00',NULL,NULL,NULL,'1',0),(377,'NULL','NULL','2015-01-01','marieyvette36','missryan194@gmail.com',NULL,'37a84cce8a870de4e094f210660ddaee16fedb31bcee29503ad058ec7479fc89','6b7a7a579525da7a2de4d6a05b0ab2f59f753983532d86c2c5afde65b7aefa39','2020-05-13 22:23:35',0,0,516,1,'+237676368755',0,0,'EJARA00',NULL,NULL,NULL,'1',0),(378,'NULL','NULL','2015-01-01','Master P','polobanbe@gmail.com',NULL,'79c3195d5c878891721b8ab4efcecd7b148ba8efee603a1ba1dcc5f102c6c1de',NULL,'2020-05-15 20:10:03',0,0,517,1,'+237693222348',0,0,'EJARA00',NULL,NULL,NULL,'1',0),(379,'NULL','NULL','2015-01-01','sbk','seth@aims.ac.za',NULL,'1d5f6d2d54f9d9c386722d231ee7e1bba2964f37f8c3376feed796d709f1aaf5','1ea38beed6fbeb921458c6e7ccfc6addb9211d05dfb1190b45ba0a43c7298829','2020-05-15 20:33:04',0,0,518,1,'+233553339728',0,0,'EJARA00',NULL,NULL,NULL,'1',0),(418,'NULL','NULL','2015-01-01','annie','annieakam2@gmail.com',NULL,'ed7ecde7f4c48d71f2f7ab43496acf36c5261ea5efb038a41e472ea85dcefdc1',NULL,'2020-06-15 20:49:51',0,0,557,1,'+237690767990',0,0,'EJARA00',NULL,NULL,NULL,'1',0),(419,'NULL','NULL','2015-01-01','Jeannot1991','menkoandenews2@gmail.com',NULL,'58cad92de6fb67491422fc8abc84db74e9344c6383451b09c71612be578feb12','27c8ed2454cb3c92ad28f7fe6263b6a94d779975c3d3fbb000352dee47e2dd83','2020-06-18 13:39:36',0,0,558,1,'+237695200817',0,0,'EJARA00',NULL,NULL,NULL,'1',0),(381,'NULL','NULL','2015-01-01','Test012','Test/ 1@ge.dz',NULL,'d6604f4af741707aaeb81a9e06f4c3fd4cc9bfecbeca20de6123a7b980d4aad2',NULL,'2020-05-22 11:45:16',0,0,520,1,'+237698201031',0,0,'EJARA00',NULL,NULL,NULL,'1',0),(382,'NULL','NULL','2015-01-01','qdzef','d@ee.tr',NULL,'d6604f4af741707aaeb81a9e06f4c3fd4cc9bfecbeca20de6123a7b980d4aad2',NULL,'2020-05-22 12:51:53',0,0,521,1,'+237698563214',0,0,'EJARA00',NULL,NULL,NULL,'1',0),(401,'NULL','NULL','2015-01-01','pitt','noutanewo123@gmail.com',NULL,'5930cccda06ea2ee0456253871644e4279d712e9c185e720e47c8ad39e4d97ff','2c7f6ba9118571dcd7f5a5cdbe3429caca626ad9e914245e68bb3ec70b2ae0c8','2020-06-10 20:40:48',9,0,540,1,'+237694445973',0,0,'EJARA00',NULL,NULL,NULL,'1',0),(384,'NULL','NULL','2015-01-01','ageeeegrg','dz@ez.fz',NULL,'d6604f4af741707aaeb81a9e06f4c3fd4cc9bfecbeca20de6123a7b980d4aad2','b6d311e7b8b35a2282e4ad05255e7b811a9f8d8d4b834d900f018edb2285a233','2020-05-22 12:56:09',0,0,523,1,'+237698571123',0,0,'EJARA00',NULL,NULL,NULL,'1',0),(385,'NULL','NULL','2015-01-01','uduz','kdkz@kskd.ldz',NULL,'d6604f4af741707aaeb81a9e06f4c3fd4cc9bfecbeca20de6123a7b980d4aad2','26d77e196025df0280dce2ba2bd3b23f81483e163539633aef219149c5002bf0','2020-05-26 15:46:41',0,0,524,1,'+237691678459',0,0,'EJARA00',NULL,NULL,NULL,'1',0),(386,'NULL','NULL','2015-01-01','hygggtg','jdh.k2a@gmail.com',NULL,'be0941243161f85bf520c60009e07ff7d38ec42d7888a27c19cebc8984a6bbbe','6fa14f6a96be93762f73074f0325b5b4cf3f9cb49c2e07a273e26b0d4cbc6e71','2020-05-27 06:58:40',0,0,525,1,'+237687665865',0,0,'EJARA00',NULL,NULL,NULL,'1',0),(387,'NULL','NULL','2015-01-01','teste','fcd@gmail.com',NULL,'c466bc1caab899992b587889a305d8d3851091cf708d81483233bdb0f6fb9108','29e5962ccb2aefc20983b1a4d7d0a1fea7784125a37f2bdc021a5d0fe894f634','2020-05-27 14:34:36',0,0,526,1,'+237674089562',0,0,'EJARA00',NULL,NULL,NULL,'1',0),(388,'Leonel','Tchoffo','1999-02-04','tchoffo Leonel','tchoffoleonel99@gmail.com',NULL,'8404dc19b27d8b0fa4c04536ebbdc419449089083c0fbae755fce73f738d4ae9',NULL,'2020-05-27 14:43:27',4,0,527,1,'+237670931629',0,0,'EJARA00',NULL,NULL,NULL,'1',0),(389,'NULL','NULL','2015-01-01','nastic','nwufordaniel@gmail.com',NULL,'4e62992c8ffda1410925c369a5cdd342ed3d6dfd1e1b1d36a05bcb029903b326','4f929d236a145fc4f54bc6cb6cd63d3e16f0e7837584b6de5b8b5516d796f640','2020-05-29 13:11:59',0,0,528,1,'+237697200191',0,0,'EJARA00',NULL,NULL,NULL,'1',0),(390,'NULL','NULL','2015-01-01','Ornella','9ornelladikongue@gmail.com',NULL,'993bd4a0f0a7a748ee42b6a6074ff472ef7c71dffd2c5c0667b5451593a836a7','e2ccca56d3a64561c8c5714288552d3b3637468b62a9662560393deeb0c302ca','2020-06-03 15:34:25',0,0,529,1,'+237656600211',0,0,'EJARA00',NULL,NULL,NULL,'1',0),(391,'NULL','NULL','2015-01-01','steve','stevebonomaa@gmail.com',NULL,'947a93174b30ee76619adfd0ec75780e4de6c527a66abb6e816890078f91ec75','eebcf47ea244d2a1332977766e31a9b99703194a310ac55df44846fb36b4a852','2020-06-03 17:26:47',0,0,530,1,'+237654710250',0,0,'EJARA00',NULL,NULL,NULL,'1',0),(392,'NULL','NULL','2015-01-01','fhezz','ing_ahmed45@yahoo.fr',NULL,'7602f359b424fdfa27df665ad21da2341c35bca415bea67d2762a2c62c65136a',NULL,'2020-06-06 07:34:00',0,0,531,1,'+237698176151',0,0,'EJARA00',NULL,NULL,NULL,'1',0),(393,'NULL','NULL','2015-01-01','lionel tsegaing','lionel.tsegaing@gmail.com',NULL,'e80bdff86ce325a38bcc572e42af44200b88c4a63e8ac7b4ea59f18a4ea76c0e',NULL,'2020-06-07 08:17:50',0,0,532,1,'+237694169035',0,0,'EJARA00',NULL,NULL,NULL,'1',0),(473,'NULL','NULL','2015-01-01','Nadia','nuerkie.20@gmail.com',NULL,'ffa52c7e919488d30e40fa5afa2a823335ed7bb35be5d0996c6504d4604f1a53','0eb475a90b9bf251a28b65ba801de5289a849c44247f47e14b65540fa191b34b','2020-07-28 07:05:58',0,0,612,1,'+233556408282',0,0,'EJARA00',NULL,NULL,NULL,'1',0),(394,'NULL','NULL','2015-01-01','donald','donaldnde@yahoo.com',NULL,'c50aa6015fd1ddf2bf79b79b57e9bdbf2d7471f55a81dff89158a9920419d54a','71c3759ff4f11e51e427cb0249c1fdde21f8b14f87dac4b0d8459ea1c8b19b4f','2020-06-07 13:05:19',0,0,533,1,'+237656962325',0,0,'EJARA00',NULL,NULL,NULL,'1',0),(400,'NULL','NULL','2015-01-01','joeboy','monjuju67@yahoo.fr',NULL,'cc3cffae0eb3e67242443ca3a4d2b3f0af94af177f6984182c2e42ca5480e641','27afec68b889cb7f25168073726527684d696e6a08e360bc04454ed69e837053','2020-06-10 15:23:27',0,0,539,1,'+237654730373',0,0,'EJARA00',NULL,NULL,NULL,'1',0),(396,'NULL','NULL','2015-01-01','stv ','viktalla@yahoo.fr',NULL,'c3778286595d627c3e0ae1fa8fbbd57622bd43e76a67b0f26081d1b876d6d340',NULL,'2020-06-08 07:50:15',0,0,535,1,'+41787141025',0,0,'EJARA00',NULL,NULL,NULL,'1',0),(397,'NULL','NULL','2015-01-01','nathanpro','nathanurce@gmail.com',NULL,'0104cbe4d598a7b9b50dcceb52889fd2687b22b23d318edf444994ae161c1b52','0a66d54319bea01a56939cf3d8334a65873408c261a09188618791ee6e524051','2020-06-08 18:11:52',0,0,536,1,'+237671850154',0,0,'EJARA00',NULL,NULL,NULL,'1',0),(398,'NDOHO','JEPTHE JOSPIN','2001-03-13','Lesoft237','jephtejosoin@gmail.com',NULL,'6e846ed543c07d6d7183e018b2dc54b582f3db08897bd2c5c97996228f2c4ba9','3035017fcc768a6db35f96b9b75d601d5f0eb8ef105e69e7850e4b24b5f7e8e4','2020-06-08 18:20:02',69,0,537,1,'+237695498084',0,0,'EJARA00',NULL,NULL,NULL,'1',0),(399,'NULL','NULL','2015-01-01','urcel','urcel2@gmail.com',NULL,'75380eb7f1017335dd30e71add48ac2aaa21e9f52d4170915a22496f81439bbb','518a383173135ea8f635d38a646c2f02e26f824c5657958b90a249d41e4363c1','2020-06-08 18:25:47',947,0,538,1,'+237691948355',0,0,'EJARA00',NULL,NULL,NULL,'1',0),(402,'NULL','NULL','2015-01-01','Alida02','alidaazotsie1@gmail.com',NULL,'eec87e16c8f160280d41555cdf6a75064079fbdd9a5896fd7d138e6135e53998','cc6e52a73fec046a51b8dd8678198a56f8f9ca9aea11c6064f8ed187fc66d37b','2020-06-11 14:49:24',0,0,541,1,'+237682810292',0,0,'EJARA00',NULL,NULL,NULL,'1',0),(403,'NULL','NULL','2015-01-01','testmick54','hvhg@hgxx.hgcg',NULL,'d6604f4af741707aaeb81a9e06f4c3fd4cc9bfecbeca20de6123a7b980d4aad2','29e5962ccb2aefc20983b1a4d7d0a1fea7784125a37f2bdc021a5d0fe894f634','2020-06-11 17:08:40',100,0,542,1,'+237698632548',0,0,'EJARA00',NULL,NULL,NULL,'1',0),(404,'NULL','NULL','2015-01-01','testmick55','jh@fff.nj',NULL,'d6604f4af741707aaeb81a9e06f4c3fd4cc9bfecbeca20de6123a7b980d4aad2','29e5962ccb2aefc20983b1a4d7d0a1fea7784125a37f2bdc021a5d0fe894f634','2020-06-11 17:17:55',0,0,543,1,'+237698639529',0,0,'EJARA00',NULL,NULL,NULL,'1',0),(405,'NULL','NULL','2015-01-01','ira','iraniemafo@gmail.com',NULL,'954fc7f05ab2f3f66b9497e671e44c8ebaf97769e031fd9f1ef7c1263a4fc91f','ed3565b41ccc15faca79a2f272cc1a6764638c74e84b4e8ee38358a7b4a16f2a','2020-06-11 18:49:24',0,0,544,1,'+237678964312',0,0,'EJARA00',NULL,NULL,NULL,'1',0),(406,'NULL','NULL','2015-01-01','Sylvester','muluhsylvester@gmail.com',NULL,'ec609aec715716683985a54ddc1f3b9570ba81d9dd07721803b9a27ef3371381','71def593c13a39a230fea8ce241b0ac837b3d52bb5936b4c0ec69d9e682fee93','2020-06-12 06:07:10',0,0,545,1,'+237674653496',0,0,'EJARA00',NULL,NULL,NULL,'1',0),(407,'NULL','NULL','2015-01-01','Njobi','njobam83@gmail.com',NULL,'9236963b969f017d94169de4f66311666b6e1d19396c1bb92440ad0ecc792bee','d501be7704ab612bd10bc6bbe7503a646419161a271b91e898a9b50a16e5b2d8','2020-06-12 06:33:04',0,0,546,1,'+237670878550',0,0,'EJARA00',NULL,NULL,NULL,'1',0),(408,'NULL','NULL','2015-01-01','cedrick','cedrickfotso@yahoo.fr',NULL,'d6604f4af741707aaeb81a9e06f4c3fd4cc9bfecbeca20de6123a7b980d4aad2','ac878a61552edab855a12008ea6440f0024605d21f20cff17e6121ed795c161a','2020-06-12 10:38:52',63,0,547,1,'+237694399208',0,0,'EJARA00',NULL,NULL,NULL,'1',0),(409,'NULL','NULL','2015-01-01','eh94','woaghaeh94@gmail.com',NULL,'f80835a111acd87b7485ff76840d5dc4035f28af9403a0f9def8337cb1e646d2','fbada2815a41bcd965de88b83c07e3a78e727c7d717cc94eadd13ca733dcf973','2020-06-13 03:39:45',0,0,548,1,'+237697621879',0,0,'EJARA00',NULL,NULL,NULL,'1',0),(410,'NULL','NULL','2015-01-01','thales','paulsyl20@gmail.com',NULL,'62b236cf84efd4ffd57b9d9ddff25aa1af154568f583485a5ed2c9c2b9e579ad',NULL,'2020-06-13 07:19:58',0,0,549,1,'+237694243622',0,0,'EJARA00',NULL,NULL,NULL,'1',0),(411,'NULL','NULL','2015-01-01','covid19','urcel2003@gmail.com',NULL,'3246f288ab0f437763c29b2887bf860a4ab7a44885c68d5312e4bd7e0bf3e9be','ddafce9bd60a517f1023559c6a112282a44060d888e4b661a66713766973446e','2020-06-13 15:26:43',0,0,550,1,'+237670990979',0,0,'EJARA00',NULL,NULL,NULL,'1',0),(412,'NULL','NULL','2015-01-01','marcelin','nathanrcel@gmail.com',NULL,'7e0ec30ad452db260b14eeafa29bde6372894ad865f82792d77249394fe704fa','66f3b1e1155da7abf51e2bc0d3cb7ed1bd546a367fc73c605fbe3d5cb4cb2df0','2020-06-13 15:46:42',920,0,551,1,'+237677055955',0,0,'EJARA00',NULL,NULL,NULL,'1',0),(413,'NULL','NULL','2015-01-01','pepito','jl8pepito237@gmail.com',NULL,'f5e80ce4e350a1f3d1c99dd0e447db5ac4355827f3e88464eecdbb9088f9fe84','0ded0bf44e58ff226c589a43e797a6018cda9a81c8bf6f96cb3d00698178425a','2020-06-14 18:03:33',0,0,552,1,'+237691163366',0,0,'EJARA00',NULL,NULL,NULL,'1',0),(414,'NULL','NULL','2015-01-01','oly lavenir','olga.lavenir@gmail.com',NULL,'c2c0054ce3696dee83b54e6987640bbcdb6044e9266266f8fe5e9dfc21eaa0a9',NULL,'2020-06-15 06:48:41',0,0,553,1,'+237672723818',0,0,'EJARA00',NULL,NULL,NULL,'1',0),(415,'NULL','NULL','2015-01-01','khalif9cm','idrissou9cm@gmail.com',NULL,'573e71012f32f5f0ca42f5a6043f8c4140d4c828bd927539e980240be9dc6c2f','045cba2a9e9dbad859347086aa2fbf828ae673a3a739614c5d8827cbaf829d2c','2020-06-15 20:14:16',0,0,554,1,'+237678953500',0,0,'EJARA00',NULL,NULL,NULL,'1',0),(420,'NULL','NULL','2015-01-01','Ypal','ypaliang09@gmail.com',NULL,'0e1ecd5ec45098ee2ad82351337ebe216e56d6b578e187b1a59cedfb0f8a8f25','09b8fd070386d4f9d0f7f5a01333488ae6652eec3e797960c1daaeadd6dda4ff','2020-06-20 09:31:32',0,0,559,1,'+237696974289',0,0,'EJARA00',NULL,NULL,NULL,'1',0),(421,'Gaetan','Fongang','1993-09-13','gaetano','gaetanonadjil@gmail.com',NULL,'be0941243161f85bf520c60009e07ff7d38ec42d7888a27c19cebc8984a6bbbe','944d20b8a55f0f26f1672b9f175331f64fd171f3cbf721fb32458db035b71df2','2020-06-21 09:46:33',1547,0,560,1,'+237653465239',0,0,'EJARA00',NULL,NULL,NULL,'1',0),(422,'NULL','NULL','2015-01-01','lordciro2001','lordciro2012@gmail.com',NULL,'bcd8af9004d8b5d24647b3f3cd5759fc8d3dc72a5c3fe932d97be2960d57b0e2','69fcd30cfb424aedd6fc2750c577bee2b9d92666f848be65630dcde3de2a4784','2020-06-23 14:28:26',0,0,561,1,'+237697452716',0,0,'EJARA00',NULL,NULL,NULL,'1',0),(423,'NULL','NULL','2015-01-01','Lionnzoo','lionnzoo@yandex.com',NULL,'af95582027c25ea7613db97113a057af28398f90c01a24ee6d1980f255b90a78','f8fb697c8a4ede679c65c40b47613887ba5772d51c249ee75012e07d8eddaa80','2020-06-24 09:58:28',0,0,562,1,'+21624416947',0,0,'EJARA00',NULL,NULL,NULL,'1',0),(424,'NULL','NULL','2015-01-01','dinodollar','njinjohdesmond@gmail.com',NULL,'514ad84915a3dc7e7366d231374a4c92108c91092caa883da604e652b33efcfa','072cd12b3133fe39deb171fc220250696ce12499caa252262ab64e8698ed3ce4','2020-06-24 12:13:03',0,0,563,1,'+237670114130',0,0,'EJARA00',NULL,NULL,NULL,'1',0),(425,'Fatou','Diane\n','1997-01-05','fatou1711','fatoudiane1711@yahoo.fr',NULL,'75216c44a46bfff78f692d1fe695c02a407a2136625dcc17ca6cf3141e0c4c72','418c8b2d1af2838ed3b494c552eee93e7677be77df2e1ec0aa4831d1e6f9f1bd','2020-06-24 12:14:22',0,0,564,1,'+237698505582',0,0,'EJARA00',NULL,NULL,NULL,'1',0),(426,'NULL','NULL','2015-01-01','favour ','brendaanu@yahoo.com',NULL,'96808be7253336bed2b5052123d3b108971b275fbf06029ce4d42021f9c86852',NULL,'2020-06-24 12:17:58',0,0,565,1,'+16146399531',0,0,'EJARA00',NULL,NULL,NULL,'1',0),(432,'NULL','NULL','2015-01-01','Skairofritz','skairofritzsf@gmail.com',NULL,'e8b7dd5b5cc2796e766a5414717dd86f33ac5ce97a2799f0007a250eb6fbe4b0','814f9c668e138bb4d5a77b9d217864f73e3e711c416dd7ad539ab68e15235d97','2020-06-25 18:10:31',0,0,571,1,'+237652508349',0,0,'EJARA00',NULL,NULL,NULL,'1',0),(431,'NULL','NULL','2015-01-01','carel ','stellatchkoks@gmail.com',NULL,'667aae0dacb68b8664b86b252deced18ab1e82cfbb357c74b694b2b05d0ac0cf',NULL,'2020-06-25 17:04:35',4120,0,570,1,'+237651974510',0,0,'EJARA00',NULL,NULL,NULL,'1',0),(430,'NULL','NULL','2015-01-01','Yann ahmed','mboucheyann@gmail.com',NULL,'3ff3ccb3d45672d3e752163fefc4f4f2809783331199c494d9c15c194e813c40',NULL,'2020-06-25 16:35:09',0,0,569,1,'+237656505133',0,0,'EJARA00',NULL,NULL,NULL,'1',0),(433,'NULL','NULL','2015-01-01','lenchris2016','clengwe1@yahoo.fr',NULL,'a0ad9e4ab3daa93356b471560761744959ccf6d353090368ba825b95cd1ea71a','e66a41aa18555b3ea7cb05e4ab5b9fdfcedc54073698a20f29a127a342438808','2020-06-25 21:41:26',0,0,572,1,'+237676601590',0,0,'EJARA00',NULL,NULL,NULL,'1',0),(429,'NULL','NULL','2015-01-01','Fortune mail','',NULL,'b6492ba2688d2d9aa50f8bd7957d44f11bbb944a357994ff9fa7c3c5a2c37c1a',NULL,'2020-06-25 14:28:52',0,0,568,1,'',0,0,'EJARA00',NULL,NULL,NULL,'1',0),(428,'NULL','NULL','2015-01-01','Cocopeu','corinepeune@yahoo.fr',NULL,'d6604f4af741707aaeb81a9e06f4c3fd4cc9bfecbeca20de6123a7b980d4aad2','67f7f2968d5d1b8dd4df14ffb0dc197dd3d1810d5c88a7fd1567a0c4fdf54964','2020-06-25 10:56:21',225,0,567,1,'+237696130243',0,0,'EJARA00',NULL,NULL,NULL,'1',0),(427,'NULL','NULL','2015-01-01','alher','fodherve@yahoo.fr',NULL,'2989ec63cd8dbd573aaba33ac478bdcddc639b519a13866adde51dd055c1ddba','a333cc28c56ff78c27336acff6ed0f643bd54a0eab1ff183e9e0fff28fab6ee2','2020-06-25 00:48:57',0,0,566,1,'+237693681735',0,0,'EJARA00',NULL,NULL,NULL,'1',0),(434,'NULL','NULL','2015-01-01','demator','Kamtodimitri1@gmail.com',NULL,'bc0561fe091c84c6a7c5b1d207fbb95f38e07a29ab1cd5ea7cb53b68a02e7968','0897eee99ccb0fd809c27fbafecae78dbfae6df5256bd2f6e95b25e614383ca0','2020-06-26 05:48:40',0,0,573,1,'+237694014281',0,0,'EJARA00',NULL,NULL,NULL,'1',0),(435,'NULL','NULL','2015-01-01','FortuneMail','fortunemail20@gmail.com',NULL,'b6492ba2688d2d9aa50f8bd7957d44f11bbb944a357994ff9fa7c3c5a2c37c1a','875d00ad9af3a379ceff40f44fdca9ce44f54ba43c9df073e84e4c2313e27658','2020-06-26 09:48:40',0,0,574,1,'+237691983669',0,0,'EJARA00',NULL,NULL,NULL,'1',0),(436,'NULL','NULL','2015-01-01','Johnathan','johnathanndi237@gmail.com',NULL,'c5b5ed6cc85f4d3b69ef26455d0c29c0ecf21f1f4220b54f7ec89efe1c198d6c','6a9df5fc859dbd271c8e0eb8ab45d1c8c30e90218775718fe57daccd1284603a','2020-06-30 10:13:43',0,0,575,1,'+237655759596',0,0,'EJARA00',NULL,NULL,NULL,'1',0),(437,'NULL','NULL','2015-01-01','Ulrich tale','ulrichtale2019@gmail.com',NULL,'88cd9a75421307a5569e920366ef2fde75d74f3f9799be95e1829ac4f57c85fd',NULL,'2020-06-30 11:48:22',0,0,576,1,'+237698736026',0,0,'EJARA00',NULL,NULL,NULL,'1',0),(438,'NULL','NULL','2015-01-01','ebogomerlin','ebogomerlin@gmail.com',NULL,'1d77d94c7831626c0819a9b6c3821b2e5d1e97d48bcef0ede38134de43b6bae4','6c7d5f5fa46e88f75aaa6a1e86e7520520060ee944bcd1e88ba543af2e03b6a7','2020-07-01 22:17:39',0,0,577,1,'+237672714549',0,0,'EJARA00',NULL,NULL,NULL,'1',0),(439,'NULL','NULL','2015-01-01','nafedi ','nanafeukeu@gmail.com',NULL,'1da0d99bc53f72095d21322818c9691cc54a8e8cf33c9b02bb92a96ee0650296',NULL,'2020-07-02 11:30:04',0,0,578,1,'+237674276959',0,0,'EJARA00',NULL,NULL,NULL,'1',0),(440,'MATHIAS','ETUNDY','2020-10-13','beltran','etundy001@gmail.com',NULL,'cf88f4f222183ba238bd05ef781a53dd8174e3ff63767851646f0efa1207f0a8','09f8a7a5916f2a161649efa9ad47bb0549c7d1b35a912bd4150987328d71f48a','2020-07-02 14:50:49',0,0,579,1,'+237694235064',0,0,'EJARA00',NULL,NULL,NULL,'1',0),(441,'NULL','NULL','2015-01-01','wkangong','wkangong@itechnocrat.com',NULL,'ea066765454374bd2728ca7a18226daf7e88918ac8e3b0e81f1523e2e1275f86','17154cb10322682adb4fa4e487443c8898d27745a213ba1decbebfbf96cfd4ff','2020-07-05 16:28:36',0,0,580,1,'+14032004419',0,0,'EJARA00',NULL,NULL,NULL,'1',0),(442,'NULL','NULL','2015-01-01','wpenka','williams.penka@gmail.com',NULL,'53bd22a2bb30e6c90b0429e5b9097d08857994d04ed2ec3927b5c1b3a6459880','cb724ad8861062fc80192c8d6d8056b3925b66f580cddddac3ec5d5de3f9a5d8','2020-07-07 21:13:23',0,0,581,1,'+237694210203',0,0,'EJARA00',NULL,NULL,NULL,'1',0),(443,'NULL','NULL','2015-01-01','bigmodou','modouxdiop@gmail.com',NULL,'a07e84da4a37902ef7db2221d78232fe3b76c4746cc16586655658f2a2183cc9','138851b1082fcd37d9d6bd5bdee1d4281e6d149d582630064c8557a2f8f8d954','2020-07-08 11:10:04',0,0,582,1,'+221777393914',0,0,'EJARA00',NULL,NULL,NULL,'1',0),(444,'NULL','NULL','2015-01-01','AIGLEBLANC','joseph3mbakop@gmail.com',NULL,'ef17c9952d4895d822b1a88cd2c0383f7122ce33de658c1d6e084cae14306ddf','1a841acf11b3909372ebf49067404e23f6c75d5a7ba0055c2755c688f1ff2a30','2020-07-09 16:50:06',0,0,583,1,'+237675302321',0,0,'EJARA00',NULL,NULL,NULL,'1',0),(445,'NULL','NULL','2015-01-01','Linusgarl2035','655090808.lgz@gmail.com',NULL,'ff0b17b60b3dab5c8440806106f2f995c3478300e11e220837bd1cf4fa1783e1','196dbcfc683f741ae50153e16297a008627b5ece1e09463fb2699b9695bbb5e7','2020-07-10 11:18:17',900,0,584,1,'+237655090808',0,0,'EJARA00',NULL,NULL,NULL,'3',0),(446,'Jehosada','COULIBALY','1993-06-10','Jehosada','jehosada@ejera.fr',NULL,'b8b6ac4a598ef8d07495d91a329d5b67af0c7540f935efc77f095199b982734d','d8629b4f1ed742cae83c0bd74c7f955b07cbb22dd266937ce1ac4cdbcecd9a1c','2020-07-10 15:53:00',0,0,585,1,'+22676983479',0,0,'EJARA00',NULL,NULL,NULL,'1',0),(447,'NULL','NULL','2015-01-01','Lizzybelle','lucylizette5@gmail.com',NULL,'ca590573877411d60dcaccfdfbb3c27107595f3079395a5ef0579e022167d55b','6627489cdcbab85c660c122f6af747f64fbc92a523cf8b96e232f43db5b0df66','2020-07-11 16:38:38',0,0,586,1,'+237681333627',0,0,'EJARA00',NULL,NULL,NULL,'1',0),(448,'NULL','NULL','2015-01-01','rameau','rameauxmanuela@gmail.com',NULL,'f065db4fc62ab7feb099e8fba67aac5f7906439c4c9256c70fe1cb1454d97c22','8fb7a0ce6fec73922908aa09f67eec40ad696073f4398d8becd6608611b00f49','2020-07-11 21:15:05',562,0,587,1,'+237680554993',0,0,'EJARA00',NULL,NULL,NULL,'1',0),(449,'NULL','NULL','2015-01-01','olyolga','afriexchangercameroun@gmail.com',NULL,'42e5c5268a46e0c0a4e6623c52b5c01ace5f595f1d1ceec46aa773874c0121c4',NULL,'2020-07-15 09:03:24',0,0,588,1,'+237691527664',0,0,'EJARA00',NULL,NULL,NULL,'1',0),(450,'NULL','NULL','2015-01-01','sopjeu','sopjeu.t.boris@gmail.com',NULL,'c0b9d9af6c066456c18909f99f25861a724560fbf06f32fbcdf7fa0c88e61439','0a9131b30cb177aad36bf997871ecccfdc9ae710781519f71d897d44c054d932','2020-07-15 21:17:20',0,0,589,1,'+237670465212',0,0,'EJARA00',NULL,NULL,NULL,'1',0),(451,'NULL','NULL','2015-01-01','Bongorce_old ','evaristezossoungbo@gmail.com_old',NULL,'c711104400fd080b3020127f66d6ec2c878b0059adbbdb5bc5b2d09c6aa4465b',NULL,'2020-07-16 22:01:17',0,0,590,1,'+22961542453_old',0,0,'EJARA00',NULL,NULL,NULL,'1',0),(452,'NULL','NULL','2015-01-01','moderanejara','moderano100@gmail.com',NULL,'3f4f07068ef81071b63f883abcceda36db198740aea4c25b55c00eb155e92628','9a4307bc4b71ccd8347e098b6e940cd81db001c383b6b92637402a919158997b','2020-07-17 00:38:31',0,0,591,1,'+22589889524',0,0,'EJARA00',NULL,NULL,NULL,'1',0),(453,'NULL','NULL','2015-01-01','arold01','andre13takoumbe@gmail.com',NULL,'94085d1b0f5730a54c02a137974f1bb42b6e67961c94a0e15710d8b98441c638','53aeea53389c24f37d94f83414119a4e64da04e49376c69d5a72333b381b7bb9','2020-07-17 05:43:16',0,0,592,1,'+237675832930',0,0,'EJARA00',NULL,NULL,NULL,'1',0),(454,'NULL','NULL','2015-01-01','salere','kouadiotano1956@gmail.com',NULL,'7dd8c0e8e989392d5bb80ff44f49017b3d9eca47452f6586129f2436769e429b','8bba88a46d81142fbb6df251acfba6f453ec63db5be38c5186aa866db80ec56a','2020-07-17 09:21:27',0,0,593,1,'+22547680149',0,0,'EJARA00',NULL,NULL,NULL,'1',0),(455,'Morifin ','Bamba','1991-10-22','lovty','lovty65@gmail.com',NULL,'8339eb080ed2e0f8f18145c3a84cbb5f80f216c040e93a1d3051851723f8774d','2f8f13ce838d6764d4baafc7374a3e69816874a7ba1718fe48d20b6b8a501d7e','2020-07-17 12:02:16',0,0,594,1,'+22548519694',0,0,'EJARA00',NULL,NULL,NULL,'1',0),(456,'NULL','NULL','2015-01-01','calebb','amassalona@gmail.com',NULL,'f38908377f55b2ec21e02a7c9062405cf7a546f7e0e9fabccabc60b9f2a09dc9','e4f20102e79bb12fa964e4c931761b5e3ac63caa9205e605569ec6d05781662f','2020-07-18 10:08:47',0,0,595,1,'+237650659205',0,0,'EJARA00',NULL,NULL,NULL,'1',0),(457,'NULL','NULL','2015-01-01','arnoldkams','arnoldfakam@gmail.com',NULL,'b41eeb8c184e9deed672232df90f2cb105f215fa0b81e06f8c1f81320dda64d3',NULL,'2020-07-19 10:44:36',0,0,596,1,'+237690091309',0,0,'EJARA00',NULL,NULL,NULL,'1',0),(458,'NULL','NULL','2015-01-01','people_yevgeny ','antonyyannick22@gmail.com',NULL,'76ea1ac71de3d61877ace58028fe6d5556314ddaa9a58130dcc726699754abb5',NULL,'2020-07-19 15:10:02',0,0,597,1,'+237696968033',0,0,'EJARA00',NULL,NULL,NULL,'1',0),(459,'NULL','NULL','2015-01-01','biramendoye','bndoyeauthentic@gmail.com',NULL,'a682127ff9549c8b25fe946f8ab4f78735d5073fda1ebf8be4c11a367c30c15f','635e9f52c476edcdc776d6e4a07b2b6d5d318c8eb17e8f60d5cdb82c00b6b43e','2020-07-19 17:13:42',0,0,598,1,'+221774965892',0,0,'EJARA00',NULL,NULL,NULL,'1',0),(460,'Fabrice','Yopa','1991-04-28','fabriceyopa2020','fabrice_yopa@yahoo.fr',NULL,'b6d86bfed85d08dcdee0afc6acf34984d3cc9dfcc07238c6fdbcbabe7d1344ef',NULL,'2020-07-20 14:39:13',0,0,599,1,'+237677872242',0,0,'EJARA00',NULL,NULL,NULL,'1',0),(461,'Fabrice','Yopa','1991-04-28','fabriceyopa2020','fabrice_yopa@yahoo.fr',NULL,'b6d86bfed85d08dcdee0afc6acf34984d3cc9dfcc07238c6fdbcbabe7d1344ef','3432b69662909c1673d6382f10b3a1815bd4b34b1fd257cdb85ba5d176a122b6','2020-07-20 14:39:16',0,0,600,1,'+237677872242',0,0,'EJARA00',NULL,NULL,NULL,'1',0),(462,'ALIKALI','Ibrahim','2020-07-15','malika275','alikaliibrahim4@gmail.com',NULL,'55a7cf2151faff6d8ca2ea2e81f83e4c0ab82ab1935c9db884d6bda695459e90','dc2ac57a5d2684ce479666eeb900a335f1f26ee2cd43bb32868ae1dfc861f068','2020-07-21 09:02:48',0,0,601,1,'+22890895739',0,0,'EJARA00',NULL,NULL,NULL,'1',0),(463,'NULL','NULL','2015-01-01','yamal24','yayamalloum51@gmail.com',NULL,'2934c3b6cd97e8213bed4016a7b26913bd6170e3a947843a33221e7a516236fc','433d9cbc4206dc42527b27c1a7eddaefaf6fa5c6340126981d7dcaa82e8f3adb','2020-07-21 11:06:48',0,0,602,1,'+237699045848',0,0,'EJARA00',NULL,NULL,NULL,'1',0),(464,'Ben Wahab ','Yay Boubacar ','1995-03-17','Ben Wahab ','benwahab95@gmail.com',NULL,'bb65c246ae0406dcf0edb4fe6f09a3caba1975963c2b14ecc27646ecc2995c13',NULL,'2020-07-21 14:15:38',0,0,603,1,'+22799294949',0,0,'EJARA00',NULL,NULL,NULL,'1',0),(465,'NULL','NULL','2015-01-01','Lari','ltsajeu@gmail.com',NULL,'081c3123037d07c8c15f4a1263e59bddb8878a5ef18f543a329ee89cba1d3f1b','aa95ebf568453bcd5214d6832e773c617e0ababa2100295a65e711a1149d467b','2020-07-21 17:49:07',0,0,604,1,'+237671611027',0,0,'EJARA00',NULL,NULL,NULL,'1',0),(466,'NULL','NULL','2015-01-01','nobib','nobib79841@romails.net',NULL,'4f0d24b941645161ed5ee39bc053f9ea5afc63f19ee3a0f4323f2092851886c1','345481148729f109d4db7e657d625e7e7e134615534dc4778054a0cb9f905767','2020-07-21 20:28:11',0,0,605,1,'+33614141414',0,0,'EJARA00',NULL,NULL,NULL,'1',0),(467,'NULL','NULL','2015-01-01','tachange','Christiantachange@yahoo.com',NULL,'d4ce76fa47d433e902ba3856412f28e4093501132567dc4ccbadd74674cbc9f5','ac07f6db5606b79ba6b1d887f68e0c4ea14a4bc8962cce028e0458f3232fa54f','2020-07-21 22:17:31',0,0,606,1,'+237677050175',0,0,'EJARA00',NULL,NULL,NULL,'1',0),(468,'NULL','NULL','2015-01-01','madoudou','nghokofredy2@gmail.com',NULL,'e696a74d81c897ad0b8e2bdb22678d926bc03c3cae4db43e2f27f967bd561112','0e9c50357085d718244a168a1f97572303bc0f3cd54e6fcb759fc0a1d9cfaad6','2020-07-22 18:19:34',0,0,607,1,'+237699001189',0,0,'EJARA00',NULL,NULL,NULL,'1',0),(469,'NULL','NULL','2015-01-01','patson','ferdinanglarg@gmail.com',NULL,'acbbdd7df5330cea724d1820f4c497b5f375f6a67bafd48d87f3c15e8899437b','aaad2dd37479ee50130f871e35eb2b20b744878cc9a167553958fca21ad38e73','2020-07-24 21:39:16',0,0,608,1,'+14389890569',0,0,'EJARA00',NULL,NULL,NULL,'1',0),(470,'NULL','NULL','2015-01-01','Bineta','binetangomseck@gmail.com',NULL,'5ec7e045a11fe503351a83049d193e88268a43fd91eff776497b0d3ee0f1097a','c96e7affc52e7e023d387794bbfb8cd0fa24f15563c8f1b142a8224107c168bb','2020-07-25 08:38:49',0,0,609,1,'+221779769133',0,0,'EJARA00',NULL,NULL,NULL,'1',0),(471,'NULL','NULL','2015-01-01','tradedollars','tsanangtrade@gmail.com',NULL,'2916e230bf87d87cb973dd2201280f85e7805700b679f4a983f18f78706ab238','25a8ccedb92e72b6a98f85d0e221c40d5337db51ab12fdfc4d14379e2907085c','2020-07-25 11:23:42',2,0,610,1,'+237695918144',0,0,'EJARA00',NULL,NULL,NULL,'1',0),(472,'NULL','NULL','2015-01-01','Mozart007 ','giresmozard007@gmail.com',NULL,'ca26928585f3c0152bf1e6b191e6d82c708e027ea18ea557c21b7689a90d1e62',NULL,'2020-07-25 11:30:04',0,0,611,1,'+237699980201',0,0,'EJARA00',NULL,NULL,NULL,'1',0),(474,'NULL','NULL','2015-01-01','Bkobby','bkobby01@gmail.com',NULL,'c6a7616211553fb767478515a9afaa4617a8181248514dd0fbf82caf67ca4c6e','5ac88fb6d7d50fe6f157a832e0e478391ad7f4b5bc0bac24ebd2622e3a333b42','2020-07-28 10:06:44',0,0,613,1,'+233554379237',0,0,'EJARA00',NULL,NULL,NULL,'1',0),(475,'NULL','NULL','2015-01-01','htav','htavernier56@gmail.com',NULL,'bd284aba6d3393b777b7fe09253a75977162b543d9ccd35bd5c6d72a8dd9de15','431a15b41397baf92b9cbc11a9d6036803e92d5cf03d2ceb85abc91fb3f70225','2020-07-29 09:58:18',0,0,614,1,'+33673273413',0,0,'EJARA00',NULL,NULL,NULL,'1',0),(476,'NULL','NULL','2015-01-01','Danitrade','danielnohouessi99@gmail.com',NULL,'0e67f61da615c694d98574441b734c53fd6618288ab78faf979ed0e6cb4c5e2d','2cd97d34aa3f1bb04f35661a833792330f68b2ed16613d14556abd26424dc67a','2020-07-29 10:45:02',0,0,615,1,'+22967768152',0,0,'EJARA00',NULL,NULL,NULL,'1',0),(477,'ZONGO','IBRAHIM','1993-05-14','IBRAHIMZG','ibrahimaszongo@gmail.com',NULL,'665d1224717b1a99b74a00414f866bcb3c147389d3f7237f4eff4b18477629ff',NULL,'2020-07-29 10:56:45',0,0,616,1,'+22674290855',0,0,'EJARA00',NULL,NULL,NULL,'1',0),(478,'ZONGO','IBRAHIM','1993-05-14','IBRAHIMZG','ibrahimaszongo@gmail.com',NULL,'665d1224717b1a99b74a00414f866bcb3c147389d3f7237f4eff4b18477629ff',NULL,'2020-07-29 10:56:50',0,0,617,1,'+22674290855',0,0,'EJARA00',NULL,NULL,NULL,'1',0),(535,'NULL','NULL','2015-01-01','lionelassila','lbileassila@gmail.com',NULL,'1dbbab2702f3f0d9784a44144951e12f6b3da589fd9371c4b0d666e1bc122f6d','378b5212870a43eab66f2a62a179b8350b3ffe442d6dbb87bb587f0e6b567ab1','2020-08-19 19:05:48',1,0,675,1,'+237695153415',0,0,'EJARA00',NULL,NULL,NULL,'1',0),(479,'Noubanka','Manuella','2015-01-01','NBK','ingmanuella@yahoo.fr',NULL,'ddc47302aa865a3270f07e16fb9fd8eb62f98da17b86c690a089c0034418772b','161c267ce12b0303efa444ef8c54ed4363d86fd19e2d5eac8f7ff30ceb0785d5','2020-07-31 15:18:03',0,0,618,1,'+237691647270',0,0,'EJARA00',NULL,NULL,NULL,'2',0),(480,'NULL','NULL','2015-01-01','kiko237','karnoumarcel@gmail.com',NULL,'b03ddf3ca2e714a6548e7495e2a03f5e824eaac9837cd7f159c67b90fb4b7342','7b02c4db0f328be2a9c62c640da22709ff40ad90d829c65cf01832d48fef4b59','2020-07-31 16:09:26',0,0,619,1,'+237680582874',0,0,'EJARA00',NULL,NULL,NULL,'1',0),(501,'NULL','NULL','2015-01-01','Juniordeb','juniorkonkobo1@gmail.com',NULL,'b5894a2eedcd7618940cccc8ae1d725718ff55a8434fa07c0d9f418d7e37ec58','01f458525a516e2f28872d59beb72d187c46476e82f891152e1cc92b42dc7cf0','2020-08-03 08:25:47',0,0,641,1,'+22661478358',0,0,'EJARA00',NULL,NULL,NULL,'1',0),(481,'NULL','NULL','2015-01-01','ejaratest25','',NULL,'d6604f4af741707aaeb81a9e06f4c3fd4cc9bfecbeca20de6123a7b980d4aad2','9353b2164f98199a5a0bd0c88baddc37711f97c2143528578ea23ee44cdca2cd','2020-08-01 07:50:30',530500,0,620,1,'+237653898618',0,0,'EJARA00',NULL,NULL,NULL,'3',0),(482,'NULL','NULL','2015-01-01','Debby','deborahapprey@gmail.com',NULL,'6d6a57d82659722a8ff05cb48a16f3304a699d8ad5fcd8ad0162e96fa443ee72','2479ca9d1cc9d72c6486a68822fc256306c5b987c8fb818d19ac8155316baff1','2020-08-01 15:40:24',0,0,621,1,'+233501596995',0,0,'EJARA00',NULL,NULL,NULL,'1',0),(483,'NULL','NULL','2015-01-01','Gabby22','gabbyyawo7@gmail.com',NULL,'158f25ce87709c7d5a28827ec847c0dff1b0690bc8067a038cf366f8dd688dd5','f6854c1637d48a412bce182168069788203a680b96b246b17dd661b3fa7c06f3','2020-08-01 15:46:58',0,0,622,1,'+233544570236',0,0,'EJARA00',NULL,NULL,NULL,'1',0),(484,'NULL','NULL','2015-01-01','etokley','eltonokley1999@gmail.com',NULL,'d281280611737d724cce314a640e4b11e6d9a25796da06016ee3374d436f1119','a7bbeece3110631d7323d49709ca901052dc55b629dc066391dfc7b3d7e85a18','2020-08-01 15:51:14',0,0,623,1,'+233507777210',0,0,'EJARA00',NULL,NULL,NULL,'1',0),(485,'NULL','NULL','2015-01-01','nanagazzy','nanagazzy@gmail.com',NULL,'4ef85631925dbaf74bd5b3396b03ef38cadde2051934d5e230ba4f70de59e5e6','2a3a93eb54231f80f090a1041c6f211f9a64883c448596a6fa91eb9b3122eea2','2020-08-01 15:55:22',0,0,624,1,'+233542727942',0,0,'EJARA00',NULL,NULL,NULL,'1',0),(486,'NULL','NULL','2015-01-01','BiggestTalker','biggesttalker@gmail.com',NULL,'9577de6e1cc6d185852a9690b20177310936a9d1a79d4e67b2e84d4a373b4f01','bb54ff4cd10346de2da1b5d649383437d4faef3644e5fe6aad7fed874229fbf1','2020-08-01 16:00:53',0,0,626,1,'+233550054006',0,0,'EJARA00',NULL,NULL,NULL,'1',0),(487,'NULL','NULL','2015-01-01','ilias','youngdon394@gmail.com',NULL,'554c93c47e511c5ae3a6ac626ce3ef9390edd24d8112d7c7011cb7b2007353d8','16d3866d2b71b60f28981ee06a0000c38958750b5221f99cd82a5d5554ad27f3','2020-08-01 16:02:46',0,0,627,1,'+233201802265',0,0,'EJARA00',NULL,NULL,NULL,'1',0),(488,'NULL','NULL','2015-01-01','usebaku','usebaku@gmail.com',NULL,'8e103ce6104cbd61bd481fc46ab105e479f4a0b7425aacd8d276106372cbcb39','64fca8fc2739b6e6b95660eeaa4cdc15ad4173d9b1b6d9900e851c24fb6b15a6','2020-08-01 16:14:09',0,0,628,1,'+233553339728',0,0,'EJARA00',NULL,NULL,NULL,'1',0),(489,'NULL','NULL','2015-01-01','kgbagyenim','kgbagyenim@yahoo.com',NULL,'d8cd28163865c3041f596e1a001d0af98382824245ae9e8e749df8e75c5bf26d','d124c312e4339ac4e8ae180ac768947196ad7164b45668a3f665219a86ad853b','2020-08-01 16:16:01',0,0,629,1,'+233242240064',0,0,'EJARA00',NULL,NULL,NULL,'1',0),(490,'NULL','NULL','2015-01-01','debrain','sylvanusrockston@gmail.com',NULL,'16e84e7490f5fd6abc0e24ff2dd989c5032461300fbcda75e041c2548ff0b1a1','0ff0fc500f05a3a715817f4b405db5ccabe968ce3499464b1b7724dbaa2f1f08','2020-08-01 16:21:58',0,0,630,1,'+233201294242',0,0,'EJARA00',NULL,NULL,NULL,'1',0),(491,'NULL','NULL','2015-01-01','Elisha96','awunielisha@gmail.com',NULL,'710b5b49eb5dac6d44cca450bec88539eba01859a5d48c3a606e67094e9c7252','5b67eca377842db84a57def493f36e7b1e64ec1a3fccc81a7d2322fc3f8d9c1b','2020-08-01 18:25:21',0,0,631,1,'+233240551119',0,0,'EJARA00',NULL,NULL,NULL,'1',0),(492,'NULL','NULL','2015-01-01','Klaus','mikeklaus851@gmail.com',NULL,'ac8fb4a039c4d618dff3f5631cbd64dad3261cd92cb070426f173efada43f007','05e748c7949189aaf47b17ad4f16b0a501ae25aec23a033ac06bae60560a41ae','2020-08-01 20:57:04',0,0,632,1,'+233264319129',0,0,'EJARA00',NULL,NULL,NULL,'1',0),(493,'NULL','NULL','2015-01-01','Afful','kobinamensah600@gmail.com',NULL,'d76559231a14dfdfff5ba02c57b62579fa930cb5b8a4a776bd1c18d5cee62500','816796289b1d0ebed573ad3f4ca73911f8e033f83287a40582c75e7bd7c3662c','2020-08-01 21:27:22',0,0,633,1,'+233553780122',0,0,'EJARA00',NULL,NULL,NULL,'1',0),(494,'NULL','NULL','2015-01-01','Billionaira','othuke840@gmail.com',NULL,'6054aea46b8d1c4073cb8e073403069cb0d7fd68ee75a2b35106b3595b0928c5','ecaddd0897c25a666a14c30f425ed16a0c6bf633d7279afc7ca8e5b918b273ce','2020-08-01 22:55:16',0,0,634,1,'+2347061088256',0,0,'EJARA00',NULL,NULL,NULL,'1',0),(519,'NULL','NULL','2015-01-01','ejaratest26','mickael@nzinghaa.io',NULL,'af7ca349167b1df0331f89d6196e7c6d7d1b9a971d30081dbed69ae9614e83a9','9353b2164f98199a5a0bd0c88baddc37711f97c2143528578ea23ee44cdca2cd','2020-08-09 17:56:20',197500,0,659,1,'+237691678514',0,0,'EJARA00',NULL,NULL,NULL,'3',0),(495,'NULL','NULL','2015-01-01','Barinor1989','Barinorkue19@gmail.com',NULL,'a1da574a256ef30d526d7fad508948cd39bcc2fab4a4c93d918a99360d1045f7','5679707094fa4566ce9d7ff92d4c722cddde474a0f03f67e9e58ca3aaff32552','2020-08-02 07:07:39',0,0,635,1,'+2347063836678',0,0,'EJARA00',NULL,NULL,NULL,'1',0),(496,'NULL','NULL','2015-01-01','Nonso','nonsoukwu02@gmail.com',NULL,'012b7710b9fcf1a17f68463461c5f1719d4a321d42e748989ad1c888013b5438','187b2c6e3cac59b5b12ecb59994d41aa69aa55cf5abd4f521347d1e9a730c7cf','2020-08-02 10:49:48',0,0,636,1,'+2348143572829',0,0,'EJARA00',NULL,NULL,NULL,'1',0),(497,'NULL','NULL','2015-01-01','ejara225','honoratzabo@gmail.com_old',NULL,'dce208e314dfbca71999f1199a957ede11f31041ac877d3cfb326e7b135487dd','61201ede4f1ecbbeb5f717ac69b7f28b157eab94e5ae0e6393123f2e5532109d','2020-08-02 11:16:15',0,0,637,1,'+22505573573_old',0,0,'EJARA00',NULL,NULL,NULL,'1',0),(498,'NULL','NULL','2015-01-01','uchey','okpara.uchenna@stu.cu.edu.ng',NULL,'aeb3edcb55c628ebecd53ad5304a18797a0e68c9fb4f032ad0b4b95ee0f42951','9c5558ea7289846c0543bd8d33c8863b60728d8c6cddd3dd1a29867a389ebfa9','2020-08-02 12:37:00',0,0,638,1,'+2348143598198',0,0,'EJARA00',NULL,NULL,NULL,'1',0),(499,'NULL','NULL','2015-01-01','Sakho1_old','babacar.sakho1@gmail.com_old',NULL,'a1c85525f6abab8f176f3df3fa1de1d24f0441913dd3c7f8cdbb6915325e0c11','3cf8df725bcec2d4961bb128eaae2c5ce8f4163cd61f7db40d6f6a48ecbbdd82','2020-08-02 13:02:15',0,0,639,1,'+221776517667_old',0,0,'EJARA00',NULL,NULL,NULL,'1',0),(500,'NULL','NULL','2015-01-01','Godsportion95','doubleportion124@gmail.com',NULL,'699f1f6eb2edfc8a65f01cda690ae669eac749137095a91ba1f458446167bb9d','9e9774cb16d5b45c0c0901e985294cf1f60e3e01af23ce282a326453c6317070','2020-08-02 15:00:08',0,0,640,1,'+233205400925',0,0,'EJARA00',NULL,NULL,NULL,'1',0),(502,'Lamine','Bilgo','1988-04-27','Bilama','hama.bilgo@gmail.com',NULL,'9aa7092369705801619ef048fee07f8f402c1d80384673dc2a512f02ec8a1707','360eec06930d780965ccadef9b7bfd2601c99f484f8ecac1b5ef2cd566eff257','2020-08-03 10:55:01',0,0,642,1,'+22664462863',0,0,'EJARA00',NULL,NULL,NULL,'1',0),(503,'NULL','NULL','2015-01-01','Ghislain_old','nglanore@gmail.com_old',NULL,'80f6582e84892baaa351348dc47fecab71446b4fdd0d0c75dd947555de433901','f17d8b20cd991c3508dec8cbd4067f9b6a51149614a25c46d0383baa3ceca206','2020-08-03 11:11:45',0,0,643,1,'+237677210314_old',0,0,'EJARA00',NULL,NULL,NULL,'1',0),(504,'NULL','NULL','2015-01-01','andy92','nyom.andrerene@yahoo.com',NULL,'59328c687b72cfa072c23e88031d70b6c2755354c8d8008e9ccc61872dd0b890','7765b8fff5432280ae7de976853cf429d04aade5ce855c668d339589dc2330a5','2020-08-03 14:31:32',0,0,644,1,'+237694923282',0,0,'EJARA00',NULL,NULL,NULL,'3\r ',0),(505,'NULL','NULL','2015-01-01','Babybae613','asamoah.lucia@gmail.com',NULL,'0485222b71a80e6e4308d5d80388bf3b9c5b9388f48dc172fdb454949377cc6b','ce2493ee0003d31346d7823107894adbc64bfe603751f9ff7b57ff386a61eaf4','2020-08-03 17:28:33',0,0,645,1,'+233543156744',0,0,'EJARA00',NULL,NULL,NULL,'1',0),(506,'NULL','NULL','2015-01-01','Vee','ahenfieonline@gmail.com',NULL,'e44fc1fc7fca0e3f7fe7929c57a68d4ab20039b2593d2dc1e714a8d11d1df82a','ff9b4ef7055d5e3541f7a8d4e314ce4e8ddedca0b8d9203607db87e449664d1a','2020-08-04 01:55:38',0,0,646,1,'+233553444258',0,0,'EJARA00',NULL,NULL,NULL,'1',0),(507,'NULL','NULL','2015-01-01','kabore','kaboreaziz81@gmail.com',NULL,'2d55c8fbe8e1ba80426635f3e6d713c2f33db001cd64b7e768b18190d4f3737a','f54a325a8bfd39d057f719f761e48eefaf15e9c7b11368c2caebf5e159fc790d','2020-08-04 19:55:57',0,0,647,1,'+22666482941',0,0,'EJARA00',NULL,NULL,NULL,'1',0),(511,'NULL','NULL','2015-01-01','sinced','sindjuicedric@yahoo.fr',NULL,'143d4b38566d227281eb1514b28fa6cbe9ef57ddf70fe469431afa97b88e5e96','c45bc1952afaf2a5636871fc5edb0d2e2f8627ad0eed04b7a9d62d197e03a14a','2020-08-05 15:35:54',0,0,651,1,'+237698050989',0,0,'EJARA00',NULL,NULL,NULL,'2',0),(509,'NULL','NULL','2015-01-01','Bonheur','djeblakanjules@gmail.com',NULL,'420283cf6220844294bbc854028d90bff43e0355cd077985d83012ec7523c219','b6a3c664d268f2ae0b30eeafb887a5d3588b2eabd29950b41bbd49b5e88e05a5','2020-08-05 09:56:07',0,0,649,1,'+22994479538',0,0,'EJARA00',NULL,NULL,NULL,'1',0),(510,'ZOSSOUNGBO','Evariste','1995-11-24','Bongorce1','evaristezossoungbo@yahoo.com',NULL,'676a615496defc68201c5f3c7f26152c36173d2d03948f62049f5fa1a440ae2d','7df71a1dc6d056c20699d78859715ec89aed5f718f06e6128012e62ecd7e9379','2020-08-05 10:34:41',0,0,650,1,'+22961542453',0,0,'EJARA00',NULL,NULL,NULL,'1',0),(512,'NULL','NULL','2015-01-01','ejarastock','fradith@nzinghaa.io',NULL,'1e15ffff3496158e96c2e3b833ae0fefcb040b524da5b67024675684810c9b16','9353b2164f98199a5a0bd0c88baddc37711f97c2143528578ea23ee44cdca2cd','2020-08-05 21:11:50',0,0,652,1,'+237672283154',0,0,'EJARA00',NULL,NULL,NULL,'3',0),(513,'NULL','NULL','2015-01-01','mantera','etudesgerman@gmail.com',NULL,'45c1148bbbd9148ecc8386f468e85d9bf43378657b36f85fdf8c2e64863dd03e','7d03c088a6345a3bd805d974ee0b28c1fce4c01b97df3e68922718ddf80bc092','2020-08-06 19:01:07',0,0,653,1,'+237651251662',0,0,'EJARA00',NULL,NULL,NULL,'1',0),(514,'Tietiembou ','Ali ','1974-08-03','Transfert2','atietiembou3@gmail.com',NULL,'ae88d64f1f7e66da1256aff1c66a013fcf59db82317adbc168d14884ccf0227a','056cfae0882f9efb326a0730f2b5a1a35dc393ea22d3c9545af5b1e3a8a02bf2','2020-08-07 20:58:25',0,0,654,1,'+22667081466',0,0,'EJARA00',NULL,NULL,NULL,'1',0),(515,'NULL','NULL','2015-01-01','Bangelin','bernis.bangelin@gmail.com',NULL,'972cff2ea4bf71006809d9fa846408e536bd07c1f278930b55584e96f4460495','f4ac1c130a91818c53bbbcceb5bedd8f9fa7d1042f7579f9b2e23e8d0db80909','2020-08-08 16:28:30',0,0,655,1,'+237670631135',0,0,'EJARA00',NULL,NULL,NULL,'1',0),(516,'NULL','NULL','2015-01-01','husseinc60','husseinc60@gmail.com',NULL,'142d93d42e9268479b847edb8b7a9fe1958e04f6ef88b234a0b57ed7cecc49e5','e0b66ed165c74db0887cc3caccb0022735a8fd7b1c76b25f1b4cf43765065e03','2020-08-09 10:49:56',0,0,656,1,'+22508254900',0,0,'EJARA00',NULL,NULL,NULL,'1',0),(517,'NULL','NULL','2015-01-01','ejaratesttezos','fradithjeune2@gmail.com',NULL,'1e15ffff3496158e96c2e3b833ae0fefcb040b524da5b67024675684810c9b16','9353b2164f98199a5a0bd0c88baddc37711f97c2143528578ea23ee44cdca2cd','2020-08-09 11:33:00',20000,0,657,1,'+237690360321',0,0,'EJARA00',NULL,NULL,NULL,'1',0),(518,'NULL','NULL','2015-01-01','depole','qevinsdp81@gmail.com',NULL,'2143dc68e56f0209ec0403dfbf99eb1b4066557ec4558e0679dc3c0fb68ab434','da4054790deeb4f3ef056312d1a14d82e42193be90670fd5434df3c67a686681','2020-08-09 15:34:25',0,0,658,1,'+22546176368',0,0,'EJARA00',NULL,NULL,NULL,'1',0),(520,'NULL','NULL','2015-01-01','ejaratestwallet','christcryptod@gmail.com',NULL,'1e15ffff3496158e96c2e3b833ae0fefcb040b524da5b67024675684810c9b16','9353b2164f98199a5a0bd0c88baddc37711f97c2143528578ea23ee44cdca2cd','2020-08-09 19:45:59',200000,0,660,1,'+237698906352',0,0,'EJARA00',NULL,NULL,NULL,'1',0),(521,'NULL','NULL','2015-01-01','Nehemiah','nehemiahedoh@gmail.com',NULL,'ff3b1b7a89b57baff73bca23cb17b40fa547a3c3266446fa29cd44477c49937a','c18a8fed4da2e9a4b43e1222c2c35bdd6c20c3eb9973a93cee5f9bcd2fa9ca66','2020-08-09 21:38:25',0,0,661,1,'+22961113729',0,0,'EJARA00',NULL,NULL,NULL,'1',0),(522,'NULL','NULL','2015-01-01','louisa','',NULL,'72f7a421d7ecbaf2c15708498b13853e082671f7a00f88ae28b4c5f72565eea7',NULL,'2020-08-10 11:29:05',0,0,662,1,'',0,0,'EJARA00',NULL,NULL,NULL,'1',0),(523,'NULL','NULL','2015-01-01','diopraph','diopraph@gmail.com',NULL,'058d38406a24e57e4a1a5be50e9f285d85d68df6851ea97eb0fff36a53772396','ff46fcef38d5afcfe55260fde67477fd962f297aecd4852563a60fe0cd575d11','2020-08-10 11:38:33',0,0,663,1,'+237690928961',0,0,'EJARA00',NULL,NULL,NULL,'1',0),(524,'NULL','NULL','2015-01-01','didi','chadil2001@hotmail.fr',NULL,'d8e61c06f99701bf5cbf996a85fe7ded96123a27d5342f6051ef4ca12979cdee','c2ae21ac5889a037c24799da8d852be59aa56c0748a7629bd9f53b08c40cbb6f','2020-08-10 11:41:36',0,0,664,1,'+32484248953',0,0,'EJARA00',NULL,NULL,NULL,'1',0),(525,'NULL','NULL','2015-01-01','valentine','iamnikitav@gmail.com',NULL,'4e40bd2032f6d89ce489feb5039b4dfa7a802b58e21081e6db09b6198ed3e184','10f33b4cde911b8ce786a01fd0e6e85663fd7d86a1950e83f37306e72a52a704','2020-08-10 12:54:52',0,0,665,1,'+237679648336',0,0,'EJARA00',NULL,NULL,NULL,'1',0),(526,'NULL','NULL','2015-01-01','kaboreaziz','donakoumbem@gmail.com',NULL,'2d55c8fbe8e1ba80426635f3e6d713c2f33db001cd64b7e768b18190d4f3737a','f54a325a8bfd39d057f719f761e48eefaf15e9c7b11368c2caebf5e159fc790d','2020-08-10 15:30:52',0,0,666,1,'+22677768631',0,0,'EJARA00',NULL,NULL,NULL,'1',0),(527,'NULL','NULL','2015-01-01','Louisa','ch.louisa@yahoo.fr',NULL,'cd984410259966df86f9ae7faabc5d14da82cc97787bd05080e5899179afe0f6','00c63746f824b85fc69e897ee5b451d2d7ea900b5caa3445307cb663bb327209','2020-08-10 19:13:04',0,0,667,1,'+237697212827',0,0,'EJARA00',NULL,NULL,NULL,'1',0),(528,'NULL','NULL','2015-01-01','LFICO1','fiacrelougbegnon@gmail.com',NULL,'521b8304a0c025c980cf6caba825074131efcf6d6024248cab6eb3cec39802ea','d99977a26cabf3cf8b91df385d0bb5557f39cfcc6382208aa8f4e2d52da705b1','2020-08-11 13:53:26',0,0,668,1,'+22997282422',0,0,'EJARA00',NULL,NULL,NULL,'1',0),(529,'NULL','NULL','2015-01-01','lodmarin','lodmarin@gmail.com',NULL,'3ea90203b33e4df2d42d384eae40866e304a82727ecca5af813e6b1b39d84e7e','ee9e67e65b50f8f945149430759e99d1b44ff8da4f4ace9ee70c352424b8c793','2020-08-12 01:42:17',0,0,669,1,'+22507379408',0,0,'EJARA00',NULL,NULL,NULL,'1',0),(530,'NULL','NULL','2015-01-01','SKG','groupsonkeng@gmail.com',NULL,'298fa8b1f91e987f034b708e16a03404d7a32cc9915d187af753251e065d744f','d18ae99921995c97495dd1cf8e64d40455a5e6a1126de0e49127795f70ef5408','2020-08-12 11:06:52',0,0,670,1,'+237673658011',0,0,'EJARA00',NULL,NULL,NULL,'1',0),(531,'NULL','NULL','2015-01-01','Ojong','aobinkem4@gmail.com',NULL,'a40c64619c8b95f9dfcbd8290580cf28d1d39679613bb23c3eba595e3176cbca','7e1d83e085d828de3c7ed7f84c7656c9f0887985c6255a1e03ef6511f1be20f9','2020-08-12 13:08:19',0,0,671,1,'+237678064952',0,0,'EJARA00',NULL,NULL,NULL,'1',0),(532,'NULL','NULL','2015-01-01','misterb','adelekan.adebayo@gmail.com',NULL,'5a0e4146b7d37eb82694fe5282762512e58aa255081e79cb58b685dedb37aaeb','0074b90183fd30bbc3f47362f1b94ce2f9b472002bd7dcb81cdce8d4f007cf9d','2020-08-12 20:50:56',0,0,672,1,'+2349098165831',0,0,'EJARA00',NULL,NULL,NULL,'1',0),(533,'NULL','NULL','2015-01-01','MarcDavy','jeanmarcdavy96@gmail.com',NULL,'c3a87883473c854ae1ce7d5e6409a4a33c916d3a6cf716af8f12cca0ab659e0f','02e64fedf61afc0d71f4962c1e9af52604ecb361cb7c44057929cfb325b36f90','2020-08-16 17:06:16',0,0,673,1,'+22557673447',0,0,'EJARA00',NULL,NULL,NULL,'1',0),(534,'NULL','NULL','2015-01-01','telestueno','tueno.teles@gmail.com',NULL,'25e5337a93861c25123ed76a2d5e2dea9e3959bb3a40c95317d526f8919e0f71','f4caf52e002d158c3a724f8023a7b6324642e9cec7d09e626a3fe5983e6b8ea6','2020-08-18 07:31:59',0,0,674,1,'+237677264848',0,0,'EJARA00',NULL,NULL,NULL,'1',0),(536,'NULL','NULL','2015-01-01','romeodollars','romeodollars5@gmail.com',NULL,'ddbe4fd6926d4885353068ae79aaefa8e2dc868de37b836304a4ee2807762a9d','cb7b8b1c27b158c78015ce9b9a1c10bea8e9069fd1755cc51557536aedd17180','2020-08-20 02:17:21',0,0,676,1,'+237677652143',0,0,'EJARA00',NULL,NULL,NULL,'1',0),(537,'NULL','NULL','2015-01-01','Kevin123','leoneltchoffo6@gmail.com',NULL,'2bf14e9789ccff96464b63fbfec72c440210b224584551ebb06547eb74cde344','5613b2dd40ed15954c3e7ece3ff41a9b90910d536904767a5ddb0a20f293f704','2020-08-20 10:35:10',0,0,677,1,'+237672685557',0,0,'EJARA00',NULL,NULL,NULL,'1',0),(538,'NULL','NULL','2015-01-01','albertlionel','albertlionelmalang@gmail.com',NULL,'0afda5282fc26ebba74e723014a7482c7379a4f9ce50b2166d62efe1dc6d04fe','1de86b93d4fc668c94be4c90e3397c8d329b14c7ed0f3c1e35e12a6e4570e9a4','2020-08-20 13:21:41',0,0,678,1,'+237698764263',0,0,'EJARA00',NULL,NULL,NULL,'1',0),(539,'NULL','NULL','2015-01-01','orka','orkakj@gmail.com',NULL,'066f26d5a7d2771d9b08cd4fb717c6aee1d0da72debb98c43234ad3e5ca4a624','daa08a2b5f60910dbc5c2c8487ece805fabb5490248058f5d464ebc4e5d09c45','2020-08-20 19:28:16',0,0,679,1,'+243827013181',0,0,'EJARA00',NULL,NULL,NULL,'1',0),(540,'NULL','NULL','2015-01-01','wokovoue','ephremwokovou@gmail.com',NULL,'9016dc361e0c0ec8b27d2bb2cc4ea8e28b853b6da9182f51b65acaa1f176f09c','3316107d7d9713b988896c22919624ba48a147b481aec79d1e6955d1a075281a','2020-08-20 19:37:31',0,0,680,1,'+237699996117',0,0,'EJARA00',NULL,NULL,NULL,'1',0),(541,'NULL','NULL','2015-01-01','valRef','nguemnev@yahoo.com',NULL,'4e40bd2032f6d89ce489feb5039b4dfa7a802b58e21081e6db09b6198ed3e184','10f33b4cde911b8ce786a01fd0e6e85663fd7d86a1950e83f37306e72a52a704','2020-08-22 04:45:52',0,0,730,1,'+237679467025',0,0,'WNsPTwsXxtz',1,'2020-08-22 04:45:52',330,'2',0),(543,'NULL','NULL','2015-01-01','valHot','nguemnev@hotmail.com',NULL,'4e40bd2032f6d89ce489feb5039b4dfa7a802b58e21081e6db09b6198ed3e184','10f33b4cde911b8ce786a01fd0e6e85663fd7d86a1950e83f37306e72a52a704','2020-08-23 07:39:58',0,0,751,1,'+41779088857',0,0,'EJARA00',NULL,NULL,NULL,'1',0),(544,'NULL','NULL','2015-01-01','doundiaye2','nmamadou@ept.sn',NULL,'bf9116e69df2c3d9dcf346606d9c782756a46fd232e47d13a3c4d697052a406e','acd8817634644b328eb3338f764dce121c8b2e14dc2c47c662dc5b73f780c4e2','2020-08-23 11:39:56',0,0,752,1,'+221776687875',0,0,'EJARA00',NULL,NULL,NULL,'1',0),(545,'NULL','NULL','2015-01-01','doundiaye1','dionendeye565@gmail.com',NULL,'bf9116e69df2c3d9dcf346606d9c782756a46fd232e47d13a3c4d697052a406e','acd8817634644b328eb3338f764dce121c8b2e14dc2c47c662dc5b73f780c4e2','2020-08-23 13:12:53',0,0,753,1,'+221785235415',0,0,'EJARA00',NULL,NULL,NULL,'1',0),(546,'NULL','NULL','2015-01-01','hermanoken','hermintsamedem@gmail.com',NULL,'296af9c2fd367cdee8d79c44d3b441bb002e36bedbe1926b904574f53c16a2dd','c8bca83035b78427c6ec552920c3ff847b9b6cc8c8f386881a65a723d1eee07f','2020-08-23 20:05:58',0,0,754,1,'+237699080664',0,0,'EJARA00',NULL,NULL,NULL,'1',0),(547,'NULL','NULL','2015-01-01','Lewaffal','wafoc@yahoo.fr',NULL,'c20577bff97184742a32afe2b682273efaed46a8a9f1da5c5822919c3f42e143','68c6181ac9130c96041f27dfebd7dde0e7b79d4b1d28b4d7c42a4d0855fc50c9','2020-08-24 02:49:21',0,0,755,1,'+237678526119',0,0,'EJARA00',NULL,NULL,NULL,'1',0),(548,'NULL','NULL','2015-01-01','Sakho360','babacar.sakho1@gmail.com',NULL,'a1c85525f6abab8f176f3df3fa1de1d24f0441913dd3c7f8cdbb6915325e0c11','e85aa3faab8cfdf676aaaf94049395b29af0b3eed23b31b1d545343bb354c52d','2020-08-24 12:15:15',0,0,756,1,'+221776517667',0,0,'EJARA00',NULL,NULL,NULL,'1',0),(549,'NULL','NULL','2015-01-01','Decodeur','decodeurnet@gmail.com',NULL,'bf5b32791e2736ea3ef8709bdf6c3956bd4f0cbf950e12c1164ef971b75a8ed1','c2b51349781c916c07a9389e9c192111086df8d700f45df2c0026f4eb8be2d60','2020-08-24 12:22:54',0,0,757,1,'+237699014912',0,0,'EJARA00',NULL,NULL,NULL,'1',0),(550,'NULL','NULL','2015-01-01','ref','noellezangue@gmail.com',NULL,'1e15ffff3496158e96c2e3b833ae0fefcb040b524da5b67024675684810c9b16','e5775ef405083713de6027803320255526a5d28c6befe61406cce21943de3683','2020-08-24 20:32:40',0,0,758,1,'+237677184212',0,0,'t6JejTcDgNR',4,'2020-08-24 20:32:40',334,'1',0),(551,'NULL','NULL','2015-01-01','gesco2012','boaner2016@gmail.com',NULL,'6909f828e64f98b34dd119870e24f47018001d016923aa10e4bd460087504def','03f8728c74a53308eb4686ff6aeaa22f3fe7c37b78f77dd52e8fa6b85e8d765a','2020-08-24 22:07:34',0,0,759,1,'+221771565377',0,0,'EJARA00',NULL,NULL,NULL,'1',0),(552,'NULL','NULL','2015-01-01','Ramita','ramasndiaye93@gmail.com',NULL,'5418c121bd21ce17361427c74b2d479b2ee7426e6c1693fd0f698083f4e6aaf5','db1aad651b9383bb4f3d52f1675e1d23603f57c87a337edcee5f606239cab6f3','2020-08-25 01:01:13',0,0,760,1,'+221781470720',0,0,'EJARA00',NULL,NULL,NULL,'1',0),(553,'NULL','NULL','2015-01-01','Ghislain','nsangou.lanore@yahoo.com',NULL,'eeba4b4ee084cabf6d5768d011c866d7d0c32a8fad915d39d78cbead926cd699','f17d8b20cd991c3508dec8cbd4067f9b6a51149614a25c46d0383baa3ceca206','2020-08-25 19:14:36',0,0,761,1,'+237677210314',0,0,'EJARA00',NULL,NULL,NULL,'1',0),(554,'NULL','NULL','2015-01-01','Djc4','nk85pape@gmail.com',NULL,'f4b95293bb4d1debe438dc19c411cbb7dc32d9c2c3c352fbfc815fddf9436b7d','8dcef4ca92eea905e29dc41fea5d25969bd96fb108f851c1153b0405edf2d5d2','2020-08-26 07:24:52',0,0,762,1,'+237696629979',0,0,'EJARA00',NULL,NULL,NULL,'1',0),(555,'NULL','NULL','2015-01-01','kameni','kameniwinny@gmail.com',NULL,'8640780b57aab507d15510ae144ca801fa84bb83cf4169ff4142c11137ff5c3a','c6dbe31df90d7265d1088abeb9409fdf4c34223a1bd51c1e35c39d9ff72ed29e','2020-08-26 13:30:56',0,0,763,1,'+237690375519',0,0,'EJARA00',NULL,NULL,NULL,'1',0),(562,'NULL','NULL','2015-01-01','Deric22','eteam3680@gmail.com',NULL,'b531c91403a857de59e15b49c277d4d469aad25d30edf668f7cef9df58c5851e','42db3cbd73d0f297af58cb58a948c27af0484a202cbe88101616dd2c79dbde7d','2020-08-29 09:36:22',0,0,770,1,'+237694410254',0,0,'EJARA00',NULL,NULL,NULL,'1',0),(556,'NULL','NULL','2015-01-01','thementalist','mthe21212@gmail.com',NULL,'4566023a628eb56c6f7fffb4b5905930917a8cad91f32c5209afdd93bce2d7c3','6ede82d6ef5bcb5e60adcbc197bd174d6d0ecf2db695c269defd9770b5e5b72c','2020-08-26 15:33:52',0,0,764,1,'+233270452534',0,0,'EJARA00',NULL,NULL,NULL,'1',0),(558,'NULL','NULL','2015-01-01','Idriswahab','wahabidris1@gmail.com',NULL,'da53fe767d51971042304225c451d9a311fbfb44f25e32715f4b2b21a047db6a','04830a952bba541f7cc4907945a520e6e6ac6d01c0c4b899399e3fc9e2b758de','2020-08-27 12:44:41',0,0,766,1,'+2348166451045',0,0,'EJARA00',NULL,NULL,NULL,'1',0),(557,'NULL','NULL','2015-01-01','ejarahonorat','honoratzabo11@gmail.com_old',NULL,'d346370f0291da271a6bb4b257305d9f61c8bed960a53d74887fff8ae9b4ab2a','61201ede4f1ecbbeb5f717ac69b7f28b157eab94e5ae0e6393123f2e5532109d','2020-08-27 09:14:26',0,0,765,1,'+22540912806_old',0,0,'EJARA00',NULL,NULL,NULL,'1',0),(559,'NULL','NULL','2015-01-01','Veevee','arbicap@gmail.com',NULL,'92329acb314431afeb83709d0956022bac2266186b6d928af8e5451ebf93cc42','ff9b4ef7055d5e3541f7a8d4e314ce4e8ddedca0b8d9203607db87e449664d1a','2020-08-27 14:49:28',0,0,767,1,'+233209110383',0,0,'EJARA00',NULL,NULL,NULL,'1',0),(560,'NULL','NULL','2015-01-01','ilias97','amidukarim92@gmail.com',NULL,'554c93c47e511c5ae3a6ac626ce3ef9390edd24d8112d7c7011cb7b2007353d8','16d3866d2b71b60f28981ee06a0000c38958750b5221f99cd82a5d5554ad27f3','2020-08-27 18:33:23',0,0,768,1,'+233235905519',0,0,'EJARA00',NULL,NULL,NULL,'1',0),(561,'NULL','NULL','2015-01-01','weiop','peteboors@protonmail.com',NULL,'4ec693ce45384f420296489f6048d8986394af8203d7c5af7193ebb3d8d7bbc2','f01c11584f5fcf0daffbc397f753e09b5dd821d4ea7b92731d5b16fda63937e1','2020-08-28 09:53:36',0,0,769,1,'+41796742092',0,0,'EJARA00',NULL,NULL,NULL,'1',0),(563,'NULL','NULL','2015-01-01','valery_old','kasmelvalery@gmail.com_old',NULL,'ff8515027ad131bbbde6f85df2cb98af3dce1527959281412bbca0dcdc7cca3c','10f33b4cde911b8ce786a01fd0e6e85663fd7d86a1950e83f37306e72a52a704','2020-08-29 11:19:47',0,0,771,1,'+237678063269_old',0,0,'EJARA00',NULL,NULL,NULL,'2',0),(564,'NULL','NULL','2015-01-01','djouguela','kasmelvalery@gmail.com',NULL,'ff8515027ad131bbbde6f85df2cb98af3dce1527959281412bbca0dcdc7cca3c','ff8891947175b4c5ec1a7e1ccc64980a9db9e7fc6b2d2f513324089791905f6d','2020-08-29 13:03:51',0,0,772,1,'+237678063269',0,0,'EJARA00',NULL,NULL,NULL,'3',0),(565,'NULL','NULL','2015-01-01','Romaino','romain_doumen@yahoo.fr',NULL,'1dc20ead490b0c7fe3dacd2770a089ab6c9448dd1e6e675830fe32618724a104','583725337933058d6eb49bed2ac7f25dfada87b4e89672d3b50a6b89eb778955','2020-08-29 22:51:38',0,0,773,1,'+237699340171',0,0,'EJARA00',NULL,NULL,NULL,'1',0),(566,'NULL','NULL','2015-01-01','SEKOU225','sekou1er@gmail.com',NULL,'2e2ff82832b71e261c63f216425b6df0a97208f51f7ea51b82d730b698ad01b1','5fbb3175b2ce24b43e475cda807df0fed6a28b5f16458d5d94c646a6e98c30be','2020-08-31 09:30:05',0,0,774,1,'+22548156408',0,0,'EJARA00',NULL,NULL,NULL,'1',0),(567,'Ohue Honorat','ZABO','1979-08-11','ejarahonorat11','honoratzabo@gmail.com',NULL,'d346370f0291da271a6bb4b257305d9f61c8bed960a53d74887fff8ae9b4ab2a','61201ede4f1ecbbeb5f717ac69b7f28b157eab94e5ae0e6393123f2e5532109d','2020-09-02 10:04:42',0,0,775,1,'+22540912806',0,0,'EJARA00',NULL,NULL,NULL,'1',0),(568,'LAURENT PATRICK','YENE','1990-11-19','IBH19','laurentpatrickyene927@gmail.com',NULL,'3683cac277c7fab4be071f4c0ecf46bdd202bb9c3bbf787fa58d065f651710c1','3be85d83433e9b3772970294e803d9bd18f06978d565bd1f77887d069a942182','2020-09-03 14:03:42',0,0,776,1,'+237663632263',0,0,'EJARA00',NULL,NULL,NULL,'1',0),(569,'NULL','NULL','2015-01-01','tamedjou','kalachijordan@gmail.com',NULL,'55efaaf3f8e596c4aa3b29eff13d8e4a96c70dd530d4b2dc99153ccd6e7f9650','87e641e3fa92b6e14831fcb46f03437d10d010c0bc4fd057920613e02dfdb9aa','2020-09-04 14:34:05',0,0,777,1,'+237657376500',0,0,'EJARA00',NULL,NULL,NULL,'1',0),(570,'NULL','NULL','2015-01-01','kalachi','abouousman76@gmail.com',NULL,'55efaaf3f8e596c4aa3b29eff13d8e4a96c70dd530d4b2dc99153ccd6e7f9650','bb5fca0fb9eaf511914edbaf1fa6f53a471ee40def06c7acb6327afe66e5b93d','2020-09-04 14:46:19',0,0,778,1,'+237683825160',0,0,'EJARA00',NULL,NULL,NULL,'1',0),(571,'NULL','NULL','2015-01-01','Mbekra','mbekraa@gmail.com',NULL,'91dc3a468297804c3c52d20ff7437c717ba0bce4fd04fb43016a1b5ffc9dbfc2','2dde4d50e7b195835bf4bd773c3444d89612971b848b84689e1e009da278bacc','2020-09-04 18:25:31',0,0,779,1,'+237696991859',0,0,'EJARA00',NULL,NULL,NULL,'1',0),(572,'NULL','NULL','2015-01-01','Somdation','sergesomda1@gmail.com',NULL,'9bace331f624b382dd4843eaeb2da5b3955053d226713e96a80d223e39af1157','862222256559f38c8a8ecc2c1d6d610051b06672c1c49bfdd022fb83186a7005','2020-09-05 01:06:18',0,0,780,1,'+22667134146',0,0,'EJARA00',NULL,NULL,NULL,'1',0),(573,'NULL','NULL','2015-01-01','Cryptoplus','paulinwalker@yahoo.com',NULL,'022724223f7433026ce93d9ab2927763217941e925c67a1082f8e5fe4e7ec8ae','66db967e0e91f1058a45b099c1c6e734ee951b977493ce5e13b563b6ab6d11eb','2020-09-05 06:32:43',0,0,781,1,'+237695396160',0,0,'EJARA00',NULL,NULL,NULL,'1',0),(574,'NULL','NULL','2015-01-01','jeunetallent','jeunetallentb@gmail.com',NULL,'eef4a2b28fab5ad8509c666e1c7892992eceeb24d361d15a73e77de6f99b0fcb','4d104690a6770126696e6a731584cdf4d614a9eccdedd3012d0e9632f89a8ae4','2020-09-05 17:23:29',0,0,782,1,'+22546274565',0,0,'EJARA00',NULL,NULL,NULL,'1',0),(575,'NULL','NULL','2015-01-01','Simenonwin','brousimeonwin@gmail.com',NULL,'c7d1826b557ac53f31b27d66fa263768d543c8a0392707453f949c83c25e844e','1942e31d06b267a82376970fbc87c898f314e029b31f6c9d32d5d61e65abb970','2020-09-05 18:41:34',0,0,783,1,'+22508826132',0,0,'EJARA00',NULL,NULL,NULL,'1',0),(576,'NULL','NULL','2015-01-01','oumar','berbaoumar5@gmail.com',NULL,'c5c57b43b5570bc228975086b7d81a8b3dc3453fad75d25c43be8fc668b700e0','6393d5a97376486b7826415a1dc9bf921f4e4d23282e94fcc93d0a6becd75e7c','2020-09-05 19:07:43',0,0,784,1,'+22507701570',0,0,'EJARA00',NULL,NULL,NULL,'1',0),(577,'DOUONDA','Keli Constant','1974-12-27','Akelysay','kelyan007@yahoo.fr',NULL,'90aa8906f5bdabf413ac02d1ac73fd0778375a98b96c3dab44ef8d9c9eb9acb9','d1f9f90426fe2a68ae6af7a133717d029d49d1c134bc02619161c9c5a060b2b5','2020-09-05 23:28:40',0,0,785,1,'+22546393639',0,0,'EJARA00',NULL,NULL,NULL,'1',0),(578,'NULL','NULL','2015-01-01','GUHAN','guhanhaidara@gmail.com',NULL,'3d9e34ffb30ae039a1a3600bfd47da5d1f1d5814526bef8a568e0f3b6e96937b','ce91dc9648e0ae1e00899dcb3c82427f01d448e812d0b0162adf28f1983e5faa','2020-09-06 20:09:52',0,0,786,1,'+22675310191',0,0,'EJARA00',NULL,NULL,NULL,'1',0),(579,'NULL','NULL','2015-01-01','RASSOUH','kamarabenahmedabdoulkarim@gmail.com',NULL,'6241db4f3741e30577975de35ee7836e56a485732076f804d326df220a6493da','372f81e5f3450e5ea5eba8d5bd5c2a2c53dcc4d02955cf951dc7dfebdb601fd4','2020-09-06 20:20:11',0,0,787,1,'+22557126675',0,0,'EJARA00',NULL,NULL,NULL,'1',0),(580,'NULL','NULL','2015-01-01','Don','donaldaffovede@gmail.com',NULL,'f03ae57ff073be818600d7e8249cfd00b587b4eedc26d2ab661061d81f730599','fbd9159f1d6312373aa0781628a04ff3a4198a1f532b10ec3eb5c708f3b556c7','2020-09-06 20:54:33',0,0,788,1,'+22966812278',0,0,'EJARA00',NULL,NULL,NULL,'1',0),(581,'NULL','NULL','2015-01-01','Mercierdongue','mercierdongue512@gmail.com',NULL,'1063bc2668b7f2561c3953718cc5e018abae9bcc9d9d3caf0d0605527a9618d7','579211e5c23b25a9b7e445bb5d453e4a3f78e9933bfb6272cee71a63bd6add93','2020-09-06 22:32:32',0,0,789,1,'+237680786161',0,0,'mkMHwM6acPE',23,'2020-09-06 22:32:32',567,'1',0),(582,'NULL','NULL','2015-01-01','kpansai','gpansaidavidgbei@gmail.com',NULL,'d4aea422b6c64f0ea9c0513f5b89a000ba757d804b1ef9b484f00fe8607af2e8','6f0c0e467b9b4da6f2ec181fc46c98cbdc11fe8042da9e950d41c9374844f0b0','2020-09-07 02:00:29',0,0,790,1,'+22577950596',0,0,'EJARA00',NULL,NULL,NULL,'1',0),(583,'NULL','NULL','2015-01-01','eddy','yevala@gmail.com',NULL,'f04ce2c7d89a4f1204e3b28625e1f8868bf916eb047eb3d0c07694c38ca3efec','d1d8663a1afda387ffeebe3f9981f3866d09be61b305bc7e475f25f488dac27e','2020-09-07 07:42:56',0,0,791,1,'+237651727702',0,0,'8DE2mk3fxmH',10,'2020-09-07 07:42:56',537,'1',0),(584,'NULL','NULL','2015-01-01','Okapi','eugene.abe77@gmail.com',NULL,'962630e2629ccd9f18d21922361f2df634eadfd567ba7c6896f7fd02cca8ca1d','7d05b0e944f06f0612c4e8a468f2e42bf26387bdc2f4b8ab0b35b0be7d262f2f','2020-09-07 09:38:33',0,0,792,1,'+22577188910',0,0,'EJARA00',NULL,NULL,NULL,'1',0),(585,'NULL','NULL','2015-01-01','ahmedzein','nsangouahmed01@gmail.com',NULL,'309e887db3da8d1692a42d1f48d9c932737ff718ad54cdfc07663f9757096e3a','3e5096b98502a0ad88ab868cb75edfdea1b9859d83ca2bed57fd5324b9263f75','2020-09-07 09:54:45',0,0,793,1,'+237697787861',0,0,'EJARA00',NULL,NULL,NULL,'1',0),(586,'NULL','NULL','2015-01-01','cobero','cbertrandroland@gmail.com',NULL,'0d94786575e87a22137f63732a602c3bd971b6f7e4503bec063aa71caeb9c050','5270d328f2e580df2bd834deccb554eb7b2e427fd3f887d6fd5da616250a6593','2020-09-07 12:16:21',0,0,794,1,'+22678279175',0,0,'EJARA00',NULL,NULL,NULL,'1',0),(587,'NULL','NULL','2015-01-01','sidiki','leguelegues@gmail.com',NULL,'1ec2cdbdeee44b7ff6935a2a36a52d740e9d07dce4f8e67cd70d7720804a57fe','7e6959cc6f60df2e024b924d658d0e0e2a3d3a6983fad2b05c08f11a400bb175','2020-09-07 13:22:59',0,0,795,1,'+22678960263',0,0,'EJARA00',NULL,NULL,NULL,'1',0),(588,'NULL','NULL','2015-01-01','Nasser','ezatemili@yahoo.fr',NULL,'cec39c15b7598c6d5dc1ca5eb9b8fb1f3ac51e8c2237e53dda07567761d6724b','c8aa62a3e93bba45e02e6aed138fa1294d9aa21859a397fbadc30bf5db5dec6c','2020-09-07 13:27:04',0,0,796,1,'+22670000536',0,0,'EJARA00',NULL,NULL,NULL,'1',0),(589,'NULL','NULL','2015-01-01','bohaben','aquilas.boko.ab@gmail.com',NULL,'39994a8f8d9ded5677cf6bdd073bef74840b4406ab01be56cd388dc3dd52e532','4a2e7b2212b569693c52db29d8b8d11648732c69ec4e9c5e7cf90f9c7ab547a7','2020-09-07 14:03:04',0,0,797,1,'+22997537110',0,0,'EJARA00',NULL,NULL,NULL,'1',0),(590,'NULL','NULL','2015-01-01','Cyrille97','cyrillebrou99@gmail.com',NULL,'96cd0e918def9ea819e41d874b4d9a63258039e53faefba5d31c6f11d5fa1aad','8a7dd41caff805bb48f98b791126fd69a3c193fe7fa5e10eb2a3b60024539aed','2020-09-07 21:12:32',0,0,798,1,'+22553752050',0,0,'EJARA00',NULL,NULL,NULL,'1',0),(592,'NULL','NULL','2015-01-01','amil','mbasimaamildarril@gmail.com',NULL,'410626d442faea9a26cd0184f744be832fa5ea412f9310a82c135435c17ac501','6564e8a46950538cb5c3fe7a92109592e3fb92bf6e1e49b7de008309bfa218a3','2020-09-08 17:28:32',0,0,800,1,'+24102774526',0,0,'EJARA00',NULL,NULL,NULL,'1',0),(591,'NULL','NULL','2015-01-01','Rakiba','rakyr.226@gmail.com',NULL,'81b73542f95e5f74af7fb87771e11d6fca9dacb3a399055b96166a4ced85541e','d91e63c2628b1db7af38c1b53134e6b4a440c6834a8d14602d76a5acd99fee13','2020-09-08 15:07:04',0,0,799,1,'+22671436632',0,0,'mKMHwM6acPE',23,'2020-09-08 15:07:04',567,'1',0),(593,'NULL','NULL','2015-01-01','kmel12','dacquin2006@gmail.com',NULL,'be1069e57afdbfc6a98d1950bbfb4b83b93276d9b1aeaa791ce7f77248ebb120','8c8a3aaeb0439afc37ebea99642612bde5e258230da0c29f5818565a9d4b4ad6','2020-09-09 22:40:24',2000,0,801,1,'+237677330254',0,0,'EJARA00',NULL,NULL,NULL,'1',0),(594,'NULL','NULL','2015-01-01','martzokim','27kengne@gmail.com',NULL,'365f7149a93c32de07179dd201882f5b1727223d2fa390297849765057aac8e3','1e1a23874d15fdc3e0a7db43c5d254c45fb310936a22e55bfdd1e9d6e1845993','2020-09-10 04:53:39',3,0,802,1,'+237670019861',0,0,'EJARA00',NULL,NULL,NULL,'1',0),(595,'NULL','NULL','2015-01-01','saad','sadate09@outlook.com',NULL,'8a476ef0518fe42c1ddd93400e940e2e509476f74f1dba59f51807b7df2bf3c9','47273766c5533f8a06bf6bf7095cd2919950245372d150c56cc27ccd949db56c','2020-09-10 14:19:07',0,0,803,1,'+22890368092',0,0,'EJARA00',NULL,NULL,NULL,'1',0),(596,'NULL','NULL','2015-01-01','fsabgueu2016','fsabgueu2016@gmail.com',NULL,'794f3658a4e9fb1838b37ce13f64afab4b2c8bfe7ff59013af771b6654526324','8060c2e581f26d78834f1c8942ed95f28b5fe536e5971cef9761a173ac02aa02','2020-09-10 15:28:21',0,0,804,1,'+237674037705',0,0,'EJARA00',NULL,NULL,NULL,'1',0),(597,'NULL','NULL','2015-01-01','twadji','wadjith@gmail.com',NULL,'85714791d2fb494bf5fa6df731f70e2afebf07dbcfa10701e4e729ad57ae8110','d684e4a1e31dd20b07d2858e3c8cf6a37a59427031bae62c88c3e9033c5f45a6','2020-09-10 17:01:21',0,0,805,1,'+237677012678',0,0,'EJARA00',NULL,NULL,NULL,'1',0),(599,'NULL','NULL','2015-01-01','boubakary','electleb.a@gmail.com',NULL,'fee40633e1034764c288fd1fb7a9026bd90fc8d327dbeb43d2856dc30af0acff','079f7ffa4c850129c101c9b8e886293b1f2035b2db10717c19804c213185fb71','2020-09-13 11:00:47',0,0,807,1,'+237682149374',0,0,'EJARA00',NULL,NULL,NULL,'1',0),(600,'NULL','NULL','2015-01-01','Merlin','axel.deffo@gmail.com',NULL,'66ead372eae8ecab90b1737c0c00ff5d171c153578fbed112506463e65ed9761','b242e628481a88656a93bf3a490e6c184c0665c44ca21f3369d5a5b6825912a3','2020-09-13 16:43:21',0,0,808,1,'+237650212520',0,0,'EJARA00',NULL,NULL,NULL,'1',0),(601,'NULL','NULL','2015-01-01','jjbwanga','jjbwanga@gmail.com',NULL,'05891cbdeb93826321202681b54c01984708c466164eb52a320233c0e1aef8fb','ceb9e85d08fe580bb173d47285c5a610238251b9e342cd7a423781ed0aea0fed','2020-09-14 16:25:35',0,0,809,1,'+237681511103',0,0,'EJARA00',NULL,NULL,NULL,'1',0),(602,'NULL','NULL','2015-01-01','wayansamy','karimcryptobali@gmail.com',NULL,'7bc7297b99795cd433aeaba8b0b1e5d55bfa7a39a77c29a8fe9a05bec40523f5','d5b68c220016a1a3a7e5163ca1b303f70977562d085e9ac19ebbdab723f21e0a','2020-09-14 17:06:24',0,0,810,1,'+33749483727',0,0,'EJARA00',NULL,NULL,NULL,'1',0),(603,'NULL','NULL','2015-01-01','Attila','jbationo7@gmail.com',NULL,'44979f38a140127d2658690ebdf403458e79a396cf70e27aee73c6e10e7342b9','ee9d066c02c6e9aec160e8ea69678032050deed75703b26b60ef915b6267de8f','2020-09-15 14:13:58',0,0,811,1,'+22654949025',0,0,'EJARA00',NULL,NULL,NULL,'1',0),(604,'NULL','NULL','2015-01-01','roy','yannsadjo@gmail.com',NULL,'1df2eedd48ad61049308706a4b5ae9e3274e53bc155e8d0ff7a8c62e0f149c0f','aa9c3597db8cdbd82a7de74eee143d52abf4e469a7238e052c43015e06cd11a4','2020-09-15 16:11:05',0,0,812,1,'+237677198212',0,0,'EJARA00',NULL,NULL,NULL,'1',0),(605,'NULL','NULL','2015-01-01','fabriguez','martialfabriguez@gmail.com',NULL,'238a417f75dfdcdd2e2715d8c50985e9c06a8c1494822043f71b1b88275d24dc',NULL,'2020-09-17 15:18:49',0,0,813,1,'+237693172142',0,0,'EJARA00',NULL,NULL,NULL,'1',0),(606,'NULL','NULL','2015-01-01','Moneydollars','fastbusinessboosters3@gmail.com',NULL,'890a9fca8a9046534ef6d1f01729b9521d316b8d31cc4203190626a7b10f6313','f9325452154c4e86ffbcfee85479e96aabc941de87d4ca12e26d6a36d37545cf','2020-09-22 17:51:52',0,0,814,1,'+237670382724',0,0,'QhZsXKXnUfk',12,'2020-09-22 17:51:52',471,'1',0),(607,'NULL','NULL','2015-01-01','bathazarepaige','saturainvincent@gmail.com',NULL,'8dd786723fc31bcf434a99d51aaa88c18fd44b4b1d261fe322ee5858dc4d1cbe','6d1c80e4036febc8abbbd88ab566284fa633e5581fd0b018332969c7f77aabcc','2020-09-23 17:10:42',0,0,815,1,'+237674025015',0,0,'EJARA00',NULL,NULL,NULL,'1',0);
/*!40000 ALTER TABLE `customers` ENABLE KEYS */;
UNLOCK TABLES;

--
-- Table structure for table `kyc_demand`
--

DROP TABLE IF EXISTS `kyc_demand`;
/*!40101 SET @saved_cs_client     = @@character_set_client */;
/*!50503 SET character_set_client = utf8mb4 */;
CREATE TABLE `kyc_demand` (
  `id` int(11) NOT NULL AUTO_INCREMENT,
  `username` varchar(50) CHARACTER SET utf8mb4 COLLATE utf8mb4_general_ci NOT NULL,
  `status` varchar(50) CHARACTER SET utf8mb4 COLLATE utf8mb4_general_ci NOT NULL,
  `transaction_date` datetime NOT NULL DEFAULT CURRENT_TIMESTAMP,
  `kyc_level` int(11) DEFAULT NULL,
  `link` text CHARACTER SET utf8mb4 COLLATE utf8mb4_general_ci NOT NULL,
  `link2` text CHARACTER SET utf8mb4 COLLATE utf8mb4_general_ci,
  `doc_type` varchar(100) CHARACTER SET utf8mb4 COLLATE utf8mb4_general_ci NOT NULL,
  PRIMARY KEY (`id`)
) ENGINE=InnoDB AUTO_INCREMENT=15 DEFAULT CHARSET=utf8mb4 COLLATE=utf8mb4_general_ci;
/*!40101 SET character_set_client = @saved_cs_client */;

--
-- Dumping data for table `kyc_demand`
--

LOCK TABLES `kyc_demand` WRITE;
/*!40000 ALTER TABLE `kyc_demand` DISABLE KEYS */;
INSERT INTO `kyc_demand` VALUES (1,'kevin','validated','2020-06-06 18:58:10',1,'kevin/Capture.PNG',NULL,''),(2,'kevin','validated','2020-06-06 18:58:43',NULL,'kevin/Capture.PNG',NULL,''),(3,'kevin','validated','2020-06-06 19:17:03',NULL,'kevin/Capture.PNG',NULL,''),(4,'kevin','validated','2020-06-06 19:22:04',NULL,'kevin/Ejara logo trans.png',NULL,''),(5,'kevin','validated','2020-06-07 13:24:55',1,'kevin/Button Validate.png','kevin/Group 5.png','cni'),(6,'kevin','validated','2020-06-07 13:36:13',1,'kevin/Button Validate.png','kevin/Group 5.png','cni'),(7,'kevin','validated','2020-06-07 13:40:21',1,'kevin/Button Validate.png','kevin/Group 5.png','cni'),(8,'kevin','validated','2020-06-07 13:41:18',1,'kevin/Group 7.png',NULL,'passport'),(9,'kevin','validated','2020-06-18 11:07:28',NULL,'kevin/Group 7.png',NULL,'cniconfirm'),(10,'kevin','validated','2020-06-18 11:49:42',2,'kevin/Button Validate.png','kevin/Group 5.png','cni'),(11,'kevin','validated','2020-06-18 11:50:43',2,'kevin/Button Validate.png','kevin/Group 5.png','cni'),(12,'kevin','validated','2020-06-18 11:51:59',NULL,'kevin/Group 7.png',NULL,'cniconfirm'),(13,'kevin','validated','2020-06-18 11:56:43',2,'kevin/Button Validate.png','kevin/Group 5.png','cni'),(14,'kevin','validated','2020-06-18 11:57:08',NULL,'kevin/Group 7.png',NULL,'cniconfirm');
/*!40000 ALTER TABLE `kyc_demand` ENABLE KEYS */;
UNLOCK TABLES;

--
-- Table structure for table `kyc_details`
--

DROP TABLE IF EXISTS `kyc_details`;
/*!40101 SET @saved_cs_client     = @@character_set_client */;
/*!50503 SET character_set_client = utf8mb4 */;
CREATE TABLE `kyc_details` (
  `id` int(11) NOT NULL AUTO_INCREMENT,
  `level` int(11) NOT NULL,
  `amount_euro` int(11) NOT NULL,
  `description` text CHARACTER SET utf8mb4 COLLATE utf8mb4_general_ci,
  `amount_cfa` int(11) NOT NULL,
  PRIMARY KEY (`id`)
) ENGINE=InnoDB AUTO_INCREMENT=6 DEFAULT CHARSET=utf8mb4 COLLATE=utf8mb4_general_ci;
/*!40101 SET character_set_client = @saved_cs_client */;

--
-- Dumping data for table `kyc_details`
--

LOCK TABLES `kyc_details` WRITE;
/*!40000 ALTER TABLE `kyc_details` DISABLE KEYS */;
INSERT INTO `kyc_details` VALUES (1,1,150,'E-mail/phone verified',100000),(2,2,1500,'Cni + selfie ou Passport + selfie',1000000),(3,3,7500,'proof of residence(factures lectricit, relve bancaire, etc) ',4902118),(4,0,0,'il y a  encore rien confirm ',0);
/*!40000 ALTER TABLE `kyc_details` ENABLE KEYS */;
UNLOCK TABLES;

--
-- Table structure for table `manual_transfert`
--

DROP TABLE IF EXISTS `manual_transfert`;
/*!40101 SET @saved_cs_client     = @@character_set_client */;
/*!50503 SET character_set_client = utf8mb4 */;
CREATE TABLE `manual_transfert` (
  `id` int(11) NOT NULL AUTO_INCREMENT,
  `name` varchar(200) NOT NULL,
  `mtcn` varchar(45) NOT NULL,
  `transaction_date` date NOT NULL,
  `address` varchar(100) DEFAULT NULL,
  `country` varchar(45) NOT NULL,
  `raison` varchar(200) DEFAULT NULL,
  `customer_id` int(11) NOT NULL,
  `amount` int(11) DEFAULT NULL,
  `phone_number` varchar(255) DEFAULT NULL,
  `status` int(11) DEFAULT NULL,
  `referal_customer_code` varchar(45) DEFAULT NULL,
  `created_at` timestamp NULL DEFAULT CURRENT_TIMESTAMP COMMENT 'La date et l''heure d''enregistrement de cette info',
  PRIMARY KEY (`id`)
) ENGINE=InnoDB AUTO_INCREMENT=32 DEFAULT CHARSET=utf8mb4 ;
/*!40101 SET character_set_client = @saved_cs_client */;

--
-- Dumping data for table `manual_transfert`
--

LOCK TABLES `manual_transfert` WRITE;
/*!40000 ALTER TABLE `manual_transfert` DISABLE KEYS */;
INSERT INTO `manual_transfert` VALUES (1,'jamal','234568974','2020-08-12',NULL,'Cameroon','achat bitcoin',303,NULL,NULL,NULL,NULL,'2020-08-24 07:34:28'),(2,'Nguemne Valentine','TREF286HGFS','2020-08-14',NULL,'Guinea','Recharge compte EJARA',525,200000,'324 245 1752 4',2,NULL,'2020-08-24 07:34:28'),(3,'Nguemne Valentine','TREF286HGFS','2020-08-14',NULL,'Gabon','Recharge compte EJARA',525,200000,'324 245 1752',2,NULL,'2020-08-24 07:34:28'),(4,'Nguemne Valentine','TREF286HGAPI','2020-08-14',NULL,'Gabon','Recharge compte EJARA',525,200000,'324 245 1752',2,NULL,'2020-08-24 07:34:28'),(5,'Nguemne Valentine','TREF286HGFSTEST','2020-08-14',NULL,'Gabon','Recharge compte EJARA',525,200000,'324 245 1752',2,NULL,'2020-08-24 07:34:28'),(6,'Nguemne Valentine','TREF286HGFSTEST1','2020-08-14',NULL,'Gabon','Recharge compte EJARA',525,200000,'324 245 1752',2,NULL,'2020-08-24 07:34:28'),(7,'Nguemne Valentine','TREF286HGFSTEST11','2020-08-14',NULL,'Gabon','Recharge compte EJARA',525,200000,'324 245 1752',2,NULL,'2020-08-24 07:34:28'),(8,'Nguemne Valentine','TREF286HGFSTESTAPI','2020-08-14',NULL,'Gabon','Recharge compte EJARA',525,200000,'324 245 1752',2,NULL,'2020-08-24 07:34:28'),(9,'Nguemne Valentine','TREF286HGFSTESTAPI2','2020-08-14',NULL,'Gabon','Recharge compte EJARA',525,200000,'324 245 1752',2,NULL,'2020-08-24 07:34:28'),(10,'Mikhael KAMDEM','IDU122QKDAO','2020-08-14',NULL,'Cameroon','Recharge compte EJARA',519,1000000,'691696975',1,NULL,'2020-08-24 07:34:28'),(11,'Mikhael KAMDEM','QUIDUA124QJD','2020-08-16',NULL,'Cameroon','Recharge compte EJARA',519,1000,'691697784',1,NULL,'2020-08-24 07:34:28'),(12,'Mikhael KAMDEM','7193AIYH12','2020-08-23',NULL,'Cameroon','Recharge compte EJARA',519,1000000,'694807646',1,NULL,'2020-08-24 07:34:28'),(13,'Mikhael KAMDEM','917hdLqjd01','2020-08-16',NULL,'Cameroon','Recharge compte EJARA',519,1000000,'691679994',1,NULL,'2020-08-24 07:34:28'),(14,'Mikhael KAMDEM','917hdLqjd01q','2020-08-16',NULL,'Cameroon','Recharge compte EJARA',519,1000000,'691679994',1,NULL,'2020-08-24 07:34:28'),(15,'Mikhael Kamdem','Iq1330aifuz','2020-08-03',NULL,'cameroon','Recharge compte EJARA',519,1000000,'699865980',2,NULL,'2020-08-24 07:34:28'),(16,'f','f','2020-08-10',NULL,'d','Recharge compte EJARA',519,1000,'695869535',2,NULL,'2020-08-24 07:34:28'),(17,'d','h','2020-08-10',NULL,'c','Recharge compte EJARA',519,10000,'695814255',2,NULL,'2020-08-24 07:34:28'),(18,'Test Test','TestCode','2020-08-20',NULL,'GHANA','Recharge compte EJARA',330,200000,'654128745',2,NULL,'2020-08-24 07:34:28'),(19,'Nguemne Valentine','TREF286HGFSTEST12','2020-08-14',NULL,'Gabon','Recharge compte EJARA',525,200000,'324 245 1752',2,NULL,'2020-08-24 07:34:28'),(20,'Nguemne Valentine','TREF286HGFSTEST13','2020-08-14',NULL,'Gabon','Recharge compte EJARA',525,200000,'324 245 1752',2,NULL,'2020-08-24 07:34:28'),(21,'Nguemne Valentine','TREF286HGFSTEST14','2020-08-14',NULL,'Gabon','Recharge compte EJARA',525,200000,'324 245 1752',2,NULL,'2020-08-24 07:34:28'),(22,'Nguemne Valentine','TREF286HGFSTEST15','2020-08-14',NULL,'Gabon','Recharge compte EJARA',525,200000,'324 245 1752',2,NULL,'2020-08-24 07:34:28'),(23,'Nguemne Valentine','TREF286HGFSTEST16','2020-08-14',NULL,'Gabon','Recharge compte EJARA',525,200000,'324 245 1752',2,NULL,'2020-08-24 07:34:28'),(24,'Nguemne Valentine','TREF286HGFSTEST17','2020-08-14',NULL,'Gabon','Recharge compte EJARA',525,200000,'324 245 1752',2,NULL,'2020-08-24 07:34:28'),(25,'Nguemne Valentine','TREF286HGFSTEST18','2020-08-14',NULL,'Gabon','Recharge compte EJARA',525,200000,'324 245 1752',2,NULL,'2020-08-24 07:34:28'),(26,'Nguemne Valentine','TREF286HGFSTEST19','2020-08-14',NULL,'Gabon','Recharge compte EJARA',525,200000,'324 245 1752',2,NULL,'2020-08-24 07:34:28'),(27,'Nguemne Valentine','TREF286HGFSTEST21','2020-08-14',NULL,'Gabon','Recharge compte EJARA',253,200000,'324 245 1752',2,NULL,'2020-08-24 07:34:28'),(28,'Valentine Test','TestCodeMobile','2020-08-03',NULL,'Ghana','Recharge compte EJARA',330,350000,'6524178954',2,NULL,'2020-08-24 07:34:28'),(29,'test 2','aazed','2020-08-12',NULL,'dla','Recharge compte EJARA',334,15577,'699999999',1,NULL,'2020-08-24 09:08:36'),(30,'test','test','2020-08-19',NULL,'lkhgdv','Recharge compte EJARA',543,500006,'670854258',2,NULL,'2020-08-25 10:50:22'),(31,'d','d','2020-08-10','d','d|d','Recharge compte EJARA',519,100000,'568945784',2,NULL,'2020-08-25 12:53:38');
/*!40000 ALTER TABLE `manual_transfert` ENABLE KEYS */;
UNLOCK TABLES;

--
-- Table structure for table `orderbook`
--

DROP TABLE IF EXISTS `orderbook`;
/*!40101 SET @saved_cs_client     = @@character_set_client */;
/*!50503 SET character_set_client = utf8mb4 */;
CREATE TABLE `orderbook` (
  `order_id` int(11) NOT NULL AUTO_INCREMENT,
  `customer_id` int(11) NOT NULL,
  `ordertype_id` int(11) DEFAULT NULL,
  `offerassettypeid` int(11) DEFAULT NULL,
  `wantassettypeid` int(11) DEFAULT NULL,
  `quantity` float DEFAULT NULL,
  `price` float DEFAULT NULL,
  `orderstatus_id` int(11) DEFAULT NULL,
  `expirationdate` datetime DEFAULT NULL,
  `creationdate` datetime DEFAULT NULL,
  PRIMARY KEY (`order_id`)
) ENGINE=MyISAM DEFAULT CHARSET=utf8;
/*!40101 SET character_set_client = @saved_cs_client */;

--
-- Dumping data for table `orderbook`
--

LOCK TABLES `orderbook` WRITE;
/*!40000 ALTER TABLE `orderbook` DISABLE KEYS */;
/*!40000 ALTER TABLE `orderbook` ENABLE KEYS */;
UNLOCK TABLES;

--
-- Table structure for table `orderstatus`
--

DROP TABLE IF EXISTS `orderstatus`;
/*!40101 SET @saved_cs_client     = @@character_set_client */;
/*!50503 SET character_set_client = utf8mb4 */;
CREATE TABLE `orderstatus` (
  `orderstatus_id` int(11) NOT NULL AUTO_INCREMENT,
  `orderstatus_name` varchar(255) NOT NULL,
  `Isactive` bit(1) DEFAULT NULL,
  PRIMARY KEY (`orderstatus_id`)
) ENGINE=MyISAM DEFAULT CHARSET=utf8;
/*!40101 SET character_set_client = @saved_cs_client */;

--
-- Dumping data for table `orderstatus`
--

LOCK TABLES `orderstatus` WRITE;
/*!40000 ALTER TABLE `orderstatus` DISABLE KEYS */;
/*!40000 ALTER TABLE `orderstatus` ENABLE KEYS */;
UNLOCK TABLES;

--
-- Table structure for table `orderstatushistory`
--

DROP TABLE IF EXISTS `orderstatushistory`;
/*!40101 SET @saved_cs_client     = @@character_set_client */;
/*!50503 SET character_set_client = utf8mb4 */;
CREATE TABLE `orderstatushistory` (
  `orderstatushistory_id` int(11) NOT NULL AUTO_INCREMENT,
  `order_id` int(11) NOT NULL,
  `orderstatus_id` int(11) NOT NULL,
  `statusupdatedby` varchar(45) DEFAULT NULL,
  `updatedate` datetime NOT NULL,
  `creationdate` datetime NOT NULL,
  PRIMARY KEY (`orderstatushistory_id`)
) ENGINE=MyISAM DEFAULT CHARSET=utf8;
/*!40101 SET character_set_client = @saved_cs_client */;

--
-- Dumping data for table `orderstatushistory`
--

LOCK TABLES `orderstatushistory` WRITE;
/*!40000 ALTER TABLE `orderstatushistory` DISABLE KEYS */;
/*!40000 ALTER TABLE `orderstatushistory` ENABLE KEYS */;
UNLOCK TABLES;

--
-- Table structure for table `ordertype`
--

DROP TABLE IF EXISTS `ordertype`;
/*!40101 SET @saved_cs_client     = @@character_set_client */;
/*!50503 SET character_set_client = utf8mb4 */;
CREATE TABLE `ordertype` (
  `ordertype_id` int(11) NOT NULL AUTO_INCREMENT,
  `ordertype_name` varchar(45) NOT NULL,
  `ordertype_desc` varchar(255) DEFAULT NULL,
  PRIMARY KEY (`ordertype_id`)
) ENGINE=MyISAM DEFAULT CHARSET=utf8;
/*!40101 SET character_set_client = @saved_cs_client */;

--
-- Dumping data for table `ordertype`
--

LOCK TABLES `ordertype` WRITE;
/*!40000 ALTER TABLE `ordertype` DISABLE KEYS */;
/*!40000 ALTER TABLE `ordertype` ENABLE KEYS */;
UNLOCK TABLES;

--
-- Table structure for table `panel_solde`
--

DROP TABLE IF EXISTS `panel_solde`;
/*!40101 SET @saved_cs_client     = @@character_set_client */;
/*!50503 SET character_set_client = utf8mb4 */;
CREATE TABLE `panel_solde` (
  `id` int(11) NOT NULL AUTO_INCREMENT,
  `date_transaction` timestamp NOT NULL DEFAULT CURRENT_TIMESTAMP,
  `solde_xtz` float NOT NULL,
  `solde_btc` float NOT NULL,
  PRIMARY KEY (`id`)
) ENGINE=InnoDB AUTO_INCREMENT=38 DEFAULT CHARSET=utf8mb4 COLLATE=utf8mb4_general_ci;
/*!40101 SET character_set_client = @saved_cs_client */;

--
-- Dumping data for table `panel_solde`
--

LOCK TABLES `panel_solde` WRITE;
/*!40000 ALTER TABLE `panel_solde` DISABLE KEYS */;
INSERT INTO `panel_solde` VALUES (4,'2020-07-02 16:28:45',9.9608,0.0207313),(5,'2020-07-02 20:43:29',9.9608,0.0102496),(6,'2020-07-04 20:56:23',9.9608,0.0132786),(7,'2020-07-07 12:34:45',9.9608,0.0141456),(8,'2020-07-08 16:58:13',9.9608,0.00323827),(9,'2020-07-09 09:38:35',9.9608,0.0167751),(10,'2020-07-11 22:55:50',9.9608,0.0279425),(11,'2020-07-14 19:42:50',7.4054,0.0278744),(12,'2020-07-15 05:55:48',2.3921,0.0278744),(13,'2020-07-16 13:05:15',2.3721,0.0974991),(14,'2020-07-17 10:00:06',2.3721,0.00163096),(15,'2020-07-25 10:32:58',0.2167,0.00133936),(16,'2020-07-28 13:28:09',1.0245,0.00133936),(17,'2020-08-02 21:14:37',1.0045,0.00222336),(18,'2020-08-05 21:43:37',1.0045,0.0245749),(19,'2020-08-09 21:01:33',4.57239,0.0245068),(20,'2020-08-11 10:06:22',4.29539,0.0223752),(21,'2020-08-12 17:34:21',4.29539,0.0352648),(22,'2020-08-12 21:13:17',18.6384,0.035152),(23,'2020-08-17 16:42:10',18.3614,0.088262),(24,'2020-08-18 11:37:20',16.6881,0.168262),(25,'2020-08-19 20:29:00',14.4149,0.0881939),(26,'2020-08-20 04:21:27',12.2479,0.0881939),(27,'2020-08-20 18:28:42',11.9709,0.0691458),(28,'2020-08-22 07:33:52',3.66706,0.069033),(29,'2020-08-23 14:07:13',3.64706,0.0952919),(30,'2020-08-28 20:53:24',8.64967,0.0952238),(31,'2020-08-29 13:29:53',8.62967,0.0508317),(32,'2020-09-07 16:04:07',2.48539,0),(33,'2020-09-08 09:37:33',20.8471,0),(34,'2020-09-09 13:34:44',14.6232,0),(35,'2020-09-11 07:29:44',2.22557,0.00210614),(36,'2020-09-11 21:56:15',2.92843,0.00210614),(37,'2020-09-23 09:28:52',43.7109,0);
/*!40000 ALTER TABLE `panel_solde` ENABLE KEYS */;
UNLOCK TABLES;

--
-- Table structure for table `partners`
--

DROP TABLE IF EXISTS `partners`;
/*!40101 SET @saved_cs_client     = @@character_set_client */;
/*!50503 SET character_set_client = utf8mb4 */;
CREATE TABLE `partners` (
  `partners_id` int(11) NOT NULL AUTO_INCREMENT,
  `partnerstype_id` int(11) NOT NULL,
  `partners_name` varchar(45) NOT NULL,
  `partners_details` varchar(45) DEFAULT NULL,
  PRIMARY KEY (`partners_id`)
) ENGINE=InnoDB DEFAULT CHARSET=utf8;
/*!40101 SET character_set_client = @saved_cs_client */;

--
-- Dumping data for table `partners`
--

LOCK TABLES `partners` WRITE;
/*!40000 ALTER TABLE `partners` DISABLE KEYS */;
/*!40000 ALTER TABLE `partners` ENABLE KEYS */;
UNLOCK TABLES;

--
-- Table structure for table `partners_branches`
--

DROP TABLE IF EXISTS `partners_branches`;
/*!40101 SET @saved_cs_client     = @@character_set_client */;
/*!50503 SET character_set_client = utf8mb4 */;
CREATE TABLE `partners_branches` (
  `branch_id` int(11) NOT NULL AUTO_INCREMENT,
  `partners_id` int(11) DEFAULT NULL,
  `address_id` int(11) DEFAULT NULL,
  `branch_type_code` int(11) DEFAULT NULL,
  `branch_details` varchar(45) DEFAULT NULL,
  PRIMARY KEY (`branch_id`)
) ENGINE=InnoDB DEFAULT CHARSET=utf8;
/*!40101 SET character_set_client = @saved_cs_client */;

--
-- Dumping data for table `partners_branches`
--

LOCK TABLES `partners_branches` WRITE;
/*!40000 ALTER TABLE `partners_branches` DISABLE KEYS */;
/*!40000 ALTER TABLE `partners_branches` ENABLE KEYS */;
UNLOCK TABLES;

--
-- Table structure for table `partnerstype`
--

DROP TABLE IF EXISTS `partnerstype`;
/*!40101 SET @saved_cs_client     = @@character_set_client */;
/*!50503 SET character_set_client = utf8mb4 */;
CREATE TABLE `partnerstype` (
  `partnerstype_id` int(11) NOT NULL AUTO_INCREMENT,
  `partnerstype_lib` varchar(100) NOT NULL,
  PRIMARY KEY (`partnerstype_id`)
) ENGINE=InnoDB DEFAULT CHARSET=utf8;
/*!40101 SET character_set_client = @saved_cs_client */;

--
-- Dumping data for table `partnerstype`
--

LOCK TABLES `partnerstype` WRITE;
/*!40000 ALTER TABLE `partnerstype` DISABLE KEYS */;
/*!40000 ALTER TABLE `partnerstype` ENABLE KEYS */;
UNLOCK TABLES;

--
-- Table structure for table `payment_type`
--

DROP TABLE IF EXISTS `payment_type`;
/*!40101 SET @saved_cs_client     = @@character_set_client */;
/*!50503 SET character_set_client = utf8mb4 */;
CREATE TABLE `payment_type` (
  `id` int(11) NOT NULL AUTO_INCREMENT,
  `name` varchar(200) CHARACTER SET utf8mb4 COLLATE utf8mb4_general_ci NOT NULL,
  `account_number` varchar(200) CHARACTER SET utf8mb4 COLLATE utf8mb4_general_ci NOT NULL,
  `account_owner` varchar(200) CHARACTER SET utf8mb4 COLLATE utf8mb4_general_ci NOT NULL,
  `description` text CHARACTER SET utf8mb4 COLLATE utf8mb4_general_ci,
  `country` varchar(255) COLLATE utf8mb4_general_ci DEFAULT NULL,
  `id_type` varchar(255) COLLATE utf8mb4_general_ci DEFAULT NULL,
  `solde` int(11) DEFAULT NULL,
  `mobile` tinyint(4) DEFAULT '0',
  `min_amount` int(11) DEFAULT '0',
  `fees_limit` int(11) DEFAULT '0',
  `fees_value` int(11) DEFAULT '0',
  PRIMARY KEY (`id`)
) ENGINE=InnoDB AUTO_INCREMENT=12 DEFAULT CHARSET=utf8mb4 COLLATE=utf8mb4_general_ci;
/*!40101 SET character_set_client = @saved_cs_client */;

--
-- Dumping data for table `payment_type`
--

LOCK TABLES `payment_type` WRITE;
/*!40000 ALTER TABLE `payment_type` DISABLE KEYS */;
INSERT INTO `payment_type` VALUES (9,'uba','468465654654','ejaratest','notre compte uba',NULL,NULL,5500,0,0,0,0),(10,'MOBILE MONEY','653919163','Tsafack fradith',NULL,NULL,NULL,7798030,0,0,0,0),(11,'Western Union','672283154','TSAFACK FRADITH CRYSALE','Make a Western Union transfert Using these infos and submit transaction details to the platform\r\n','Cameroon','ID Card',57577,1,21000,100000,1000);
/*!40000 ALTER TABLE `payment_type` ENABLE KEYS */;
UNLOCK TABLES;

--
-- Table structure for table `promotion`
--

DROP TABLE IF EXISTS `promotion`;
/*!40101 SET @saved_cs_client     = @@character_set_client */;
/*!50503 SET character_set_client = utf8mb4 */;
CREATE TABLE `promotion` (
  `id` int(11) NOT NULL AUTO_INCREMENT,
  `promo_price` int(11) NOT NULL,
  `ejara_commission` float NOT NULL,
  `spread_price` float NOT NULL,
  `regular_price` int(11) NOT NULL,
  `network_fees` float NOT NULL,
  `begin_date` datetime NOT NULL DEFAULT CURRENT_TIMESTAMP,
  `state` int(11) DEFAULT '0' COMMENT '1: enable , 0 : disable',
  `min_price` int(11) DEFAULT NULL,
  `wallet_type` int(11) DEFAULT NULL,
  PRIMARY KEY (`id`)
) ENGINE=InnoDB AUTO_INCREMENT=3 DEFAULT CHARSET=utf8mb4 COLLATE=utf8mb4_general_ci;
/*!40101 SET character_set_client = @saved_cs_client */;

--
-- Dumping data for table `promotion`
--

LOCK TABLES `promotion` WRITE;
/*!40000 ALTER TABLE `promotion` DISABLE KEYS */;
INSERT INTO `promotion` VALUES (1,625,0.015,0.0591,580,0.0001,'2020-08-17 16:55:00',1,200000,1),(2,625,0.015,0.0763,580,0.2,'2020-07-29 11:52:48',1,200000,3);
/*!40000 ALTER TABLE `promotion` ENABLE KEYS */;
UNLOCK TABLES;

--
-- Table structure for table `ref_branch_types`
--

DROP TABLE IF EXISTS `ref_branch_types`;
/*!40101 SET @saved_cs_client     = @@character_set_client */;
/*!50503 SET character_set_client = utf8mb4 */;
CREATE TABLE `ref_branch_types` (
  `branch_type_code` int(11) NOT NULL AUTO_INCREMENT,
  `branch_type_description` varchar(45) DEFAULT NULL,
  PRIMARY KEY (`branch_type_code`)
) ENGINE=InnoDB DEFAULT CHARSET=utf8;
/*!40101 SET character_set_client = @saved_cs_client */;

--
-- Dumping data for table `ref_branch_types`
--

LOCK TABLES `ref_branch_types` WRITE;
/*!40000 ALTER TABLE `ref_branch_types` DISABLE KEYS */;
/*!40000 ALTER TABLE `ref_branch_types` ENABLE KEYS */;
UNLOCK TABLES;

--
-- Table structure for table `referal_codes`
--

DROP TABLE IF EXISTS `referal_codes`;
/*!40101 SET @saved_cs_client     = @@character_set_client */;
/*!50503 SET character_set_client = utf8mb4 */;
CREATE TABLE `referal_codes` (
  `referal_code_id` int(11) NOT NULL AUTO_INCREMENT COMMENT 'Unique Id',
  `customer_id` int(11) NOT NULL COMMENT 'The owner of this code',
  `reward_setting_id` int(11) NOT NULL COMMENT 'The id of the reward setting to use',
  `type` varchar(255) COLLATE utf8mb4_general_ci DEFAULT NULL COMMENT 'referal, reduction,  ',
  `code` varchar(11) COLLATE utf8mb4_general_ci NOT NULL COMMENT 'The code string',
  `validity` int(11) DEFAULT NULL COMMENT 'Number of days. Nullable',
  `valid_from` datetime DEFAULT NULL COMMENT 'start date : For referal, validy start is dynamic for each user, from the referal date and lasts 2 monts. ',
  `valid_to` datetime DEFAULT NULL COMMENT 'End date. Nullable. Some codes are valid till , their valid end date is therefore null.',
  `status` int(1) NOT NULL COMMENT 'active or inactive : Only active codes will be taken into account when submitted by a user.',
  PRIMARY KEY (`referal_code_id`)
) ENGINE=InnoDB AUTO_INCREMENT=39 DEFAULT CHARSET=utf8mb4 COLLATE=utf8mb4_general_ci;
/*!40101 SET character_set_client = @saved_cs_client */;

--
-- Dumping data for table `referal_codes`
--

LOCK TABLES `referal_codes` WRITE;
/*!40000 ALTER TABLE `referal_codes` DISABLE KEYS */;
INSERT INTO `referal_codes` VALUES (1,330,1,'referal','WNsPTwsXxtz',60,'2020-08-20 23:16:42',NULL,1),(2,541,1,'referal','B54cqMrWR3-',60,'2020-08-22 05:22:38',NULL,1),(3,519,1,'referal','3L2zbcLehay',60,'2020-08-22 08:37:32',NULL,1),(4,334,1,'referal','t6JejTcDgNR',60,'2020-08-23 16:53:33',NULL,1),(5,543,1,'referal','vvHx3TdJhjU',60,'2020-08-24 16:38:00',NULL,1),(6,550,1,'referal','6d9sripWcTe',60,'2020-08-24 20:33:31',NULL,1),(7,459,1,'referal','WXrPxTM4Q22',60,'2020-08-25 15:43:46',NULL,1),(8,253,1,'referal','-ubi643QxKj',60,'2020-08-25 20:10:30',NULL,1),(9,366,1,'referal','39sdWCz8TiW',60,'2020-08-25 20:25:01',NULL,1),(10,537,1,'referal','8DE2mk3fxmH',60,'2020-08-26 09:32:34',NULL,1),(11,539,1,'referal','4a6XWrfrRfX',60,'2020-08-26 09:49:25',NULL,1),(12,471,1,'referal','QhZsXKXnUfk',60,'2020-08-26 11:22:45',NULL,1),(13,556,1,'referal','gS4eMDczNws',60,'2020-08-26 15:44:18',NULL,1),(14,557,1,'referal','ULANAt4XWMw',60,'2020-08-27 09:22:03',NULL,1),(15,561,1,'referal','PcHJEJVkcv2',60,'2020-08-28 09:58:07',NULL,1),(16,564,1,'referal','F4fDapLUmyx',60,'2020-08-29 16:03:18',NULL,1),(17,566,1,'referal','SGm4j4hvakJ',60,'2020-08-31 09:31:07',NULL,1),(18,568,1,'referal','kDNWfeAX-t9',60,'2020-09-03 14:24:38',NULL,1),(19,504,1,'referal','ccFBwbzPBPS',60,'2020-09-04 14:29:30',NULL,1),(20,570,1,'referal','BW329kcudLA',60,'2020-09-04 14:50:44',NULL,1),(21,569,1,'referal','f9PM4Y-EaKH',60,'2020-09-04 18:12:46',NULL,1),(22,573,1,'referal','t8q2L3misuY',60,'2020-09-05 06:38:01',NULL,1),(23,567,1,'referal','mKMHwM6acPE',60,'2020-09-05 13:37:19',NULL,1),(24,576,1,'referal','8erDbxNkAsX',60,'2020-09-05 19:12:05',NULL,1),(25,578,1,'referal','NiHs895fQK2',60,'2020-09-06 20:13:32',NULL,1),(26,581,1,'referal','FjGUjCn2WaQ',60,'2020-09-06 22:44:49',NULL,1),(27,582,1,'referal','tqC2jGZQAH4',60,'2020-09-07 02:03:15',NULL,1),(28,583,1,'referal','XvN--2iPDPY',60,'2020-09-07 07:47:29',NULL,1),(29,586,1,'referal','xHRdWJcRZwv',60,'2020-09-07 12:21:24',NULL,1),(30,586,1,'referal','463MYFuWZiE',60,'2020-09-07 12:21:24',NULL,1),(31,360,1,'referal','UvNZpPjs8qt',60,'2020-09-08 01:44:11',NULL,1),(32,594,1,'referal','zH9v4xRCXD9',60,'2020-09-10 09:32:52',NULL,1),(33,600,1,'referal','-V3BeeYZKbf',60,'2020-09-13 20:07:09',NULL,1),(34,601,1,'referal','NyRaPzc9vxn',60,'2020-09-14 16:48:03',NULL,1),(35,599,1,'referal','YYq5ZpxD38k',60,'2020-09-17 10:44:43',NULL,1),(36,512,1,'referal','NHyNRMP5YKJ',60,'2020-09-17 17:59:53',NULL,1),(37,548,1,'referal','GY4xAdALxWt',60,'2020-09-18 22:20:59',NULL,1),(38,606,1,'referal','Th3zNexHw9W',60,'2020-09-22 18:24:01',NULL,1);
/*!40000 ALTER TABLE `referal_codes` ENABLE KEYS */;
UNLOCK TABLES;

--
-- Table structure for table `reward_settings`
--

DROP TABLE IF EXISTS `reward_settings`;
/*!40101 SET @saved_cs_client     = @@character_set_client */;
/*!50503 SET character_set_client = utf8mb4 */;
CREATE TABLE `reward_settings` (
  `id` int(11) NOT NULL AUTO_INCREMENT COMMENT 'Unique Id',
  `name` varchar(255) NOT NULL COMMENT 'Designation',
  `bonus_duration` int(11) DEFAULT NULL COMMENT 'The duration within which this particular class of codes are available. Number of days',
  `minimum_buy_amount` float NOT NULL COMMENT 'The minimum amount to trigger reward sending',
  `minimum_buy_currency` varchar(255) DEFAULT NULL COMMENT 'The currency of the amount',
  `buy_crypto` varchar(255) DEFAULT NULL COMMENT 'ANY, BTC, TXS,  : When any, we count the cummulative buy amount from any crypto. If specified, the reward is sent only when the customers buys that specific crypto for the minimum  buy mount',
  `reward_total_value` float NOT NULL COMMENT 'The amount or percentage to pay',
  `sponsor_total_value` float NOT NULL COMMENT 'The amount to pay to the sponsor (The person who invited)',
  `refered_total_value` float NOT NULL COMMENT 'The amount to pay to the refered person (friend)',
  `reward_type` varchar(255) DEFAULT NULL COMMENT 'Percentage or Fixed value ?',
  `reward_currency` varchar(255) DEFAULT NULL COMMENT 'the currency in which this reward is paid',
  PRIMARY KEY (`id`),
  UNIQUE KEY `name` (`name`)
) ENGINE=InnoDB AUTO_INCREMENT=2 DEFAULT CHARSET=utf32 COMMENT='This table stores config informations about the sponsorship programs';
/*!40101 SET character_set_client = @saved_cs_client */;

--
-- Dumping data for table `reward_settings`
--

LOCK TABLES `reward_settings` WRITE;
/*!40000 ALTER TABLE `reward_settings` DISABLE KEYS */;
INSERT INTO `reward_settings` VALUES (1,'referal',60,100000,'XAF','ANY',2000,2000,0,'fixed','XAF');
/*!40000 ALTER TABLE `reward_settings` ENABLE KEYS */;
UNLOCK TABLES;

--
-- Table structure for table `rewards`
--

DROP TABLE IF EXISTS `rewards`;
/*!40101 SET @saved_cs_client     = @@character_set_client */;
/*!50503 SET character_set_client = utf8mb4 */;
CREATE TABLE `rewards` (
  `transaction_id` int(11) NOT NULL AUTO_INCREMENT,
  `sponsorship_id` int(11) NOT NULL COMMENT 'The sponsorhip involved',
  `receiver_id` int(11) NOT NULL COMMENT 'The customer who receives the money',
  `type` int(1) NOT NULL COMMENT 'Is this reward going to the sponsor = 1 or to the friend/refered =0 ?',
  `receiveaddress` varchar(36) COLLATE utf8mb4_general_ci DEFAULT NULL,
  `amount` int(11) NOT NULL,
  `wallettype_id` int(11) NOT NULL,
  `cryptoamount` decimal(10,8) NOT NULL DEFAULT '0.00000000',
  `cryptoamountkraken` decimal(10,8) NOT NULL DEFAULT '0.00000000',
  `cryptoprice` int(11) NOT NULL DEFAULT '0',
  `cryptosellingprice` int(11) NOT NULL DEFAULT '0',
  `globalfees` decimal(7,2) NOT NULL DEFAULT '0.00',
  `ejarafees` decimal(7,2) NOT NULL DEFAULT '0.00',
  `krakenfees` decimal(7,2) NOT NULL DEFAULT '0.00',
  `blockchainfees` float NOT NULL DEFAULT '0',
  `wallettypefiat_id` int(11) NOT NULL,
  `transaction_date` datetime NOT NULL,
  `statut` int(1) NOT NULL,
  `date_traitement` datetime DEFAULT NULL,
  `transactionhash` text COLLATE utf8mb4_general_ci,
  `raison` varchar(255) COLLATE utf8mb4_general_ci DEFAULT NULL COMMENT 'The reason here is Referal',
  `type_livraison` int(1) DEFAULT NULL,
  `stateorderbuy` int(1) DEFAULT NULL,
  `livreur` text COLLATE utf8mb4_general_ci,
  PRIMARY KEY (`transaction_id`)
) ENGINE=InnoDB DEFAULT CHARSET=utf8mb4 COLLATE=utf8mb4_general_ci;
/*!40101 SET character_set_client = @saved_cs_client */;

--
-- Dumping data for table `rewards`
--

LOCK TABLES `rewards` WRITE;
/*!40000 ALTER TABLE `rewards` DISABLE KEYS */;
/*!40000 ALTER TABLE `rewards` ENABLE KEYS */;
UNLOCK TABLES;

--
-- Table structure for table `session`
--

DROP TABLE IF EXISTS `session`;
/*!40101 SET @saved_cs_client     = @@character_set_client */;
/*!50503 SET character_set_client = utf8mb4 */;
CREATE TABLE `session` (
  `session_id` int(11) NOT NULL AUTO_INCREMENT,
  `customers_id` int(11) DEFAULT NULL,
  `creationtime` datetime DEFAULT NULL,
  `sessionduration` datetime DEFAULT NULL,
  `accessallowed` int(1) NOT NULL,
  `accountlock` int(1) DEFAULT NULL,
  `connectiontry` int(11) DEFAULT NULL,
  PRIMARY KEY (`session_id`)
) ENGINE=InnoDB DEFAULT CHARSET=utf8;
/*!40101 SET character_set_client = @saved_cs_client */;

--
-- Dumping data for table `session`
--

LOCK TABLES `session` WRITE;
/*!40000 ALTER TABLE `session` DISABLE KEYS */;
/*!40000 ALTER TABLE `session` ENABLE KEYS */;
UNLOCK TABLES;

--
-- Table structure for table `sponsorships`
--

DROP TABLE IF EXISTS `sponsorships`;
/*!40101 SET @saved_cs_client     = @@character_set_client */;
/*!50503 SET character_set_client = utf8mb4 */;
CREATE TABLE `sponsorships` (
  `sponsorship_id` int(11) NOT NULL AUTO_INCREMENT COMMENT 'Unique Id',
  `customer_id` int(11) NOT NULL COMMENT 'The benefiant customer',
  `sponsor_id` int(11) NOT NULL COMMENT 'The sponsor customer',
  `referal_code_id` int(11) NOT NULL COMMENT 'The link to the code used',
  `duration` int(11) DEFAULT NULL COMMENT 'Number of days. Nullable',
  `start_date` datetime DEFAULT NULL COMMENT 'start date : For referal, validy start is dynamic for each user, from the referal date and lasts 2 monts. But this date can also be the date of the creation of the code. ',
  `end_date` datetime DEFAULT NULL COMMENT 'End date. Nullable. Some codes are valid till , their valid end date is therefore null.',
  PRIMARY KEY (`sponsorship_id`)
) ENGINE=InnoDB AUTO_INCREMENT=7 DEFAULT CHARSET=utf8mb4 COLLATE=utf8mb4_general_ci;
/*!40101 SET character_set_client = @saved_cs_client */;

--
-- Dumping data for table `sponsorships`
--

LOCK TABLES `sponsorships` WRITE;
/*!40000 ALTER TABLE `sponsorships` DISABLE KEYS */;
INSERT INTO `sponsorships` VALUES (1,541,330,1,60,'2020-08-22 04:45:52','2020-10-21 04:45:52'),(2,550,334,4,60,'2020-08-24 20:32:40','2020-10-23 20:32:41'),(3,581,567,23,60,'2020-09-06 22:32:32','2020-11-05 22:32:32'),(4,583,537,10,60,'2020-09-07 07:42:56','2020-11-06 07:42:56'),(5,591,567,23,60,'2020-09-08 15:07:04','2020-11-07 15:07:04'),(6,606,471,12,60,'2020-09-22 17:51:52','2020-11-21 17:51:52');
/*!40000 ALTER TABLE `sponsorships` ENABLE KEYS */;
UNLOCK TABLES;

--
-- Table structure for table `status`
--

DROP TABLE IF EXISTS `status`;
/*!40101 SET @saved_cs_client     = @@character_set_client */;
/*!50503 SET character_set_client = utf8mb4 */;
CREATE TABLE `status` (
  `status_id` int(11) NOT NULL AUTO_INCREMENT,
  `status_desc` varchar(255) NOT NULL,
  PRIMARY KEY (`status_id`)
) ENGINE=MyISAM DEFAULT CHARSET=utf8;
/*!40101 SET character_set_client = @saved_cs_client */;

--
-- Dumping data for table `status`
--

LOCK TABLES `status` WRITE;
/*!40000 ALTER TABLE `status` DISABLE KEYS */;
/*!40000 ALTER TABLE `status` ENABLE KEYS */;
UNLOCK TABLES;

--
-- Table structure for table `transactions`
--

DROP TABLE IF EXISTS `transactions`;
/*!40101 SET @saved_cs_client     = @@character_set_client */;
/*!50503 SET character_set_client = utf8mb4 */;
CREATE TABLE `transactions` (
  `transaction_id` int(11) NOT NULL AUTO_INCREMENT,
  `A_orderid` int(11) NOT NULL,
  `A_amount` float NOT NULL,
  `A_commission` float NOT NULL,
  `transaction_date` datetime NOT NULL,
  `B_amount` float NOT NULL,
  `B_commission` float NOT NULL,
  `B_orderid` int(11) DEFAULT NULL,
  `wallettype_id` int(11) DEFAULT NULL,
  `A_walletid` int(11) NOT NULL,
  `B_walletid` int(11) DEFAULT NULL,
  `namereceiver` varchar(255) DEFAULT NULL,
  `receiveaddress` varchar(36) CHARACTER SET utf8 COLLATE utf8_general_ci DEFAULT NULL,
  `phonenumber` varchar(20) DEFAULT NULL,
  `fees` float NOT NULL,
  `transaction_note` varchar(255) DEFAULT NULL,
  PRIMARY KEY (`transaction_id`)
) ENGINE=MyISAM AUTO_INCREMENT=365 DEFAULT CHARSET=utf8;
/*!40101 SET character_set_client = @saved_cs_client */;

--
-- Dumping data for table `transactions`
--

LOCK TABLES `transactions` WRITE;
/*!40000 ALTER TABLE `transactions` DISABLE KEYS */;
INSERT INTO `transactions` VALUES (126,259,1000000,0,'2020-02-23 15:39:56',0,0,264,3,304,305,NULL,NULL,NULL,0,'mXTZ'),(127,259,2000000,0,'2020-02-23 21:05:26',0,0,260,3,304,305,NULL,NULL,NULL,0,'mXTZ'),(128,259,1500000,0,'2020-02-23 21:07:17',0,0,260,3,304,305,NULL,NULL,NULL,0,'mXTZ'),(129,257,7000000,0,'2020-02-23 21:15:30',0,0,259,3,300,301,NULL,NULL,NULL,0,'mXTZ'),(130,257,1000000,0,'2020-02-23 21:16:53',0,0,259,3,300,301,NULL,NULL,NULL,0,'mXTZ'),(131,257,4000000,0,'2020-02-24 11:27:27',0,0,259,3,300,301,NULL,NULL,NULL,0,'mXTZ'),(132,257,4806490,0,'2020-02-26 07:15:05',0,0,259,3,300,301,NULL,NULL,NULL,0,'mXTZ'),(133,259,686213,0,'2020-02-26 07:17:42',0,0,260,3,304,305,NULL,NULL,NULL,0,'mXTZ'),(134,259,100000,0,'2020-03-02 16:02:58',0,0,303,3,304,305,NULL,NULL,NULL,0,'mXTZ'),(135,259,121580,0,'2020-03-02 16:25:46',0,0,303,3,304,305,NULL,NULL,NULL,0,'mXTZ'),(136,253,1221750,0,'2020-03-03 11:09:52',0,0,304,3,292,293,NULL,NULL,NULL,0,'mXTZ'),(137,253,1218770,0,'2020-03-03 12:46:19',0,0,304,3,292,293,NULL,NULL,NULL,0,'mXTZ'),(138,279,12087900,0,'2020-03-03 13:34:56',0,0,304,3,344,345,NULL,NULL,NULL,0,'mXTZ'),(139,289,869432,0,'2020-03-03 13:37:20',0,0,304,3,367,368,NULL,NULL,NULL,0,'mXTZ'),(140,301,1083380,0,'2020-03-03 13:38:42',0,0,304,3,393,394,NULL,NULL,NULL,0,'mXTZ'),(141,303,200000,0,'2020-03-03 13:51:21',0,0,304,3,404,405,NULL,NULL,NULL,0,'mXTZ'),(142,279,10470000,0,'2020-03-03 19:38:28',0,0,304,3,344,347,NULL,NULL,NULL,0,'mXTZ'),(143,279,1120000,0,'2020-03-03 21:28:26',0,0,304,3,344,347,NULL,NULL,NULL,0,'mXTZ'),(144,313,1000,0,'2020-03-10 23:15:33',0,0,NULL,1,427,NULL,'External','1DXSPZiRttQtZWjEvBcbxP2SPNgDhGo8Xv','null',0,'Satoshi'),(145,313,1000,0,'2020-03-10 23:15:45',0,0,NULL,1,427,NULL,'External','1DXSPZiRttQtZWjEvBcbxP2SPNgDhGo8Xv','null',0,'Satoshi'),(146,313,1000,0,'2020-03-10 23:50:30',0,0,NULL,1,427,NULL,'External','1DXSPZiRttQtZWjEvBcbxP2SPNgDhGo8Xv','null',0,'Satoshi'),(147,313,10000,0,'2020-03-11 00:05:52',0,0,NULL,3,427,NULL,'External','tz1LPvCPF8GMYBttJt2rt7MeU5A1D8mEdNyg','null',0,'mXTZ'),(148,280,104897,0,'2020-03-14 10:06:41',0,0,NULL,1,348,NULL,'External','1BXNAth3Lg1b2noGW79BME2qqRKZP6uLYV','null',0,'Satoshi'),(149,253,1200000,0,'2020-03-14 17:14:24',0,0,NULL,3,292,NULL,'External','tz1Rgj2vLYa4siBoTTMxCDQsqZ8WF1cakmkb','null',0,'mXTZ'),(150,260,22500000,0,'2020-03-15 13:53:30',0,0,304,3,306,307,NULL,NULL,NULL,0,'mXTZ'),(151,257,22500000,0,'2020-03-15 16:18:53',0,0,304,3,300,301,NULL,NULL,NULL,0,'mXTZ'),(152,304,20000000,0,'2020-03-19 18:15:16',0,0,NULL,3,409,NULL,'External','tz1Rgj2vLYa4siBoTTMxCDQsqZ8WF1cakmkb','null',0,'mXTZ'),(153,303,6000000,0,'2020-03-20 20:15:12',0,0,NULL,3,404,NULL,'External','tz1LPvCPF8GMYBttJt2rt7MeU5A1D8mEdNyg','null',0,'mXTZ'),(154,304,3000000,0,'2020-03-20 21:01:33',0,0,313,3,409,410,NULL,NULL,NULL,0,'mXTZ'),(155,304,2000000,0,'2020-03-20 21:02:28',0,0,313,3,409,410,NULL,NULL,NULL,0,'mXTZ'),(156,304,500000,0,'2020-03-23 09:21:26',0,0,334,3,479,480,NULL,NULL,NULL,0,'mXTZ'),(157,334,1202000,0,'2020-03-23 09:25:32',0,0,NULL,3,479,NULL,'External','tz1LPvCPF8GMYBttJt2rt7MeU5A1D8mEdNyg','null',0,'mXTZ'),(158,304,1000000,0,'2020-03-23 09:27:30',0,0,334,3,479,480,NULL,NULL,NULL,0,'mXTZ'),(159,334,50000,0,'2020-03-23 09:34:09',0,0,NULL,3,479,NULL,'External','tz1LPvCPF8GMYBttJt2rt7MeU5A1D8mEdNyg','null',0,'mXTZ'),(160,329,44562300,0,'2020-03-24 10:33:02',0,0,NULL,3,469,NULL,'External','tz1Rhb8EYpxWDYFp8mrYFr5QoxQDe2eH7Bvp','null',0,'mXTZ'),(161,329,44512200,0,'2020-03-24 11:07:33',0,0,NULL,3,469,NULL,'External','tz1Rhb8EYpxWDYFp8mrYFr5QoxQDe2eH7Bvp','null',0,'mXTZ'),(162,329,44461900,0,'2020-03-24 11:32:19',0,0,NULL,3,469,NULL,'External','tz1Rhb8EYpxWDYFp8mrYFr5QoxQDe2eH7Bvp','null',0,'mXTZ'),(163,329,44020000,0,'2020-03-24 11:41:31',0,0,NULL,3,469,NULL,'External','tz1Rhb8EYpxWDYFp8mrYFr5QoxQDe2eH7Bvp','null',0,'mXTZ'),(164,336,700000,0,'2020-03-24 17:13:13',0,0,NULL,1,483,NULL,'External','1AxwLeXuyikogo1yt9T2N3oDNMc2tfHAuR','null',0,'Satoshi'),(165,336,720000,0,'2020-03-25 16:08:54',0,0,NULL,1,483,NULL,'External','1ArA4SEdMB6dHwLxCku4cHg6U6AAgAoVDG','null',0,'Satoshi'),(166,336,1916000,0,'2020-03-30 18:48:25',0,0,NULL,1,483,NULL,'External','1PhSekCzKWh7pHScbiy8Wke2c42hJgDMZa','null',0,'Satoshi'),(167,336,1916000,0,'2020-03-30 18:48:28',0,0,NULL,1,483,NULL,'External','1PhSekCzKWh7pHScbiy8Wke2c42hJgDMZa','null',0,'Satoshi'),(168,338,479999,0,'2020-03-30 20:37:56',0,0,NULL,1,487,NULL,'External','1PZ7eZb41AoHYANPRF2ABT2DfkaXzFk5PG','null',0,'Satoshi'),(169,338,497030,0,'2020-04-01 13:39:06',0,0,NULL,1,487,NULL,'External','13TK7tALmJtFuFbCKcCZL48ReYvh5bsSx8','null',0,'Satoshi'),(173,313,1000000,0,'2020-04-06 12:26:50',0,0,NULL,3,427,NULL,'External','tz1PhpWz6HMhuNNqc22PEyuue44LfTYkpN8H','null',20000,'test'),(174,313,6780000,0,'2020-04-06 12:53:58',0,0,NULL,3,427,NULL,'External','tz1PhpWz6HMhuNNqc22PEyuue44LfTYkpN8H','null',20000,'test'),(175,313,6700000,0,'2020-04-06 12:55:15',0,0,NULL,3,427,NULL,'External','tz1PhpWz6HMhuNNqc22PEyuue44LfTYkpN8H','null',20000,'test'),(176,358,2900000,0,'2020-04-18 15:49:40',0,0,NULL,3,527,NULL,'External','tz1PhpWz6HMhuNNqc22PEyuue44LfTYkpN8H','null',20000,'save'),(177,358,2800000,0,'2020-04-21 19:06:41',0,0,NULL,3,527,NULL,'External','tz1PhpWz6HMhuNNqc22PEyuue44LfTYkpN8H','null',20000,'save'),(178,336,119999,0,'2020-05-02 07:31:05',0,0,NULL,1,483,NULL,'External','19VgRYEYrkZnx1JwBA4wmEDmdAwmkDBqHb','null',50000,'g'),(179,336,1320000,0,'2020-05-02 09:03:06',0,0,NULL,1,483,NULL,'External','1qg5vBocs83YPrB7R17nGBsCM2MtmqefR','null',50000,'Test'),(180,370,66000000,0,'2020-05-02 15:56:50',0,0,NULL,3,551,NULL,'External','tz1RamyPiGeYCqTwG8LuN3JsEGnGefZAgQNi','null',20000,'t'),(181,370,1300000,0,'2020-05-06 07:05:19',0,0,NULL,3,551,NULL,'External','tz1iJiGHKRuinDygjKagBVc2SGDSWb49CzyG','null',20000,'testt'),(182,294,50000000,0,'2020-05-06 13:47:56',0,0,NULL,3,377,NULL,'External','tz1Vi3iew7hLFWGDJBExMYe1sCYoFXRuqWrB','null',20000,'test'),(183,294,2000000,0,'2020-05-09 10:01:13',0,0,NULL,3,377,NULL,'External','tz1N9D1BLfhWFxKu3g5Y47arcJHQGJauCxqb','null',20000,'test'),(184,294,56000000,0,'2020-05-11 11:51:39',0,0,NULL,3,377,NULL,'External','tz1ehRVrJpDzghEGmd4a8iEmPLUjNZAQmvCq','null',20000,'test'),(185,294,24000000,0,'2020-05-17 10:14:49',0,0,NULL,3,377,NULL,'External','tz1b4Qu4rhnYHwbLybSTZzaUrUq5JmAFBLSS','null',20000,'t'),(186,294,63000000,0,'2020-05-19 05:19:22',0,0,NULL,3,377,NULL,'External','tz1Usat8H857CwxcsZCbR3S9Nya8idcrEk8H','null',20000,'t'),(187,336,44000000,0,'2020-05-22 05:11:09',0,0,NULL,3,483,NULL,'External','tz1T7tNy3sUGUE2QgekWJcTgQjbfMw6dBEWw','null',20000,'t'),(188,336,35000000,0,'2020-05-22 08:43:02',0,0,NULL,3,483,NULL,'External','tz1bQTShvoPWXuUS7HePQs2dPyYSBkfHk5zd','null',20000,'test '),(189,336,28000000,0,'2020-05-25 19:07:33',0,0,NULL,3,483,NULL,'External','tz1SZGaVYQzveQYFrvUas7aUiqjK3hrUcFhd','null',20000,'t'),(190,336,14000000,0,'2020-05-27 10:17:27',0,0,NULL,3,483,NULL,'External','tz1Rhb8EYpxWDYFp8mrYFr5QoxQDe2eH7Bvp','null',20000,'junie'),(191,370,45000000,0,'2020-05-29 10:23:43',0,0,NULL,3,551,NULL,'External','tz1TB5pzw1cZBDovfJ1S4bmZKGX6pxVztpy7','null',20000,'note'),(192,336,2090000,0,'2020-06-03 08:20:12',0,0,NULL,1,483,NULL,'External','1A4Y4TZjgpTnKpjK1fGbrY6ZJALpaiDhqe','null',50000,'r'),(193,366,150000,0,'2020-06-06 19:06:52',0,0,NULL,1,543,NULL,'External','1Dh6m2v64NJNP92hGmvxkyJJjmTQE1gtMn','null',50000,'Jil'),(194,370,59000000,0,'2020-06-07 18:33:14',0,0,NULL,3,551,NULL,'External','tz1aPF6wmWFsgjmC7LTxFxTbHwpRYb2cqpPT','null',20000,'t'),(195,399,1050370,0,'2020-06-09 06:05:11',0,0,NULL,1,607,NULL,'External','1LHUbqfjNuNuQcm5L3itrXpDXJigY1t33L','null',50000,'send'),(196,398,1330000,0,'2020-06-09 15:19:48',0,0,NULL,1,605,NULL,'External','1NgGkjMDfk79RbT7CYFbhjS3Z4txSXym38','null',50000,'te'),(197,399,800735,0,'2020-06-09 15:47:39',0,0,NULL,1,607,NULL,'External','1LHUbqfjNuNuQcm5L3itrXpDXJigY1t33L','null',50000,'yoi'),(198,370,440000,0,'2020-06-09 16:28:15',0,0,NULL,1,551,NULL,'External','1i2h58wNSDZSBbXeQs8M52it5pVhPrZZQ','null',50000,'t'),(199,370,26000000,0,'2020-06-09 16:46:26',0,0,NULL,3,551,NULL,'External','tz1XkfZBHMUXZKGUdCUn6TYuuRWqYQEptgmU','null',20000,'clap '),(200,399,1362640,0,'2020-06-11 15:35:13',0,0,NULL,1,607,NULL,'External','1LHUbqfjNuNuQcm5L3itrXpDXJigY1t33L','null',50000,'sent'),(201,398,1000000,0,'2020-06-12 13:21:42',0,0,NULL,1,605,NULL,'External','12FocHSydtjY6WFypxkFEXwyathMa4fDDi','null',50000,'yes'),(202,398,99844,0,'2020-06-12 13:56:38',0,0,NULL,1,605,NULL,'External','1PNnDDQDweWVtBxuRGSp8tuwRVKny3DNMD','null',50000,'yes'),(203,370,830000,0,'2020-06-13 15:15:41',0,0,NULL,1,551,NULL,'External','1i2h58wNSDZSBbXeQs8M52it5pVhPrZZQ','null',50000,'clap'),(204,401,2604800,0,'2020-06-13 15:55:39',0,0,NULL,3,611,NULL,'External','tz1ekcq9urtJZH2n3fsGUB3oHcUR6wRZ1u5M','null',20000,'pitt'),(205,401,2550000,0,'2020-06-13 15:57:30',0,0,NULL,3,611,NULL,'External','tz1ekcq9urtJZH2n3fsGUB3oHcUR6wRZ1u5M','null',20000,'moi'),(206,401,2500000,0,'2020-06-14 10:35:33',0,0,NULL,3,611,NULL,'External','tz1ekcq9urtJZH2n3fsGUB3oHcUR6wRZ1u5M','null',20000,'toi'),(207,366,300000,0,'2020-06-14 16:45:45',0,0,NULL,1,543,NULL,'External','1Dh6m2v64NJNP92hGmvxkyJJjmTQE1gtMn','null',50000,'jil'),(208,401,2100000,0,'2020-06-15 17:48:34',0,0,NULL,3,611,NULL,'External','tz1ekcq9urtJZH2n3fsGUB3oHcUR6wRZ1u5M','null',20000,'jour'),(209,412,860370,0,'2020-06-15 19:00:14',0,0,NULL,1,633,NULL,'External','1LHUbqfjNuNuQcm5L3itrXpDXJigY1t33L','null',50000,'send '),(210,408,700000,0,'2020-06-16 08:31:36',0,0,NULL,1,625,NULL,'External','189yE6R6NxpVDCnQeswrdAoYWMxnc5SqeA','null',50000,'save'),(211,370,1410000,0,'2020-06-19 15:37:58',0,0,NULL,1,551,NULL,'External','1J6Ho8vyP4NmnY7rZfCuXD8MMqyPrLL6PZ','null',50000,'test'),(212,408,750000,0,'2020-06-19 18:12:22',0,0,NULL,1,625,NULL,'External','3LKbi3kGWnUQLWGuzwkKW3R1piDSEXHeiG','null',50000,'save'),(213,398,1040650,0,'2020-06-20 20:35:31',0,0,NULL,1,605,NULL,'External','1KdvtBoCtE9qW8Gtu8Z2fbgqpe3FLAKeyp','null',50000,'yes'),(214,421,2120000,0,'2020-06-21 17:07:39',0,0,NULL,1,651,NULL,'External','14CYufcQSj6yy5q4SZu4zFEQSA6n1QgRW4','null',50000,'ha'),(215,336,112000000,0,'2020-06-22 14:11:32',0,0,NULL,3,483,NULL,'External','tz1ZnHkD8SRAss715qhzdGKkRt4GtFQJatEw','null',20000,'t'),(216,336,75000000,0,'2020-06-23 09:55:13',0,0,NULL,3,483,NULL,'External','tz1X3jkvuEwgKDCXJMhTi2JNENTNGm6mKZG2','null',20000,'t'),(217,334,3000000,0,'2020-06-25 11:16:18',0,0,NULL,3,479,NULL,'External','tz1LPvCPF8GMYBttJt2rt7MeU5A1D8mEdNyg','null',20000,'ejaraprotest'),(218,428,4010000,0,'2020-06-25 16:36:06',0,0,NULL,1,665,NULL,'External','1GsCPHmHhJvc2dLXDPCgqSjZrRgWFXSLga','null',50000,'moi'),(219,408,10000,0,'2020-06-26 10:35:40',0,0,NULL,1,625,NULL,'External','3GesXxneeP6tZshdqVmVYuC7UzkSsmgZxa','null',50000,'test'),(220,408,899999,0,'2020-06-27 16:24:00',0,0,NULL,1,625,NULL,'External','3LKbi3kGWnUQLWGuzwkKW3R1piDSEXHeiG','null',50000,'moi'),(221,370,2200000,0,'2020-06-28 08:09:49',0,0,NULL,1,551,NULL,'External','1i2h58wNSDZSBbXeQs8M52it5pVhPrZZQ','null',50000,'test'),(222,421,4760000,0,'2020-06-28 19:24:37',0,0,NULL,1,651,NULL,'External','14CYufcQSj6yy5q4SZu4zFEQSA6n1QgRW4','null',50000,'send'),(223,401,6120000,0,'2020-06-29 05:40:06',0,0,NULL,3,611,NULL,'External','tz1ekcq9urtJZH2n3fsGUB3oHcUR6wRZ1u5M','null',20000,'ejarapittol'),(224,388,2980000,0,'2020-06-29 10:34:18',0,0,NULL,3,587,NULL,'External','tz1Tva1Pege6hpNd7pNT16Sz4bmok9wDqCgC','null',20000,'leonel'),(225,388,2930000,0,'2020-06-29 10:43:08',0,0,NULL,3,587,NULL,'External','tz1Tva1Pege6hpNd7pNT16Sz4bmok9wDqCgC','null',20000,'Leonel envoi '),(226,388,2819960,0,'2020-06-29 10:46:51',0,0,NULL,3,587,NULL,'External','tz1Tva1Pege6hpNd7pNT16Sz4bmok9wDqCgC','null',20000,'eni sens '),(227,388,2500000,0,'2020-06-29 10:50:21',0,0,NULL,3,587,NULL,'External','tz1Tva1Pege6hpNd7pNT16Sz4bmok9wDqCgC','null',20000,'reois a sur mon wallet'),(228,421,1030000,0,'2020-07-03 09:24:21',0,0,NULL,1,651,NULL,'External','3LKbi3kGWnUQLWGuzwkKW3R1piDSEXHeiG','null',50000,'test'),(229,421,2870000,0,'2020-07-07 14:02:54',0,0,NULL,1,651,NULL,'External','15PUsyutwgWyymDRPhzVMi5H4RidiUAfxJ','null',50000,'t'),(230,408,29999,0,'2020-07-08 17:41:14',0,0,NULL,1,625,NULL,'External','34Kske9RRrubDPMXEqPRaTtECLsU9Le7A4','null',50000,'moi'),(231,408,1040000,0,'2020-07-08 18:31:31',0,0,NULL,1,625,NULL,'External','19ukY8cFxCFuva5FthFWabpKqXk1RHMFMc','null',50000,'moi'),(234,273,200000,0,'2020-07-09 17:19:35',0,0,326,1,332,333,NULL,NULL,NULL,50000,'rent'),(233,421,1420000,0,'2020-07-09 10:43:11',0,0,NULL,1,651,NULL,'External','14CYufcQSj6yy5q4SZu4zFEQSA6n1QgRW4','null',50000,'t'),(235,448,10820000,0,'2020-07-11 23:44:17',0,0,NULL,1,706,NULL,'External','1MYistMLGc1JBFQS8okmaokQZCNS6QvX5S','null',50000,'RFS Umdeny'),(236,445,15615500,0,'2020-07-16 13:37:37',0,0,NULL,1,700,NULL,'External','1BTFCcfVmdNLk2eLKmncn49SbsSykN4CdL','null',50000,'biz'),(237,445,441000,0,'2020-07-16 14:08:09',0,0,NULL,1,700,NULL,'External','1AJ7qbwddyAeNJUpeoAvScoAkfm7h2dXB9','null',50000,'btc'),(238,445,659000,0,'2020-07-16 14:11:50',0,0,NULL,1,700,NULL,'External','1BTFCcfVmdNLk2eLKmncn49SbsSykN4CdL','null',50000,'nb'),(239,445,770000,0,'2020-07-16 15:25:54',0,0,NULL,1,700,NULL,'External','1BTFCcfVmdNLk2eLKmncn49SbsSykN4CdL','null',50000,'btc'),(240,445,17400000,0,'2020-07-18 07:05:46',0,0,NULL,1,700,NULL,'External','1BTFCcfVmdNLk2eLKmncn49SbsSykN4CdL','null',50000,'btc'),(241,470,1297350,0,'2020-07-27 12:05:42',0,0,NULL,1,748,NULL,'External','3NAt9aBBxFNFunHbqja84dwsZLiwtooTYn','null',50000,'From Bineta'),(242,303,1000000,0,'2020-07-28 10:23:37',0,0,330,3,404,405,NULL,NULL,NULL,20000,'Denying my chance'),(243,334,4000000,0,'2020-08-02 17:36:57',0,0,NULL,3,480,NULL,'External','tz1b7jewxyKhXxst4qdUKR8Hc4TtnRSYMhST',NULL,20000,'tezos Nigeria '),(244,481,100000,0,'2020-08-02 18:47:04',0,0,NULL,3,770,NULL,'kevin','tz1TXg8H9HV6occvNdVVEUUHAZ3eagQKihjD',NULL,20000,'save'),(245,481,100000,0,'2020-08-02 18:48:52',0,0,NULL,3,770,NULL,'kevin','tz1TXg8H9HV6occvNdVVEUUHAZ3eagQKihjD',NULL,20000,'rest'),(246,303,400000,0,'2020-08-02 19:05:51',0,0,NULL,3,405,NULL,'ej_trans_test','tz1N3H18aEentBEgGAuDUkJG51i1jhqdqEvQ',NULL,20000,'back test xtz '),(247,481,100000,0,'2020-08-02 19:35:06',0,0,NULL,3,770,NULL,'External','tz1N3H18aEentBEgGAuDUkJG51i1jhqdqEvQ',NULL,20000,'test'),(248,493,4000000,0,'2020-08-02 21:34:39',0,0,NULL,3,794,NULL,'External','tz1ZMajb6kYpAxkkvM2yBShJ6TZd9pbx9aV1',NULL,20000,'to my trust'),(249,493,3980000,0,'2020-08-02 21:36:35',0,0,NULL,3,794,NULL,'External','tz1ZMajb6kYpAxkkvM2yBShJ6TZd9pbx9aV1',NULL,20000,'Trust'),(250,493,3800000,0,'2020-08-02 21:39:04',0,0,NULL,3,794,NULL,'External','tz1ZMajb6kYpAxkkvM2yBShJ6TZd9pbx9aV1',NULL,20000,'Trust'),(251,493,3500000,0,'2020-08-02 21:45:16',0,0,NULL,3,794,NULL,'External','tz1ZMajb6kYpAxkkvM2yBShJ6TZd9pbx9aV1',NULL,20000,'Afful'),(252,273,460000,0,'2020-08-03 06:40:46',0,0,NULL,3,333,NULL,'bat20','tz1L2h7YuugrkmmHTG3Y6aeovTGWekYKxEhq',NULL,20000,'test'),(253,334,2000000,0,'2020-08-03 07:18:27',0,0,NULL,3,480,NULL,'NBK','tz1WbJ8zVXrC5D1iHBX8aLmn7rgV7QgCpxwq',NULL,20000,'ejara te remercie pour ta patience  '),(254,481,1000,0,'2020-08-03 12:20:30',0,0,NULL,1,769,NULL,'External','1Df5ZgqGLfMUzyGwU9B9mfdH9YHE3EQKVZ',NULL,7000,'test'),(255,481,1000,0,'2020-08-03 12:23:02',0,0,NULL,1,769,NULL,'External','1Df5ZgqGLfMUzyGwU9B9mfdH9YHE3EQKVZ',NULL,7000,'tzst'),(256,481,1000,0,'2020-08-03 16:08:36',0,0,NULL,1,769,NULL,'External','1Df5ZgqGLfMUzyGwU9B9mfdH9YHE3EQKVZ',NULL,7000,'test'),(257,253,10000,0,'2020-08-04 12:28:30',0,0,NULL,1,292,NULL,'External','1Df5ZgqGLfMUzyGwU9B9mfdH9YHE3EQKVZ',NULL,7000,'test btc'),(258,253,10000,0,'2020-08-04 12:32:06',0,0,NULL,1,292,NULL,'External','1Df5ZgqGLfMUzyGwU9B9mfdH9YHE3EQKVZ',NULL,7000,'sent2btc'),(259,334,10000,0,'2020-08-04 12:37:27',0,0,NULL,1,479,NULL,'External','1EDodFHxxjrgLVLjTicKLywPGxPauLciqR',NULL,7000,'remboursement'),(260,481,1000,0,'2020-08-04 13:56:27',0,0,NULL,1,769,NULL,'External','1Df5ZgqGLfMUzyGwU9B9mfdH9YHE3EQKVZ',NULL,7000,'test'),(261,481,1000,0,'2020-08-04 14:14:05',0,0,NULL,1,769,NULL,'External','1Df5ZgqGLfMUzyGwU9B9mfdH9YHE3EQKVZ',NULL,7000,'test'),(262,481,100000,0,'2020-08-04 14:23:06',0,0,NULL,3,770,NULL,'kevin','tz1TXg8H9HV6occvNdVVEUUHAZ3eagQKihjD',NULL,20000,'save'),(263,481,1000,0,'2020-08-04 14:24:32',0,0,NULL,3,770,NULL,'External','tz1TXg8H9HV6occvNdVVEUUHAZ3eagQKihjD',NULL,20000,'test'),(264,481,1000,0,'2020-08-04 17:40:58',0,0,NULL,1,769,334,'ej_trans_test','1Df5ZgqGLfMUzyGwU9B9mfdH9YHE3EQKVZ',NULL,10000,'test'),(265,253,1000,0,'2020-08-04 17:49:26',0,0,NULL,1,292,NULL,'External','12t6B1eQoaBWtpovjybsXvwLjJBu2eGRUh',NULL,10000,'btc de fradith '),(266,481,100000,0,'2020-08-04 17:51:20',0,0,NULL,3,770,334,'ej_trans_test','tz1RZqdJxusQTeqq72e6RanS3LicUiSDJG5i',NULL,200000,'save'),(267,481,1000,0,'2020-08-04 18:00:04',0,0,NULL,1,769,334,'ej_trans_test','1Df5ZgqGLfMUzyGwU9B9mfdH9YHE3EQKVZ',NULL,10000,'test'),(268,253,44000,0,'2020-08-04 19:03:21',0,0,NULL,1,292,NULL,'External','13AAQtUgCEDFiUKiY3CyVPWU7hooWb5ix8',NULL,10000,'from ejara'),(269,303,1000000,0,'2020-08-05 11:16:09',0,0,NULL,3,405,NULL,'External','tz1TXB2T6n1dHjcb41zShFSZr6uerDjpFHM1',NULL,10000,'test to mick '),(270,303,1000000,0,'2020-08-05 11:20:01',0,0,NULL,3,405,481,'ejaratest25','tz1TXB2T6n1dHjcb41zShFSZr6uerDjpFHM1',NULL,10000,'test with mick 2'),(271,481,2000000,0,'2020-08-05 11:21:37',0,0,NULL,3,770,303,'kevin','tz1TXg8H9HV6occvNdVVEUUHAZ3eagQKihjD',NULL,10000,'test'),(272,512,2690000,0,'2020-08-05 21:54:11',0,0,NULL,1,829,NULL,'External','32e8d3pypbvvuSnYniZYtVNZsyhnX3ryQA',NULL,10000,'ejara'),(273,334,4000000,0,'2020-08-07 22:16:56',0,0,NULL,3,480,NULL,'External','tz1gpq8krJx1RCYZsVFMBvQGg9gaPWPqm6ye',NULL,200000,'tezos Nigeria '),(274,512,13850000,0,'2020-08-12 17:42:03',0,0,NULL,1,829,NULL,'External','1BTFCcfVmdNLk2eLKmncn49SbsSykN4CdL',NULL,10000,'ejara'),(275,511,55357000,0,'2020-08-12 21:18:17',0,0,NULL,3,828,NULL,'External','tz1NErYPzXwJ37pZ44KyPLfNh7MGATFfiQvQ',NULL,20000,'Wallet ced'),(276,511,55000000,0,'2020-08-12 21:18:53',0,0,NULL,3,828,NULL,'External','tz1NErYPzXwJ37pZ44KyPLfNh7MGATFfiQvQ',NULL,20000,'Ced'),(277,470,15000000,0,'2020-08-13 12:18:10',0,0,NULL,3,749,NULL,'External','tz1hKBLYqqqQomAk7oaKKgETWruDkJFujmqc',NULL,20000,'Bineta'),(278,504,4090000,0,'2020-08-18 10:08:11',0,0,NULL,1,815,NULL,'External','3K1wCTbK5dhxH61dZ5QxhZchyCMXdhxsXx',NULL,10000,'i'),(279,504,2360000,0,'2020-08-20 14:18:33',0,0,NULL,1,815,NULL,'External','1HJFEUYdNZ9djh2KBw3JAbqtkyb7v7hkyV',NULL,10000,'i'),(280,504,4210000,0,'2020-08-20 18:41:33',0,0,NULL,1,815,NULL,'External','1CYsGi56rubuA7fsA4x47m5j11zmmG9iFs',NULL,10000,'i'),(281,504,3280000,0,'2020-08-20 19:04:25',0,0,NULL,1,815,NULL,'External','13DxoRWQKTGnAdgXobFzWnKWumafFHXViB',NULL,10000,'i'),(282,504,1200000,0,'2020-08-21 12:14:07',0,0,NULL,1,815,NULL,'External','14W363M7TwWYBCNMZH2QkSijdmzARnjPiT',NULL,10000,'i'),(283,504,2690000,0,'2020-08-21 12:17:11',0,0,NULL,1,815,NULL,'External','1AvaaCLcGTdC4cq4Kw4GJdHXKnAJjFnMut',NULL,10000,'i'),(284,504,425000,0,'2020-08-21 16:19:03',0,0,NULL,1,815,NULL,'External','16Ls3YQZScrpZ7rKQnSEE3iU9LYSAsnWrr',NULL,10000,'i'),(285,504,2370000,0,'2020-08-22 09:38:01',0,0,NULL,1,815,NULL,'External','1YwPBU81RpfWbXsqBd4cvsZ7PWbPh4SSn',NULL,10000,'i'),(286,504,371341,0,'2020-08-22 10:08:57',0,0,NULL,1,815,NULL,'External','1YwPBU81RpfWbXsqBd4cvsZ7PWbPh4SSn',NULL,10000,'i'),(287,504,371340,0,'2020-08-22 10:10:16',0,0,NULL,1,815,NULL,'External','1YwPBU81RpfWbXsqBd4cvsZ7PWbPh4SSn',NULL,10000,'i'),(288,504,1174000,0,'2020-08-22 17:23:51',0,0,NULL,1,815,NULL,'External','16kgi9v2Y4oCpHChLcgRbvGavBGt6SorHz',NULL,10000,'i'),(289,504,2000000,0,'2020-08-22 18:48:25',0,0,NULL,1,815,NULL,'External','16kgi9v2Y4oCpHChLcgRbvGavBGt6SorHz',NULL,10000,'i'),(290,334,3000000,0,'2020-08-23 04:53:30',0,0,NULL,3,480,253,'fradith','tz1RZqdJxusQTeqq72e6RanS3LicUiSDJG5i',NULL,20000,'remboursement NBK et Test Mick'),(291,504,2669000,0,'2020-08-23 14:32:33',0,0,NULL,1,815,NULL,'External','1AvaaCLcGTdC4cq4Kw4GJdHXKnAJjFnMut',NULL,10000,'i'),(292,504,1718600,0,'2020-08-23 18:04:17',0,0,NULL,1,815,NULL,'External','1NST1UGGiT9s5LfdueqEuCzzEkCxHZyAq',NULL,10000,'i'),(293,504,528000,0,'2020-08-24 16:24:08',0,0,NULL,1,815,NULL,'External','1FGrcTryeHNEiZynMiKNjATki7WKXDzkcd',NULL,10000,'i'),(294,504,925000,0,'2020-08-24 16:42:35',0,0,NULL,1,815,NULL,'External','1BDs7Q9G8m3Mw5MDLnQpdvPoarKkNRnNUb',NULL,10000,'i'),(295,504,374000,0,'2020-08-24 17:36:41',0,0,NULL,1,815,NULL,'External','1Dx69DzCbF4YpQDqwDePYducXURs2rUg4h',NULL,10000,'i'),(296,334,2000000,0,'2020-08-26 15:07:58',0,0,NULL,3,480,510,'Bongorce1','tz1YhY7VPPuuTDNnEzMTPABNJtUgVhhqunEo',NULL,20000,'meetup Sngal '),(297,334,2000000,0,'2020-08-26 15:09:02',0,0,NULL,3,480,459,'biramendoye','tz1YQHqeyhJQiuTk17hmkcLGyDtEfZFyXyik',NULL,20000,'meetup Sngal'),(298,334,3000000,0,'2020-08-26 15:10:07',0,0,NULL,3,480,545,'doundiaye1','tz1hzk9Y1eHBSZEWDSTdW1M63jJsn1TorTnH',NULL,20000,'meetup Sngal'),(299,334,3000000,0,'2020-08-26 15:28:28',0,0,NULL,3,480,551,'gesco2012','tz1eJBg5QxFsUuZUiAduE7P3YkcGUw8uqdc8',NULL,20000,'meetup Sngal'),(300,334,3000000,0,'2020-08-26 16:33:38',0,0,NULL,3,480,548,'Sakho360','tz1b14cNssHXbs1c6ZqD6hkw4uTGqbcxrf2z',NULL,20000,'meetup Sngal '),(301,545,2980000,0,'2020-08-27 11:41:24',0,0,NULL,3,892,NULL,'External','tz1hKLBLJ4oWeNCUc2WfEyXnp1UPwefrtg95',NULL,20000,'ejara'),(302,545,2500000,0,'2020-08-27 11:50:06',0,0,NULL,3,892,NULL,'External','tz1hKLBLJ4oWeNCUc2WfEyXnp1UPwefrtg95',NULL,20000,'nothing'),(303,556,2000000,0,'2020-08-27 12:01:06',0,0,NULL,3,910,486,'BiggestTalker','tz1epz6rcCPPC65tBL67Lezv3h62yeWYPSNt',NULL,20000,'Tezos  Ghana '),(304,556,2000000,0,'2020-08-27 12:25:18',0,0,NULL,3,910,483,'Gabby22','tz1asoqYwdWrNonLKffK2qqjBZ4dmBcYRqnJ',NULL,20000,'Tezos Ghana '),(305,556,2000000,0,'2020-08-27 12:33:52',0,0,NULL,3,910,489,'kgbagyenim','tz1bwvKtSwPQpui6xwK7HdGFbiNmjivQWS12',NULL,20000,'Tezos  Ghana '),(306,556,2000000,0,'2020-08-27 14:18:17',0,0,NULL,3,910,484,'etokley','tz1UQttzpBRhuNjXDEfddQJWfSbs3znmjiZU',NULL,20000,'Tezos  Ghana '),(307,556,2000000,0,'2020-08-27 14:20:04',0,0,NULL,3,910,500,'Godsportion95','tz1RS5FDKkWT37GMmoYt8hAQmenun7myr21u',NULL,20000,'Tezos  Ghana '),(308,556,2000000,0,'2020-08-27 14:31:53',0,0,NULL,3,910,494,'Billionaira','tz1LCuBHekVoGjonc8ur3aYgB1LvyB4DBtFt',NULL,20000,'Tezos  Ghana '),(309,556,2000000,0,'2020-08-27 14:53:09',0,0,NULL,3,910,558,'Idriswahab','tz1LUtadSHhud3RCPJ5ijYJhDAEmkSk7uU1E',NULL,20000,'Tezos  Ghana '),(310,556,2000000,0,'2020-08-27 15:08:17',0,0,NULL,3,910,493,'Afful','tz1T6wuCAGW8TJjHTppztnkbB8JZZQZ1XxGU',NULL,20000,'Tezos Ghana'),(311,556,2000000,0,'2020-08-27 15:10:17',0,0,NULL,3,910,485,'nanagazzy','tz1PYYQsN8QNBEocp98H8Kk19sUmcQ9n3RsV',NULL,20000,'Tezos Ghana '),(312,556,2000000,0,'2020-08-27 15:33:21',0,0,NULL,3,910,559,'Veevee','tz1WVVPAYuzz8ajNquDuGbvM9BtuJ3LnKXBm',NULL,20000,'Tezos Ghana '),(313,493,1500000,0,'2020-08-27 16:43:44',0,0,NULL,3,794,NULL,'External','tz1ZMajb6kYpAxkkvM2yBShJ6TZd9pbx9aV1',NULL,20000,'me'),(314,493,300000,0,'2020-08-27 16:46:25',0,0,NULL,3,794,NULL,'External','tz1ZMajb6kYpAxkkvM2yBShJ6TZd9pbx9aV1',NULL,20000,'me'),(315,493,180000,0,'2020-08-27 16:49:57',0,0,NULL,3,794,NULL,'External','tz1ZMajb6kYpAxkkvM2yBShJ6TZd9pbx9aV1',NULL,20000,'me'),(316,556,2000000,0,'2020-08-27 18:46:35',0,0,NULL,3,910,492,'Klaus','tz1Wwhx93Nqnm4SiGs89kUAFBEG26YEAZZ8n',NULL,20000,'Tezos Ghana '),(317,556,2000000,0,'2020-08-27 19:55:32',0,0,NULL,3,910,560,'ilias97','tz1S3LQMYGbS36vGXNNwbhzWV4ESMF7Fk38M',NULL,20000,'Tezos  Ghana '),(318,504,4411000,0,'2020-08-28 20:43:22',0,0,NULL,1,815,NULL,'External','1CYsGi56rubuA7fsA4x47m5j11zmmG9iFs',NULL,10000,'i'),(319,556,2000000,0,'2020-08-28 22:09:05',0,0,NULL,3,910,490,'debrain','tz1dz7LC5DLHX8yim3gVDuva8FM1beiEJm3o',NULL,20000,'Tezos Ghana '),(320,504,476000,0,'2020-08-29 10:10:11',0,0,NULL,1,815,NULL,'External','1JZK3wp2Ar42XsY7Bg39D4UgiKNEfbA9Dw',NULL,10000,'i'),(321,330,500000,0,'2020-08-29 14:56:35',0,0,NULL,3,472,253,'fradith','tz1RZqdJxusQTeqq72e6RanS3LicUiSDJG5i',NULL,20000,'TEST VALENTINE'),(322,330,500000,0,'2020-08-29 15:08:49',0,0,NULL,3,472,NULL,'External','tz1N3H18aEentBEgGAuDUkJG51i1jhqdqEvQ',NULL,20000,'TEST VALENTINE'),(323,564,4400000,0,'2020-08-29 15:58:40',0,0,NULL,1,925,NULL,'External','3M1tud4Pkpu2HhbgE7Y6sZpfpZRjhPWtRn',NULL,30000,'valert'),(324,504,1900000,0,'2020-08-31 13:57:35',0,0,NULL,1,815,NULL,'External','1YDv3wfHDfMK3mpQ32VLv6o9Y33hRQPyC',NULL,30000,'ok'),(325,556,300000,0,'2020-09-02 13:49:24',0,0,NULL,3,910,484,'etokley','tz1UQttzpBRhuNjXDEfddQJWfSbs3znmjiZU',NULL,20000,''),(326,504,940000,0,'2020-09-02 19:47:56',0,0,NULL,1,815,NULL,'External','34CfahP8ZhM3nUy2zVnwTchdFsRt3J8WqN',NULL,30000,'i'),(327,504,400000,0,'2020-09-02 19:49:43',0,0,NULL,1,815,NULL,'External','3ByR8s5YHdfKNVwdrSzdzsYjWM7EbMgNog',NULL,30000,'i'),(328,330,100000,0,'2020-09-03 08:56:22',0,0,NULL,3,472,253,'fradith','tz1RZqdJxusQTeqq72e6RanS3LicUiSDJG5i',NULL,20000,'test val'),(329,330,100000,0,'2020-09-03 09:04:36',0,0,NULL,3,472,253,'fradith','tz1RZqdJxusQTeqq72e6RanS3LicUiSDJG5i',NULL,22821,'test val'),(330,330,150000,0,'2020-09-03 09:18:21',0,0,NULL,3,472,253,'fradith','tz1RZqdJxusQTeqq72e6RanS3LicUiSDJG5i',NULL,4622,'test val'),(331,504,1350000,0,'2020-09-03 10:30:18',0,0,NULL,1,815,NULL,'External','3Ch84MVMie32HsZfGgaCRG4TXpFL5RsuRr',NULL,30000,'i'),(332,330,100000,0,'2020-09-03 13:10:20',0,0,NULL,3,472,NULL,'External','tz1N3H18aEentBEgGAuDUkJG51i1jhqdqEvQ',NULL,20000,'test val'),(333,504,790000,0,'2020-09-05 13:11:13',0,0,NULL,1,815,NULL,'External','38G9X1UPehm2TsLzNCgeRCy18xfqNwuLAG',NULL,30000,'i'),(334,504,88426,0,'2020-09-05 13:23:24',0,0,NULL,1,815,NULL,'External','1DKty4owA8b6FGsSYUGgpthkipxhdP1yYL',NULL,30000,'i'),(335,334,19990000,0,'2020-09-05 19:37:26',0,0,NULL,1,479,NULL,'External','1QYZv7HxZQhdEHkTVnHyBzAh8J46NnM78',NULL,30000,' livraison ejara'),(336,504,7542070,0,'2020-09-05 20:18:32',0,0,NULL,1,815,NULL,'External','3DB5PCYrSMGck39dcvPnrFfEC6Z9QHmXgx',NULL,30000,'i'),(337,504,997999,0,'2020-09-05 22:56:37',0,0,NULL,1,815,NULL,'External','34riWN6GyRboFi9nVpP4qTopBqPpo2PBBA',NULL,30000,'i'),(338,490,1980000,0,'2020-09-06 08:17:16',0,0,NULL,3,788,NULL,'External','tz1XsSjc9diZwmj95o3sp4tFjhWaK1RjSmQG',NULL,20000,'take care '),(339,504,748059,0,'2020-09-07 14:32:56',0,0,NULL,1,815,NULL,'External','32nUaWzZ8oP8XB7a51L2gGUxZ99eCRq9k2',NULL,30000,'i'),(340,504,3004540,0,'2020-09-07 14:52:29',0,0,NULL,1,815,NULL,'External','3NMWz2n6vY7pAszA2cY7oAHX3DMFrtZjaU',NULL,30000,'i'),(341,504,3884570,0,'2020-09-07 15:12:41',0,0,NULL,1,815,NULL,'External','3QtEKgdaHtZyszsMaNj1BL8V5P31k6rKnd',NULL,30000,'i'),(342,504,245475,0,'2020-09-07 17:15:11',0,0,NULL,1,815,NULL,'External','3GJ7m7GFN6669aTDJmyvWiSbd2KHvfjjES',NULL,30000,'i'),(343,504,1470000,0,'2020-09-07 19:02:55',0,0,NULL,1,815,NULL,'External','3Ph3NWFp8MNVJNMDnKPXy8iwB51TJF2SqJ',NULL,30000,'i'),(344,504,245598,0,'2020-09-07 19:07:03',0,0,NULL,1,815,NULL,'External','365sZbaGYWZ99KS2ip4ArLdRbPceH4CF7A',NULL,30000,'i'),(345,512,490923,0,'2020-09-08 10:24:33',0,0,NULL,1,829,NULL,'External','1KGBuJPR1n28F8DC3DLika1km7veEBo6Rg',NULL,30000,'livraison cliente 34700'),(346,512,5933470,0,'2020-09-08 15:43:56',0,0,NULL,1,829,504,'andy92','1QYZv7HxZQhdEHkTVnHyBzAh8J46NnM78',NULL,30000,'livraison ejara'),(347,504,7404780,0,'2020-09-08 16:40:54',0,0,NULL,1,815,NULL,'External','3GPbmhxJbK1LnGLDXCBSH2zPPkeRFCpTcr',NULL,30000,'i'),(348,512,9849690,0,'2020-09-09 10:52:20',0,0,NULL,1,829,NULL,'External','1QYZv7HxZQhdEHkTVnHyBzAh8J46NnM78',NULL,30000,'livraison andy92'),(349,512,19743600,0,'2020-09-09 10:55:13',0,0,NULL,1,829,NULL,'External','31yoq9HXpET4qjnEBLNaot741XYdSxpYmd',NULL,30000,'livraison valery'),(350,504,2457790,0,'2020-09-09 10:59:27',0,0,NULL,1,815,NULL,'External','34iTnxrextqvZ9KVZvgrGzqmXxTum5z9vX',NULL,30000,'i'),(351,504,2954400,0,'2020-09-09 11:11:42',0,0,NULL,1,815,NULL,'External','39gmwosmpXZuTDMMUqk5Jwop2NBhbjSzrm',NULL,30000,'i'),(352,504,146000,0,'2020-09-09 13:56:09',0,0,NULL,1,815,NULL,'External','1u2QBeZD6wMEvn1NmHUcMBSjkWCpP2Pji',NULL,30000,'i'),(353,512,694536,0,'2020-09-10 10:24:39',0,0,NULL,1,829,594,'martzokim','1JxXWZD7v9H9gDuKq4CXWStf13iZB5Rdn1',NULL,30000,'livraison martzokim'),(354,512,276494,0,'2020-09-10 11:13:01',0,0,NULL,1,829,NULL,'External','1KGBuJPR1n28F8DC3DLika1km7veEBo6Rg',NULL,30000,'livraison la nouvelle Larissa'),(355,594,665000,0,'2020-09-10 11:13:11',0,0,NULL,1,973,NULL,'External','16JJHgKFsNFrGf6FEyDaPMMts6rzdoF1cT',NULL,30000,''),(356,511,50000000,0,'2020-09-11 22:19:39',0,0,NULL,3,828,NULL,'External','tz1NErYPzXwJ37pZ44KyPLfNh7MGATFfiQvQ',NULL,20000,''),(357,303,3000000,0,'2020-09-13 09:37:47',0,0,NULL,3,405,NULL,'External','tz1fVzx5CWpkFxqE8xXhF2mKGDKSHruMmYXq',NULL,20000,'tout junior '),(358,512,4768520,0,'2020-09-14 12:38:16',0,0,NULL,1,829,504,'andy92','1QYZv7HxZQhdEHkTVnHyBzAh8J46NnM78',NULL,30000,'livraison andy92'),(359,504,907134,0,'2020-09-16 21:48:58',0,0,NULL,1,815,NULL,'External','32XKzvxc2vHA1dxaQto4yiGjbgSynQacWw',NULL,30000,''),(360,512,246226,0,'2020-09-22 11:07:42',0,0,NULL,1,829,NULL,'External','1MNbS19YM2SNj61dhtfRaKcnyL1YmnZhcL',NULL,30000,'livraison graphiste'),(361,512,246226,0,'2020-09-22 11:07:52',0,0,NULL,1,829,NULL,'External','1MNbS19YM2SNj61dhtfRaKcnyL1YmnZhcL',NULL,30000,'livraison graphiste'),(362,471,477540,0,'2020-09-22 11:53:39',0,0,NULL,1,750,NULL,'External','3Ke3nUzAEaLYzo9pNcdv97azrBnUSwVt6a',NULL,30000,'Petronpay'),(363,512,320284,0,'2020-09-23 10:16:59',0,0,NULL,1,829,257,'Loba3006','1BgHSTtu44KyxFNYFM8mu2bzU9E8Qz16wg',NULL,30000,'livraison Loba3006'),(364,512,5351650,0,'2020-09-23 17:42:36',0,0,NULL,1,829,NULL,'External','3Dh1rbxSvHfK6JgC9T7yGyfzVRV9ZB1RbZ',NULL,30000,'livraison sinced');
/*!40000 ALTER TABLE `transactions` ENABLE KEYS */;
UNLOCK TABLES;

--
-- Table structure for table `transactions_history`
--

DROP TABLE IF EXISTS `transactions_history`;
/*!40101 SET @saved_cs_client     = @@character_set_client */;
/*!50503 SET character_set_client = utf8mb4 */;
CREATE TABLE `transactions_history` (
  `id` int(11) NOT NULL AUTO_INCREMENT,
  `trans_type` varchar(20) CHARACTER SET utf8mb4 COLLATE utf8mb4_general_ci NOT NULL,
  `date_trans` timestamp NOT NULL,
  `balance_cfa` float DEFAULT NULL,
  `balance_xtz` float DEFAULT NULL,
  `balance_btc` float DEFAULT NULL,
  PRIMARY KEY (`id`)
) ENGINE=InnoDB AUTO_INCREMENT=198 DEFAULT CHARSET=utf8mb4 COLLATE=utf8mb4_general_ci;
/*!40101 SET character_set_client = @saved_cs_client */;

--
-- Dumping data for table `transactions_history`
--

LOCK TABLES `transactions_history` WRITE;
/*!40000 ALTER TABLE `transactions_history` DISABLE KEYS */;
INSERT INTO `transactions_history` VALUES (30,'add','2020-06-14 18:10:22',19980.8,NULL,NULL),(31,'add','2020-06-15 09:37:12',69864.9,NULL,NULL),(32,'add','2020-06-15 09:37:12',69930,NULL,NULL),(33,'buy','2020-06-15 10:17:47',59630,5.9759,NULL),(34,'buy','2020-06-15 13:51:04',920,NULL,0.00927122),(35,'add','2020-06-15 17:13:46',2391.69,NULL,NULL),(36,'add','2020-06-15 17:18:22',2391.69,NULL,NULL),(37,'add','2020-06-15 17:20:32',2391.69,NULL,NULL),(38,'add','2020-06-15 17:25:21',2391.69,NULL,NULL),(39,'add','2020-06-15 17:42:51',2341.3,NULL,NULL),(40,'add','2020-06-15 18:33:06',49951.9,NULL,NULL),(41,'buy','2020-06-15 18:45:41',45,NULL,0.00759592),(42,'add','2020-06-15 18:46:47',1137.04,NULL,NULL),(43,'add','2020-06-15 19:28:21',5592.19,NULL,NULL),(44,'add','2020-06-15 19:43:24',2136.04,NULL,NULL),(45,'add','2020-06-15 19:44:29',2136.04,NULL,NULL),(46,'add','2020-06-15 19:46:12',3136.04,NULL,NULL),(47,'add','2020-06-15 19:28:21',5155,NULL,NULL),(48,'add','2020-06-15 22:20:01',1579.04,NULL,NULL),(49,'add','2020-06-16 05:24:08',2341.3,NULL,NULL),(50,'add','2020-06-16 10:45:15',2341.3,NULL,NULL),(51,'add','2020-06-17 16:05:29',2389.11,NULL,NULL),(52,'add','2020-06-17 16:07:58',2389.11,NULL,NULL),(53,'add','2020-06-18 12:23:07',1099.04,NULL,NULL),(54,'add','2020-06-18 12:25:05',1099.04,NULL,NULL),(55,'add','2020-06-18 15:49:17',68034.6,NULL,NULL),(56,'add','2020-06-18 15:55:43',68031.6,NULL,NULL),(57,'buy','2020-06-18 16:24:55',117,NULL,0.0104085),(58,'add','2020-06-19 12:10:11',90055,NULL,NULL),(59,'buy','2020-06-19 12:26:45',995,NULL,0.0142261),(60,'add','2020-06-19 16:11:32',49996.9,NULL,NULL),(61,'buy','2020-06-19 16:17:52',46,NULL,0.00755362),(62,'add','2020-06-20 19:37:36',66009,NULL,NULL),(63,'buy','2020-06-20 19:43:44',69,NULL,0.010514),(64,'add','2020-06-21 12:08:18',139865,NULL,NULL),(65,'buy','2020-06-21 12:12:50',2984,NULL,0.0215621),(66,'add','2020-06-22 10:25:00',97580.7,NULL,NULL),(67,'buy','2020-06-22 10:31:39',665,14.776,NULL),(68,'add','2020-06-23 05:52:53',999.039,NULL,NULL),(69,'buy','2020-06-23 08:56:56',596,2.406,NULL),(70,'add','2020-06-24 05:27:00',20120.7,NULL,NULL),(71,'add','2020-06-24 12:08:08',89958.5,NULL,NULL),(72,'add','2020-06-24 12:15:28',4995.19,NULL,NULL),(73,'add','2020-06-24 12:16:56',226913,NULL,NULL),(74,'buy','2020-06-24 12:34:34',82,NULL,0.0140752),(75,'add','2020-06-24 14:26:02',5616.35,NULL,NULL),(76,'add','2020-06-24 16:27:37',5239.34,NULL,NULL),(77,'add','2020-06-24 16:29:22',7089.88,NULL,NULL),(78,'buy','2020-06-24 16:31:41',99,9.4421,NULL),(79,'add','2020-06-24 17:06:03',14819,NULL,NULL),(80,'buy','2020-06-24 17:07:58',8825,0.0105,NULL),(81,'buy','2020-06-24 17:51:14',3838,NULL,0.00276218),(82,'buy','2020-06-25 13:17:35',7,9.4421,NULL),(83,'buy','2020-06-25 14:45:59',225,NULL,0.040263),(84,'add','2020-06-25 21:45:02',999.039,NULL,NULL),(85,'add','2020-06-25 21:46:28',19980.8,NULL,NULL),(86,'add','2020-06-26 06:57:49',99.807,NULL,NULL),(87,'add','2020-06-26 09:26:29',136868,NULL,NULL),(88,'add','2020-06-26 21:15:08',99.807,NULL,NULL),(89,'add','2020-06-27 09:04:58',60023.3,NULL,NULL),(90,'buy','2020-06-27 15:24:57',55,NULL,0.00941047),(91,'add','2020-06-28 06:07:38',131326,NULL,NULL),(92,'buy','2020-06-28 06:20:15',1117,NULL,0.0221278),(93,'buy','2020-06-28 17:26:09',2245,NULL,0.0476153),(94,'add','2020-06-28 17:48:36',4999.19,NULL,NULL),(95,'add','2020-06-29 00:52:55',9994.39,NULL,NULL),(96,'add','2020-06-29 00:56:06',9994.39,NULL,NULL),(97,'buy','2020-06-29 01:04:35',9,0.0478,NULL),(98,'add','2020-06-29 09:35:45',4995.19,NULL,NULL),(99,'buy','2020-06-29 09:38:54',5,2.9858,NULL),(100,'buy','2020-06-29 12:07:06',-4860,1.2964,NULL),(101,'add','2020-06-30 21:43:13',50005.9,NULL,NULL),(102,'add','2020-07-02 08:37:56',2309.92,NULL,NULL),(103,'buy','2020-07-02 18:18:37',1305,NULL,0.0104817),(104,'add','2020-07-03 15:35:49',54956.1,NULL,NULL),(105,'buy','2020-07-03 20:47:57',18,NULL,0.00282873),(106,'buy','2020-07-03 21:47:14',18,NULL,0.00282614),(107,'add','2020-07-04 10:08:21',999.039,NULL,NULL),(108,'add','2020-07-04 19:52:05',85017.3,NULL,NULL),(109,'add','2020-06-25 16:04:58',250000,NULL,NULL),(110,'add','2020-06-28 18:24:12',290000,NULL,NULL),(111,'add','2020-07-07 09:47:18',181131,NULL,NULL),(112,'buy','2020-07-07 10:26:37',3465,NULL,0.0286649),(113,'add','2020-07-07 21:16:23',4995.19,NULL,NULL),(114,'add','2020-07-07 21:18:37',4995.19,NULL,NULL),(115,'add','2020-07-07 21:19:08',29971.2,NULL,NULL),(116,'add','2020-07-08 12:47:03',4136.04,NULL,NULL),(117,'add','2020-07-08 16:48:49',70009.7,NULL,NULL),(118,'buy','2020-07-08 16:52:55',64,NULL,0.0108393),(119,'add','2020-07-08 18:06:13',93377.5,NULL,NULL),(120,'buy','2020-07-09 09:02:25',1547,NULL,0.0144056),(121,'add','2020-07-10 17:01:01',14819,NULL,NULL),(122,'buy','2020-07-11 22:37:50',563,NULL,0.102314),(123,'buy','2020-07-14 19:27:28',15023,0.252,NULL),(124,'add','2020-07-14 21:09:46',5135.08,NULL,NULL),(125,'add','2020-07-14 22:24:46',3390,NULL,NULL),(126,'add','2020-07-14 22:39:49',3490,NULL,NULL),(127,'add','2020-07-14 22:49:15',3590,NULL,NULL),(128,'add','2020-07-15 05:03:48',7135.08,NULL,NULL),(129,'add','2020-07-15 05:05:14',7135.08,NULL,NULL),(130,'add','2020-07-15 05:07:42',7135.08,NULL,NULL),(131,'add','2020-07-15 05:10:59',7135.08,NULL,NULL),(132,'add','2020-07-15 05:12:06',7135.08,NULL,NULL),(133,'add','2020-07-15 05:16:00',10134.1,NULL,NULL),(134,'buy','2020-07-15 05:17:46',146,0.3412,NULL),(135,'buy','2020-07-15 05:40:58',146,0.3412,NULL),(136,'add','2020-07-15 09:35:43',1146,NULL,NULL),(137,'add','2020-07-16 10:40:31',1000000,NULL,NULL),(138,'buy','2020-07-16 10:52:36',900,NULL,0.167984),(139,'add','2020-07-17 09:43:41',1000000,NULL,NULL),(140,'buy','2020-07-17 09:49:11',900,NULL,0.167632),(141,'add','2020-07-18 10:34:40',1548.46,NULL,NULL),(142,'add','2020-07-21 22:26:33',1998.08,NULL,NULL),(143,'add','2020-07-24 21:48:16',199808,NULL,NULL),(144,'add','2020-07-25 08:35:22',199808,NULL,NULL),(145,'add','2020-07-25 08:36:27',199808,NULL,NULL),(146,'add','2020-07-25 09:31:01',5088.07,NULL,NULL),(147,'buy','2020-07-25 09:51:21',0,18.2157,NULL),(148,'add','2020-07-25 10:17:22',1474.04,NULL,NULL),(149,'add','2020-07-26 10:21:55',1938,NULL,NULL),(150,'add','2020-07-28 10:54:31',20246.8,NULL,NULL),(151,'add','2020-07-28 10:57:44',20246.8,NULL,NULL),(152,'buy','2020-07-28 12:59:05',285,72.366,NULL),(153,'add','2020-07-30 02:46:25',4995.19,NULL,NULL),(154,'add','2020-07-31 20:02:03',498,NULL,NULL),(155,'add','2020-07-31 20:04:38',498,NULL,NULL),(156,'add','2020-07-31 20:13:47',1498,NULL,NULL),(157,'add','2020-07-31 20:16:50',685300,NULL,NULL),(158,'buy','2020-08-04 14:06:10',190900,NULL,190900),(159,'buy','2020-08-04 14:36:50',200000,NULL,200000),(160,'buy','2020-08-05 17:22:12',988900,NULL,988900),(161,'add','2020-08-06 16:22:51',505500,NULL,NULL),(162,'add','2020-08-06 16:30:56',510500,NULL,NULL),(163,'add','2020-08-06 16:38:48',530500,NULL,NULL),(164,'add','2020-08-09 11:35:04',5000,NULL,NULL),(165,'add','2020-08-09 15:31:54',20000,NULL,NULL),(166,'add','2020-08-09 19:49:18',20000,NULL,NULL),(167,'add','2020-08-09 21:57:43',30372,NULL,NULL),(168,'add','2020-08-10 06:04:16',200000,NULL,NULL),(169,'add','2020-08-10 21:49:20',150000,NULL,NULL),(170,'add','2020-08-10 21:55:22',155500,NULL,NULL),(171,'add','2020-08-12 20:45:27',150014,NULL,NULL),(172,'add','2020-08-17 16:12:21',620000,NULL,NULL),(173,'add','2020-08-19 20:17:23',5101,NULL,NULL),(174,'add','2020-08-20 18:09:37',1250000,NULL,NULL),(175,'add','2020-08-21 09:56:36',156000,NULL,NULL),(176,'add','2020-08-21 09:58:06',166000,NULL,NULL),(177,'add','2020-08-21 09:59:48',186000,NULL,NULL),(178,'add','2020-08-21 10:04:04',196000,NULL,NULL),(179,'add','2020-08-21 10:05:29',196500,NULL,NULL),(180,'add','2020-08-21 10:05:29',197000,NULL,NULL),(181,'add','2020-08-21 10:05:29',197500,NULL,NULL),(182,'add','2020-08-21 10:46:24',20000,NULL,NULL),(183,'add','2020-08-23 13:44:04',1246000,NULL,NULL),(184,'add','2020-08-24 10:05:32',638577,NULL,NULL),(185,'add','2020-08-26 11:59:13',25000,NULL,NULL),(186,'add','2020-08-29 12:17:07',317730,NULL,NULL),(187,'add','2020-09-05 17:57:39',1250000,NULL,NULL),(188,'add','2020-09-08 10:16:53',32700,NULL,NULL),(189,'add','2020-09-08 10:22:32',34700,NULL,NULL),(190,'add','2020-09-08 15:03:24',375000,NULL,NULL),(191,'add','2020-09-09 10:11:48',625000,NULL,NULL),(192,'add','2020-09-09 10:38:19',1250000,NULL,NULL),(193,'add','2020-09-10 11:10:13',21500,NULL,NULL),(194,'add','2020-09-11 07:26:26',20000,NULL,NULL),(195,'add','2020-09-11 21:21:22',80014,NULL,NULL),(196,'add','2020-09-14 12:02:25',312500,NULL,NULL),(197,'add','2020-09-23 17:34:58',350000,NULL,NULL);
/*!40000 ALTER TABLE `transactions_history` ENABLE KEYS */;
UNLOCK TABLES;

--
-- Table structure for table `transactions_type`
--

DROP TABLE IF EXISTS `transactions_type`;
/*!40101 SET @saved_cs_client     = @@character_set_client */;
/*!50503 SET character_set_client = utf8mb4 */;
CREATE TABLE `transactions_type` (
  `transaction_type_id` int(11) NOT NULL AUTO_INCREMENT,
  `transaction_type_desc` varchar(255) NOT NULL,
  PRIMARY KEY (`transaction_type_id`)
) ENGINE=MyISAM AUTO_INCREMENT=2 DEFAULT CHARSET=utf8;
/*!40101 SET character_set_client = @saved_cs_client */;

--
-- Dumping data for table `transactions_type`
--

LOCK TABLES `transactions_type` WRITE;
/*!40000 ALTER TABLE `transactions_type` DISABLE KEYS */;
/*!40000 ALTER TABLE `transactions_type` ENABLE KEYS */;
UNLOCK TABLES;

--
-- Table structure for table `wallet`
--

DROP TABLE IF EXISTS `wallet`;
/*!40101 SET @saved_cs_client     = @@character_set_client */;
/*!50503 SET character_set_client = utf8mb4 */;
CREATE TABLE `wallet` (
  `wallet_id` int(11) NOT NULL AUTO_INCREMENT,
  `wallettype_id` int(11) NOT NULL,
  `customer_id` int(11) NOT NULL,
  `balance` decimal(10,0) DEFAULT '0',
  `wallet_date_creation` timestamp NULL DEFAULT NULL,
  `wallet_update_time` timestamp NULL DEFAULT NULL,
  `wallet_status_code` int(11) NOT NULL,
  `public_key` text CHARACTER SET utf8 COLLATE utf8_general_ci,
  `private_key` text CHARACTER SET utf8 COLLATE utf8_general_ci,
  `public_key_hash` text CHARACTER SET utf8 COLLATE utf8_general_ci COMMENT 'public_key_hash : Tezos; ReceiveAddress : Bitcoin',
  `seed` text CHARACTER SET utf8 COLLATE utf8_general_ci COMMENT 'Seed : Tezos ; Mnemonic : Bitcoin',
  `currency_code` varchar(3) DEFAULT NULL,
  `frozenbalance` decimal(10,0) DEFAULT NULL,
  `StateKey` int(11) NOT NULL DEFAULT '0' COMMENT '0 : Not generated; 1 : Generated and not backup; 2 : Generated and backup',
  PRIMARY KEY (`wallet_id`)
) ENGINE=MyISAM AUTO_INCREMENT=999 DEFAULT CHARSET=utf8;
/*!40101 SET character_set_client = @saved_cs_client */;

--
-- Dumping data for table `wallet`
--

LOCK TABLES `wallet` WRITE;
/*!40000 ALTER TABLE `wallet` DISABLE KEYS */;
INSERT INTO `wallet` VALUES (297,3,255,0,'2020-02-21 17:44:36','2020-02-21 17:44:36',1,'edpkvYrPhjNP1AqjbWDa5s3tFW2RqmsGjoj1XHkRX6s8zWgC5FECrR',NULL,'tz1dbv1pXd263hUhjzn2oMRLQRTxn5FYjYns',NULL,'1',1,0),(296,1,255,0,'2020-02-21 17:44:15','2020-02-21 17:44:15',1,NULL,NULL,NULL,NULL,'1',1,0),(295,3,254,0,'2020-02-21 17:33:02','2020-02-21 17:33:02',1,'edpku6UuudHiUyoPFp3Ws8bQTwLRdd7Y2BMUCXY5e1wxwj1v13o9Ta',NULL,'tz1ZxECmVNoZuzmLUgCwsaGk7uV5aNvaJon2',NULL,'1',1,0),(294,1,254,0,'2020-02-21 17:32:57','2020-02-21 17:32:57',1,NULL,NULL,NULL,NULL,'1',1,0),(292,1,253,0,'2020-02-21 16:06:06','2020-02-21 16:06:06',1,NULL,NULL,'1EDodFHxxjrgLVLjTicKLywPGxPauLciqR',NULL,'1',1,0),(293,3,253,0,'2020-02-21 16:06:11','2020-02-21 16:06:11',1,NULL,NULL,'tz1RZqdJxusQTeqq72e6RanS3LicUiSDJG5i',NULL,'1',1,0),(835,1,515,0,'2020-08-08 16:28:39','2020-08-08 16:28:39',1,NULL,NULL,NULL,NULL,'1',1,0),(298,1,256,0,'2020-02-21 17:49:18','2020-02-21 17:49:18',1,NULL,NULL,'1DVXX1yfKxRTYUDr1oGZqaEwNXpmhxiQ9s',NULL,'1',1,0),(299,3,256,0,'2020-02-21 17:49:31','2020-02-21 17:49:31',1,'edpkvSD91ydRRpmX3ZVcySbmPYjdwTiJJfXfnXEXk3xG67k4j91RVR',NULL,'tz1UeXwjFeioS6dFoT8MvEBP5X9Fsjdxam3K',NULL,'1',1,0),(300,1,257,0,'2020-02-21 19:43:06','2020-02-21 19:43:06',1,NULL,NULL,'1BgHSTtu44KyxFNYFM8mu2bzU9E8Qz16wg',NULL,'1',1,0),(301,3,257,0,'2020-02-21 19:43:22','2020-02-21 19:43:22',1,'edpkuqvEPQF5L5j37qSMH4gycTP3QggB4bkYM2v1iZQPEaLiMHhpQt',NULL,'tz1hhva1aim2hZFsQzQDX3TVzSqZep7QcwqQ',NULL,'1',1,0),(304,1,259,0,'2020-02-21 21:32:20','2020-02-21 21:32:20',1,NULL,NULL,'1CCav6uE9EyEMgQnJmGQZhceKxKzQxXAAy',NULL,'1',1,0),(305,3,259,0,'2020-02-21 21:32:24','2020-02-21 21:32:24',1,'edpktix1cCm1HAAgnTyxSpxzhuHhq4MiDuDbJET9w1Dmk7KWcrVJuv',NULL,NULL,NULL,'1',1,0),(415,1,307,0,'2020-03-04 12:38:08','2020-03-04 12:38:08',1,NULL,NULL,NULL,NULL,'1',1,0),(306,1,260,0,'2020-02-22 11:14:31','2020-02-22 11:14:31',1,NULL,NULL,'19N4gGCVek5SRjmtqWiGb6g31osRJuCwEd',NULL,'1',1,0),(307,3,260,0,'2020-02-22 11:14:45','2020-02-22 11:14:45',1,'edpkuh36Fi54HLTdhtab574gB84nRuspThLKUaKHuhdkH6EJVwikgV',NULL,'tz1UasU7YCX9P42wDskmwMp9bEet3jgzTSJ1',NULL,'1',1,0),(308,1,261,0,'2020-02-22 11:40:32','2020-02-22 11:40:32',1,NULL,NULL,NULL,NULL,'1',1,0),(309,3,261,0,'2020-02-22 11:40:42','2020-02-22 11:40:42',1,'edpktoxAU8vb53LmwZvedbJbiweTLWDuawW4GTzLR6pyAhe8J2mnYf',NULL,'tz1WUmzoiCxS8HTW5iPj4155StRGEuvbQ9w3',NULL,'1',1,0),(310,3,261,0,'2020-02-22 11:47:58','2020-02-22 11:47:58',1,'edpkv97oMEzZgC7FS1HLoaZnL24pV4wN9LbXNHtRiMZekxSX33tcEn',NULL,'tz1XGvPrsBYm8tZw54mS9LEyqWBjCXTyg5QJ',NULL,'1',1,0),(311,1,262,0,'2020-02-22 12:47:59','2020-02-22 12:47:59',1,NULL,NULL,'1JJ98UCMTPBWPkcytvceiTsgrdEPZtnndz',NULL,'1',1,0),(312,3,262,0,'2020-02-22 12:48:07','2020-02-22 12:48:07',1,'edpkvHHspaQpyT7xRwigkFP2boMDbYjRQ9Amd4xp4TVkvKp3T3b7K7',NULL,'tz1LuejkKekRa6RMEpr96pLYi9AscB9eLY5d',NULL,'1',1,0),(313,1,263,0,'2020-02-22 17:26:36','2020-02-22 17:26:36',1,NULL,NULL,NULL,NULL,'1',1,0),(314,3,263,0,'2020-02-22 17:26:51','2020-02-22 17:26:51',1,'edpkvEk3iwXDzFFjvMK1NNdaC2FN7qT79ttzNg9H9EqnoJ9Rh1YZYJ',NULL,'tz1V1Btf79VzWignrHU5F5YoFM8g5BqEDqSP',NULL,'1',1,0),(315,1,264,0,'2020-02-23 12:01:28','2020-02-23 12:01:28',1,NULL,NULL,'17q5vzcmErVns4shoxayn2QpQMgcR1CLii',NULL,'1',1,0),(316,3,264,0,'2020-02-23 12:01:38','2020-02-23 12:01:38',1,'edpkutHGjkiHsKTmUt8Wvtyb2Xsjg7c7bPntTXgMa5Lq9XmyAi3izR',NULL,'tz1TKUkj6LGPo2rDxVUy41MXPiV1trshLDCi',NULL,'1',1,0),(317,1,265,0,'2020-02-23 16:06:04','2020-02-23 16:06:04',1,NULL,NULL,'153M98BDpAjAmobGiMGFbBjp84p87DuX9a',NULL,'1',1,0),(318,3,265,0,'2020-02-23 16:06:24','2020-02-23 16:06:24',1,'edpkvAVaFSR7C8rbJWG6yinbpsiyJFHbvxKfBuKJdYdWomqDEBjQ26',NULL,'tz1aN22aa3hHLzLLYF6qBUtvLkxvKEVZWQ8T',NULL,'1',1,0),(319,1,266,0,'2020-02-23 18:41:04','2020-02-23 18:41:04',1,NULL,NULL,'14iCFt4Vzot8sANFtoBdgs6C1iQFqWNwXT',NULL,'1',1,0),(320,3,266,0,'2020-02-23 18:41:11','2020-02-23 18:41:11',1,'edpkurJK252P5DeZvtcViWgrQMnDgSmuKUK5bh4k46PSHWnk4YA6c7',NULL,'tz1fyh8REmSnaSQ626mi7akcoxUX6JRY21vE',NULL,'1',1,0),(321,1,267,0,'2020-02-24 09:09:29','2020-02-24 09:09:29',1,NULL,NULL,'15aJHsYPiPTMxgD6vSF356YHi5Gp2YXva4',NULL,'1',1,0),(322,3,267,0,'2020-02-24 09:09:41','2020-02-24 09:09:41',1,NULL,NULL,'tz1LGCe2mFGJKqwnWV3BsMQTKMGYSWm8LPdQ',NULL,'1',1,0),(821,1,507,0,'2020-08-04 19:56:08','2020-08-04 19:56:08',1,NULL,NULL,NULL,NULL,'1',1,0),(323,1,268,0,'2020-02-24 11:41:19','2020-02-24 11:41:19',1,NULL,NULL,NULL,NULL,'1',1,0),(324,3,268,0,'2020-02-24 11:41:28','2020-02-24 11:41:28',1,'edpkttUM5KfKAeMB1VAZaTTAWLwS1zKHy9cfp2hGkcAyh5XXy41PJu',NULL,'tz1hXyUvdiyoqh9jd258vSCgvEqXEyv4hP5s',NULL,'1',1,0),(325,1,269,0,'2020-02-25 14:46:01','2020-02-25 14:46:01',1,NULL,NULL,NULL,NULL,'1',1,0),(326,3,269,0,'2020-02-25 14:46:09','2020-02-25 14:46:09',1,'edpkujJ67N3gaNapUa3Ms3bbruvzoTV8SaUn2B8hcFS3Q3y95N63r1',NULL,'tz1bwAbT6SSH3qxPPuJmgYjVTyUx97eVoczk',NULL,'1',1,0),(327,1,270,0,'2020-02-25 15:50:55','2020-02-25 15:50:55',1,NULL,NULL,'16iyLXSKYzuxRsgLwv5GhMDShUCi7oh3b1',NULL,'1',1,0),(328,3,270,0,'2020-02-25 15:51:04','2020-02-25 15:51:04',1,'edpkvQ2vJitzLrxLaPRpmXUbuoopTm2zRnxpeL8KeYGQD1og8LhgEm',NULL,'tz1Q4M5dW4otdn5QCNhr6usucuK1Xpv3Kh3b',NULL,'1',1,0),(329,1,271,0,'2020-02-25 17:49:08','2020-02-25 17:49:08',1,NULL,NULL,'1PfRcqLUAXBRqWqf2oYpZbTaNqnSawEeEH',NULL,'1',1,0),(330,3,271,0,'2020-02-25 17:49:24','2020-02-25 17:49:24',1,'edpkuhb8MZUoXwtz6E1A2avnmv8TVKrS88AQcM8zxszihNn6VzkecV',NULL,'tz1SJNDgRPt8Etr1rzyj6fzrYay7WwbZMmjW',NULL,'1',1,0),(332,1,273,0,'2020-02-26 07:28:10','2020-02-26 07:28:10',1,NULL,NULL,'1E17VXtbg4ecFpvhMfggNVuCD1yo7wjMTd',NULL,'1',1,0),(333,3,273,0,'2020-02-26 07:28:16','2020-02-26 07:28:16',1,'edpkvFNCuHAd7mWoYKLSUXLT91HvdpEJX4R9iTLD4mYe4MPumTx2N9',NULL,'tz1iw553Lxb1vaBCD4Qq342AeSKfFSLSkeTR',NULL,'1',1,0),(334,1,274,0,'2020-02-27 16:06:40','2020-02-27 16:06:40',1,NULL,NULL,'1DAFJJPAgjsz5EsGeKAtAd28bXdPSvBwV4',NULL,'1',1,0),(335,3,274,0,'2020-02-27 16:06:57','2020-02-27 16:06:57',1,'edpkuei1z31ME67xJ5hJvUgJqYtmd9Kj4FV8xmGGANTyNq5utNyfnJ',NULL,'tz1Z3njZL71xc6VCVFN8PR3T4ftuQXGg99HT',NULL,'1',1,0),(336,1,275,0,'2020-02-27 17:32:29','2020-02-27 17:32:29',1,NULL,NULL,'1FcxJvu1GmRdf8cV9ChjePy41W4cPpdu4D',NULL,'1',1,0),(337,3,275,0,'2020-02-27 17:32:38','2020-02-27 17:32:38',1,'edpku6GYtgKNGf8eSw95QWMaVcqx1XuHHn3X5uK4BdJRGNjtfiSxmA',NULL,'tz1WtuDna8BsNskAs4Qy87uEdknNCrvGfaNo',NULL,'1',1,0),(338,1,276,0,'2020-02-27 17:57:23','2020-02-27 17:57:23',1,NULL,NULL,'1PzAP5ChwbkzvqtJnHbU4vXc56Gz7H4H2X',NULL,'1',1,0),(339,3,276,0,'2020-02-27 17:57:29','2020-02-27 17:57:29',1,'edpkuKAz8GBSgE2SW7WwFQhi6fscQEkhQ9EnJ6W6p5espb4a7rp1uU',NULL,'tz1XWK35ft4tpoQV9iCmQAVWucQJqNG2Yqhf',NULL,'1',1,0),(340,1,277,0,'2020-02-27 18:08:29','2020-02-27 18:08:29',1,NULL,NULL,NULL,NULL,'1',1,0),(341,3,277,0,'2020-02-27 18:08:48','2020-02-27 18:08:48',1,'edpkunnfvzANcVvgGnsrcXAw5kcgr4zFCYp3mVSCau5m6JdSEnxHAX',NULL,'tz1WftrRGfM2AKK6G29AsRpigB4LqwcL4ZWw',NULL,'1',1,0),(342,1,278,0,'2020-02-27 18:23:05','2020-02-27 18:23:05',1,NULL,NULL,NULL,NULL,'1',1,0),(343,3,278,0,'2020-02-27 18:23:17','2020-02-27 18:23:17',1,'edpkvPksqeXf9hWX31Fb4kfJkSyJxPSn5YM959eSZ3U4nqYDGHCaTN',NULL,'tz1KsS1RAA8qzYMqyhCCeNAowVN2CHehjCpg',NULL,'1',1,0),(344,1,279,0,'2020-02-27 18:29:29','2020-02-27 18:29:29',1,NULL,NULL,NULL,NULL,'1',1,0),(414,3,306,0,'2020-03-04 09:59:36','2020-03-04 09:59:36',1,'edpkvLhBoYFibiYDAUB7aaWKfm2bgX2Quy2HGbSCzbPRhBvXf9ChwB',NULL,'tz1UqKvuoysjcy3psqnotzryVHsiHbKEo4T4',NULL,'1',1,0),(413,1,306,0,'2020-03-04 09:59:20','2020-03-04 09:59:20',1,NULL,NULL,'18Vps2frYx1DMRT7sDFnAjAYkcjNESNTi8',NULL,'1',1,0),(347,3,279,0,'2020-02-27 18:32:16','2020-02-27 18:32:16',1,'edpkukrGKk87doeqdcTpL4gvpkkCy2QiYjLh3RTTf9EHrP84MaAGW2',NULL,'tz1RPBJ8F62QcmRuhJB4nnmZAHhUdkCU2Fr5',NULL,'1',1,0),(348,1,280,0,'2020-02-27 19:53:55','2020-02-27 19:53:55',1,NULL,NULL,'171PaV281AUsUNuoUVZGgcj8nMpS9wuA58',NULL,'1',1,0),(349,3,280,0,'2020-02-27 19:54:02','2020-02-27 19:54:02',1,'edpkuikTCpCTPy1VdzSNnnoo9fAhbm5t9dd6L8wHEVaX7FHaCrqztY',NULL,'tz1V9XTT54XNkjU8L5HCNYgQRoYXjJUN8XBQ',NULL,'1',1,0),(350,1,281,0,'2020-02-27 21:03:25','2020-02-27 21:03:25',1,NULL,NULL,NULL,NULL,'1',1,0),(351,3,281,0,'2020-02-27 21:03:41','2020-02-27 21:03:41',1,'edpkthqPBhhGUvM4hY1Wv45LYdb4jRyduV1LLkviBGbH9bco8T9VMS',NULL,'tz1MXHGvPx7rauK4juSjTzoxuMj97q2ukR9p',NULL,'1',1,0),(352,1,282,0,'2020-02-28 09:01:32','2020-02-28 09:01:32',1,NULL,NULL,NULL,NULL,'1',1,0),(353,3,282,0,'2020-02-28 09:01:42','2020-02-28 09:01:42',1,'edpktt8p8JqKrPWVQgTmEMndrk4U9Grz31RMyWhfjME4eEA4gCSSRA',NULL,'tz1ZapzgMou2r5NoRcvdf4QrRMffyCWmWYwT',NULL,'1',1,0),(354,1,283,0,'2020-02-28 10:16:07','2020-02-28 10:16:07',1,NULL,NULL,'1KXndFgHj8DbpgcudrxJxTfqddFXvyaX7',NULL,'1',1,0),(355,3,283,0,'2020-02-28 10:16:35','2020-02-28 10:16:35',1,'edpkvN4JeYaDyV8wQz1dsywRdcToCqAsAfTgaiV2FBtYSP5hqnPhei',NULL,'tz1fMwDsUJKe7wfCrRdidQppiDsh6GWBbSwE',NULL,'1',1,0),(356,1,284,0,'2020-02-28 10:51:10','2020-02-28 10:51:10',1,NULL,NULL,'13qrmRzrYQum22znZAWSeHGZwLR5XXcxco',NULL,'1',1,0),(357,3,284,0,'2020-02-28 10:51:20','2020-02-28 10:51:20',1,'edpkv79m4b4Nt4ydcGh96LLNKorJTJLMwJe5jzYYFzDaMGkMQDfbWg',NULL,'tz1foPorCrVzLGqvYrU2Px2bji2nKVUQTSDj',NULL,'1',1,0),(358,1,285,0,'2020-02-28 15:19:02','2020-02-28 15:19:02',1,NULL,NULL,NULL,NULL,'1',1,0),(359,3,285,0,'2020-02-28 15:19:11','2020-02-28 15:19:11',1,'edpkv3ocMZqZnC4Gr3o722KGNGXgcKCPTSu4durYJSAam5HZDVMJ6X',NULL,'tz1VVYYGrxJ14WiN3Xne8uhuDKfDetxbnX4i',NULL,'1',1,0),(360,1,286,0,'2020-02-28 16:12:24','2020-02-28 16:12:24',1,NULL,NULL,'1BCkh4qhcE6S6yvppfeEAvXCw83dxL25oN',NULL,'1',1,0),(361,3,286,0,'2020-02-28 16:12:33','2020-02-28 16:12:33',1,'edpktmJk1o9LRSB6VFy1s1Y6qK1rS27WwEA7XWdw76KKo1YUXJkdaf',NULL,'tz1W4ASDyRRt7gXv2mkbdDCCbfntsSeZ1dcz',NULL,'1',1,0),(362,1,287,0,'2020-02-28 19:35:41','2020-02-28 19:35:41',1,NULL,NULL,NULL,NULL,'1',1,0),(363,3,287,0,'2020-02-28 19:35:50','2020-02-28 19:35:50',1,'edpkvMDkzM6fF7LV8WtbvX3Z6QhpWNTcNmRWusj1MUN1SRmEEEgEST',NULL,'tz1V4Wxd5pv51FC51GyKTZgku8BSqDGL8iuk',NULL,'1',1,0),(364,1,288,0,'2020-02-28 20:19:37','2020-02-28 20:19:37',1,NULL,NULL,NULL,NULL,'1',1,0),(365,3,288,0,'2020-02-28 20:20:57','2020-02-28 20:20:57',1,'edpkvLS5xZ8qqzPtKdTvnndYNQkK4ZqbUkRYD3eFfwECrNkwT2wNjM',NULL,'tz1hPtsPgVuYmJfN38FihnU3AGaZUCWy6WzB',NULL,'1',1,0),(366,3,288,0,'2020-02-28 20:21:16','2020-02-28 20:21:16',1,'edpkv3TSVyUeQ58gDvRTaseVmXtdfgeGHesGgmyuRA4sJaG5Fs1yLM',NULL,'tz1fosX6FdtqzkTf7qqsuaQgZ1mSVzBuULV3',NULL,'1',1,0),(367,1,289,0,'2020-02-29 10:41:33','2020-02-29 10:41:33',1,NULL,NULL,'1GUxujjGJFh41iZntYWJxxYuCTJLULsyhh',NULL,'1',1,0),(368,3,289,0,'2020-02-29 10:42:00','2020-02-29 10:42:00',1,'edpkufs2dmVhHkydznrUxZA1jabs9JcZUByFG95rJAtBNf5Jhe4Dbj',NULL,'tz1VgeM9Vbm8ywCA5rsHjtY2xCcBH8eWQghh',NULL,'1',1,0),(369,1,290,0,'2020-02-29 10:50:28','2020-02-29 10:50:28',1,NULL,NULL,'1DQmKmLbuDHjoYs1WUE7g3MarKpZduw6UE',NULL,'1',1,0),(370,3,290,0,'2020-02-29 10:50:42','2020-02-29 10:50:42',1,'edpkuE1VaQZHQb9sVQChLkXPCjSTd7QzVYat8LwRZEFFXmFH2WDezL',NULL,'tz1fVzx5CWpkFxqE8xXhF2mKGDKSHruMmYXq',NULL,'1',1,0),(371,1,291,0,'2020-02-29 10:58:26','2020-02-29 10:58:26',1,NULL,NULL,NULL,NULL,'1',1,0),(372,3,291,0,'2020-02-29 10:58:44','2020-02-29 10:58:44',1,'edpkvNzurrXSaUmVJDncv9e6eixoMXjkD7PDkB4SARN6e9MrzVDm7e',NULL,'tz1Wan8LqHyxVPzzc3yzC1G7wvkLGXVQRMvv',NULL,'1',1,0),(373,1,292,0,'2020-02-29 12:32:58','2020-02-29 12:32:58',1,NULL,NULL,NULL,NULL,'1',1,0),(374,3,292,0,'2020-02-29 12:33:40','2020-02-29 12:33:40',1,'edpkvSJ6WGziJK2T4r4nXtjEKu1xzAtWcAFrKAjeDqwFYaivgE9Hmp',NULL,'tz1PDkvBYob249fxDMEerxN1TYVxFJsrPyRn',NULL,'1',1,0),(375,1,293,0,'2020-02-29 12:34:43','2020-02-29 12:34:43',1,NULL,NULL,NULL,NULL,'1',1,0),(376,3,293,0,'2020-02-29 12:34:53','2020-02-29 12:34:53',1,'edpkuFhpfdYHvdm4zn4zJJX4qkq7hjfZWmdoxpf8btkSuc1kccpDTa',NULL,'tz1QfDLcBQpyazquRC2HVfiHogvQ13CUAyXX',NULL,'1',1,0),(377,1,294,0,'2020-02-29 12:36:33','2020-02-29 12:36:33',1,NULL,NULL,'15mAFxCHGK9xjJJuppym54kHL9K8XsX7eC',NULL,'1',1,0),(378,3,294,0,'2020-02-29 12:37:02','2020-02-29 12:37:02',1,'edpktgQWVJ6HJPdW69hfwkZwTYY2r4yahnzcwCFFsgS52cwkcN7Qt8',NULL,'tz1QGsTUoxykTQAm7jKnkaw93BmSNKvtW2Me',NULL,'1',1,0),(379,1,295,0,'2020-02-29 13:03:38','2020-02-29 13:03:38',1,NULL,NULL,'18uuDWkhPcwbB9inbSGi9Ua9nvhg7zsAH4',NULL,'1',1,0),(380,3,295,0,'2020-02-29 13:04:06','2020-02-29 13:04:06',1,'edpkvCKub7tD4LNDQ1PSKh2CTyYyaFf9rQ2yj4PUhTSYZXM69rSf3e',NULL,'tz1WNphwgQY7bnWVu1WwjCzCKCSjDzX8kHyi',NULL,'1',1,0),(381,1,296,0,'2020-02-29 13:08:20','2020-02-29 13:08:20',1,NULL,NULL,'1JiyDEaoBmAmVNN9yadwVTniAmrKW8LZU9',NULL,'1',1,0),(382,3,296,0,'2020-02-29 13:08:40','2020-02-29 13:08:40',1,'edpkuoY85Tt9iwPYZdvja8EPRrXRBj5qgfE8NXDomL5rGKgT2GZ6Gw',NULL,'tz1REuq44m9aKDHf7Jd5harK5RbhkjayzCuk',NULL,'1',1,0),(383,1,297,0,'2020-02-29 13:11:23','2020-02-29 13:11:23',1,NULL,NULL,NULL,NULL,'1',1,0),(384,3,297,0,'2020-02-29 13:11:40','2020-02-29 13:11:40',1,'edpkvLiteTEvmPaJ6nyRYuEoWHrxxWMYQhUAdPFrz7341bGUYCqTVv',NULL,'tz1a7LuL8oKfY8Wn7UxvfMLZYwYSsTnSFyX2',NULL,'1',1,0),(385,3,297,0,'2020-02-29 13:11:54','2020-02-29 13:11:54',1,'edpkuZeh938yA2wC1GF15GVbQxDumzQCLhcPZCZywYTvqeHwjpH9gg',NULL,'tz1ZfpeksdeqLzJgGxspRizVBXS6dzzMzofc',NULL,'1',1,0),(386,3,297,0,'2020-02-29 13:12:53','2020-02-29 13:12:53',1,'edpktsHgTJykYbPuHSohuFTLTqJfm3mGVQt2CnD43bRnGiVy8kavij',NULL,'tz1NVVDw3RBnbJVCwZhrcR9ZqcCkysiUeVmi',NULL,'1',1,0),(387,1,298,0,'2020-02-29 13:32:12','2020-02-29 13:32:12',1,NULL,NULL,NULL,NULL,'1',1,0),(388,3,298,0,'2020-02-29 13:34:29','2020-02-29 13:34:29',1,'edpkvQtFpq27rQURpfnZAmQDMvyrX8MJYZhFkSWdBGyH4fZvPM7J9n',NULL,'tz1hCbNNjhLFJR66BkfiwSGxg6JZLmz3rVoj',NULL,'1',1,0),(389,1,299,0,'2020-02-29 14:51:04','2020-02-29 14:51:04',1,NULL,NULL,NULL,NULL,'1',1,0),(390,3,299,0,'2020-02-29 14:51:27','2020-02-29 14:51:27',1,'edpku4iJ8CEsPsEpZR2JstBG9LcYuqtt7ywJcaZpJu1TjNb6GwpaBZ',NULL,'tz1VRM527FkDBECz768Ew2waXndrnRsgQaFn',NULL,'1',1,0),(391,1,300,0,'2020-02-29 15:14:07','2020-02-29 15:14:07',1,NULL,NULL,'13wkkpuaAP4iFzFzUW1qZhxnN886Yijei2',NULL,'1',1,0),(392,3,300,0,'2020-02-29 15:14:16','2020-02-29 15:14:16',1,'edpktqZ8anEpso2va46zaMgEH9ipkiKxVzjjTKhXQMnNqi3eqMTZJU',NULL,'tz1RWxdsRKg1eJ2yL3waTnG7To1puz2JDWqG',NULL,'1',1,0),(393,1,301,0,'2020-02-29 15:18:36','2020-02-29 15:18:36',1,NULL,NULL,'18kPEcq3vUR35jBMhdXeeVgebaYfcu5kLT',NULL,'1',1,0),(482,3,335,0,'2020-03-23 13:48:48','2020-03-23 13:48:48',1,'edpkvDJ77YMGLTAoYDoU1y4brtr4SUbMeJwBx2QR9zGqAkyte2zxWy',NULL,'tz1WugALv1Eokgm3QuYBeP5VYkhchFkCr5df',NULL,'1',1,0),(481,1,335,0,'2020-03-23 13:48:40','2020-03-23 13:48:40',1,NULL,NULL,'1HVXP1oCHpNFA2UG81uLuRg7BhFXyczSPK',NULL,'1',1,0),(479,1,334,0,'2020-03-22 07:46:40','2020-03-22 07:46:40',1,NULL,NULL,'1Df5ZgqGLfMUzyGwU9B9mfdH9YHE3EQKVZ',NULL,'1',1,0),(480,3,334,0,'2020-03-22 07:46:55','2020-03-22 07:46:55',1,NULL,NULL,'tz1N3H18aEentBEgGAuDUkJG51i1jhqdqEvQ',NULL,'1',1,0),(766,3,479,0,'2020-07-31 15:18:30','2020-07-31 15:18:30',1,NULL,NULL,'tz1WbJ8zVXrC5D1iHBX8aLmn7rgV7QgCpxwq',NULL,'1',1,0),(477,1,333,0,'2020-03-22 07:40:04','2020-03-22 07:40:04',1,NULL,NULL,'18ZU1s4YpVwThYDwBF5y2Xu4YFiuPmaSrM',NULL,'1',1,0),(478,3,333,0,'2020-03-22 07:40:10','2020-03-22 07:40:10',1,'edpkuqUzvH72BzMNxpXSBJ5x1fLdN9QQ8CcsGztRBjDUbZwS6XXfWu',NULL,'tz1U4YyLN1YY7mMj2oVGV2c2jAqDLPHnNgir',NULL,'1',1,0),(475,1,332,0,'2020-03-22 07:34:14','2020-03-22 07:34:14',1,NULL,NULL,'1EWsNajNVwWaZwL95XLDHo954ENmnMxQGU',NULL,'1',1,0),(476,3,332,0,'2020-03-22 07:34:21','2020-03-22 07:34:21',1,'edpktgVoPphWxDW6JYMSxVnb2saoudMk1kwXdcAy7XSpyABLabwB6S',NULL,'tz1aT9jFuHQZgew1jKrKCGYdDHT7LK6KKPXU',NULL,'1',1,0),(402,1,302,0,'2020-02-29 17:02:08','2020-02-29 17:02:08',1,NULL,NULL,'1BG3DLUtwDFcUj27j1biZc7UxnqBTSuV64',NULL,'1',1,0),(403,3,302,0,'2020-02-29 17:02:19','2020-02-29 17:02:19',1,'edpkvKHnCq8GoYjrC5VcZ9WmUtn5TGsp6XtfS7kpXWyeA1t6XNVzGi',NULL,'tz1MZLseAWnpxFih4amUR944ugQoiTZA2PLP',NULL,'1',1,0),(404,1,303,0,'2020-03-02 15:05:49','2020-03-02 15:05:49',1,NULL,NULL,'1E1Ss5oCe53tximYccnEHZ1pmtejAUw7q',NULL,'1',1,0),(405,3,303,0,'2020-03-02 15:05:55','2020-03-02 15:05:55',1,NULL,NULL,'tz1TXg8H9HV6occvNdVVEUUHAZ3eagQKihjD',NULL,'1',1,0),(473,1,331,0,'2020-03-21 15:59:36','2020-03-21 15:59:36',1,NULL,NULL,'1L6SmsHFcAH9qvLVvdozqG1CnQdd43tXg6',NULL,'1',1,0),(474,3,331,0,'2020-03-21 15:59:48','2020-03-21 15:59:48',1,'edpktjyVe7YuaE19nTs8nhHcc8Dh6owcKpKcA8uvszvvRhD7DQGoip',NULL,'tz1UHZ2VY2vEaXSvwjxD3hkHLpYqN1dRfBn2',NULL,'1',1,0),(408,3,301,0,'2020-03-02 19:14:34','2020-03-02 19:14:34',1,'edpkupuKjGmnk8525ZoGTZ99f9pH3mVhNPHixvx5eX6Aa6EirNDtf1',NULL,'tz1YihgVcpQPim5QvQHRxBcH1t9X8qpHchTU',NULL,'1',1,0),(409,1,304,0,'2020-03-03 07:16:59','2020-03-03 07:16:59',1,NULL,NULL,'1CVsz8WZGZZqvbEPuaju4wyTm8rGr8RjQm',NULL,'1',1,0),(410,3,304,0,'2020-03-03 07:17:04','2020-03-03 07:17:04',1,'edpktix1cCm1HAAgnTyxSpxzhuHhq4MiDuDbJET9w1Dmk7KWcrVJuv',NULL,'tz1LPvCPF8GMYBttJt2rt7MeU5A1D8mEdNyg',NULL,'1',1,0),(411,1,305,0,'2020-03-03 12:40:23','2020-03-03 12:40:23',1,NULL,NULL,'1MoUhbUVeaJ9apFZGseDhavCpovAwjbuB8',NULL,'1',1,0),(412,3,305,0,'2020-03-03 12:40:31','2020-03-03 12:40:31',1,'edpkuEQkLNd5y7hPiw6ogouhjU8Q2c4cPNHbV1PvmyhuZGafqwksAy',NULL,'tz1d9XTysw6zDMyPjZi5tzAhwazJ4VRVyMaE',NULL,'1',1,0),(416,3,307,0,'2020-03-04 12:39:07','2020-03-04 12:39:07',1,'edpktmAi3Lua3HwgBHTWpTGU5ecLsvs1PUnifh8uJCGManYbcF5n3w',NULL,'tz1ZpR3kVUF7csmrqxQm7sVoSLqMLmvVTTVv',NULL,'1',1,0),(417,1,308,0,'2020-03-05 08:35:06','2020-03-05 08:35:06',1,NULL,NULL,NULL,NULL,'1',1,0),(418,3,308,0,'2020-03-05 08:35:22','2020-03-05 08:35:22',1,'edpkuitSYCqL96iU9R3ChBb18H1fahC8wUnTcxouHTyzxvp3NvcqKe',NULL,'tz1fLqsTHhj9utDhuLrQLQfRei2xggLE6DKa',NULL,'1',1,0),(419,1,309,0,'2020-03-05 11:15:50','2020-03-05 11:15:50',1,NULL,NULL,NULL,NULL,'1',1,0),(420,3,309,0,'2020-03-05 11:16:00','2020-03-05 11:16:00',1,'edpku4C4bhbiKboD65w5A1BYmL2Kjx2QswVQLLGtAigDeW6B3qTzA4',NULL,'tz1UcPMBMHa24EBepkp74X9NaSKq4xL6jDf4',NULL,'1',1,0),(431,1,315,0,'2020-03-06 18:22:08','2020-03-06 18:22:08',1,NULL,NULL,NULL,NULL,'1',1,0),(427,1,313,0,'2020-03-05 18:19:28','2020-03-05 18:19:28',1,NULL,NULL,'1AYHxck7VQd3FMksGxcRF4ontu5y2kL3oE',NULL,'1',1,0),(428,3,313,0,'2020-03-05 18:19:34','2020-03-05 18:19:34',1,NULL,NULL,'tz1anZ5MQJs4ZfyyX4Uixrx6SgD1RJsdz44J',NULL,'1',1,0),(429,1,314,0,'2020-03-06 09:26:15','2020-03-06 09:26:15',1,NULL,NULL,'1LE8tCr1WdkeKHdpryRxxVHvS8E7rDBSv5',NULL,'1',1,0),(430,3,314,0,'2020-03-06 09:26:26','2020-03-06 09:26:26',1,'edpkuBNs4q54opoVsDEwgVXXKMt86msAMBWV7gbgxNiiQD7BzNdmYj',NULL,'tz1QbpVuz3QKyQE96ANDqk1F8T6FeRVsV2Mj',NULL,'1',1,0),(432,3,315,0,'2020-03-06 18:22:15','2020-03-06 18:22:15',1,'edpkvDg4hbCqcQ218ZjDGZii45KCDrmfRXMPipk9X6ZQKPJYwGc8ot',NULL,'tz1UScGihNa5SSztu8r58Gj6wy9Q65fCxXbt',NULL,'1',1,0),(433,1,316,0,'2020-03-07 10:58:55','2020-03-07 10:58:55',1,NULL,NULL,NULL,NULL,'1',1,0),(434,3,316,0,'2020-03-07 10:59:15','2020-03-07 10:59:15',1,'edpkvQK4jWm6PiuABJZzx91y7m5jrSrq8GqSUZAL3SUirXdp9wCbVX',NULL,'tz1cDqnBuL83G3rFYiEfuXFK9QDhJfxjq6mk',NULL,'1',1,0),(435,3,316,0,'2020-03-07 11:02:02','2020-03-07 11:02:02',1,'edpkusR9b12ptcJA9osQ2fgwmbx7bivFosBraA7ZeG5HWbawpnTY8h',NULL,'tz1Z8mJK2z2tonSGKf84bSKaWwoR6TBMseK8',NULL,'1',1,0),(436,1,317,0,'2020-03-07 14:27:58','2020-03-07 14:27:58',1,NULL,NULL,'157Yj135wvZdkAnkUopDZxyscNR9vP36bk',NULL,'1',1,0),(437,3,317,0,'2020-03-07 14:28:16','2020-03-07 14:28:16',1,'edpkvTAAQu6YW5pGmF9kpWeBdWS1PzcC2X8T1WutFSy4GtQfc1QGi5',NULL,'tz1cS41XjzW6BQ6JX3g2q2xq4TNrQjnnLNxu',NULL,'1',1,0),(438,1,318,0,'2020-03-07 14:33:48','2020-03-07 14:33:48',1,NULL,NULL,NULL,NULL,'1',1,0),(439,3,318,0,'2020-03-07 14:33:53','2020-03-07 14:33:53',1,'edpkuuV8N9fTgeEWfgCNxfdDdedZphSnTDXpzAgRwWyKvwqhAeZqsd',NULL,'tz1fGK8UvLHfNoxkgTvkbAXPj6LqrTGbzd9f',NULL,'1',1,0),(440,1,319,0,'2020-03-07 21:57:40','2020-03-07 21:57:40',1,NULL,NULL,'1JtUz7E8sdUYq715CUecBR23p2THATXtLv',NULL,'1',1,0),(441,3,319,0,'2020-03-07 21:58:13','2020-03-07 21:58:13',1,'edpkux3gXm6Zg53j9V7YrZ4RLNzMUrL2HKy8dr3Bs8xTFSKkiW1U5k',NULL,'tz1egrTtyaiyz9upNSRdh9GwMRCAtivDYE7k',NULL,'1',1,0),(442,3,319,0,'2020-03-07 21:59:08','2020-03-07 21:59:08',1,'edpkux3gXm6Zg53j9V7YrZ4RLNzMUrL2HKy8dr3Bs8xTFSKkiW1U5k',NULL,'tz1egrTtyaiyz9upNSRdh9GwMRCAtivDYE7k',NULL,'1',1,0),(443,3,319,0,'2020-03-07 22:11:31','2020-03-07 22:11:31',1,'edpkvEeQQcPu2g1VZJWvdhrsDpodyjqW4iNYrHeqptsQZqqkSbAMVo',NULL,'tz1RiWU1EUaFWdKtokaBf6mkF62WN19a6UU2',NULL,'1',1,0),(444,3,319,0,'2020-03-07 22:12:21','2020-03-07 22:12:21',1,'edpkvEeQQcPu2g1VZJWvdhrsDpodyjqW4iNYrHeqptsQZqqkSbAMVo',NULL,'tz1RiWU1EUaFWdKtokaBf6mkF62WN19a6UU2',NULL,'1',1,0),(445,3,319,0,'2020-03-07 22:24:21','2020-03-07 22:24:21',1,'edpkuzi6y3BUqxdC6X6MvjiUbimffag2ZKFK5vWn2UAr7DyMmEkQM9',NULL,'tz1MpeXxUAWw6aAqHtz3BaYaPzC4ph9yTbp5',NULL,'1',1,0),(446,3,319,0,'2020-03-07 22:29:16','2020-03-07 22:29:16',1,'edpktx1BrmK6QXN5oeSz8tn7vKM38Yjf8T4g3EFR9DWZMuZ78WcwzP',NULL,'tz1SdJpw4rst6RrtrDB7D3qexudhrPXgHXUJ',NULL,'1',1,0),(447,3,319,0,'2020-03-07 22:52:38','2020-03-07 22:52:38',1,'edpkvTLG8SdfHcbCw7nFYQnqfxH6Dq4oFen6frEAVMQyM1NBDn8R69',NULL,'tz1Wjwb9s4cLTXD1HxZAuWd2LpCd33BH4Ewj',NULL,'1',1,0),(448,3,319,0,'2020-03-08 05:56:48','2020-03-08 05:56:48',1,'edpkuLze69bX3gPfr2NpsdT5mepphFHRg3xvsyemWa5P74kJfzNHZQ',NULL,'tz1d4ppmYCJfd7eiz8KsR1SoTbrMWU4G9yZ3',NULL,'1',1,0),(449,3,319,0,'2020-03-08 05:56:55','2020-03-08 05:56:55',1,'edpku3AdJ1GV4vAoEyLBCbgdboh6GrscoTSpwaaiRJjA3kRYkqyNAb',NULL,'tz1heHaaM6pFTwWzud66qYhXpzHjCgLeAum3',NULL,'1',1,0),(450,3,319,0,'2020-03-08 09:16:25','2020-03-08 09:16:25',1,'edpku454gJ6zQKiFgvJ52zoPV53uhR5YQYPN7sCUXiAGLEf9FK22vS',NULL,'tz1MNCHLshXTaVHM76kPYrPJT2udgcerLjFy',NULL,'1',1,0),(451,3,319,0,'2020-03-08 09:18:03','2020-03-08 09:18:03',1,'edpkueVL8RvWhiYyV5XcR5gnoMNhFqadHCcr7zB9feSFQycQxGzcND',NULL,'tz1ckoPU9jzTWpURrQuu1X8prbQxwKCwtmJJ',NULL,'1',1,0),(452,3,319,0,'2020-03-08 14:08:56','2020-03-08 14:08:56',1,'edpkupAvDB1x1dA9mv8ErZcgHk8tWTSJJbpjwQzNJTsynisAFhyHGL',NULL,'tz1LEfnLAkbj7fpr9sCydAj7uEjkMMjuipDg',NULL,'1',1,0),(453,1,320,0,'2020-03-10 19:31:28','2020-03-10 19:31:28',1,NULL,NULL,'195bjfeKMvtwwTRWvp5EDvxbvY5gMX5Wa8',NULL,'1',1,0),(454,3,320,0,'2020-03-10 19:31:52','2020-03-10 19:31:52',1,'edpkuGjUFZdUBHA1KYo4WsRRHA5dDm86ZHTrMEqSkEArzzE2XafDdB',NULL,'tz1bc1JSP6mtQkFP7aZUTtg6AFTsUrzxMcdN',NULL,'1',1,0),(455,1,321,0,'2020-03-15 19:33:02','2020-03-15 19:33:02',1,NULL,NULL,'1P3iMHd4LmxAKk7dUzxZohsKP2oWbVEcEn',NULL,'1',1,0),(456,3,321,0,'2020-03-15 19:33:18','2020-03-15 19:33:18',1,'edpkueBrVQPRa7sPBDw3J8S3WazsYmwDW3hZx6Dqd26MKCaEV3XrXY',NULL,'tz1eeaaquRNTN5WuDVbSouWotFjjEa82de3p',NULL,'1',1,0),(457,1,322,0,'2020-03-16 12:02:08','2020-03-16 12:02:08',1,NULL,NULL,'1LaLBVuAFAZdHcuhrdvmS128aQtZuLL9sX',NULL,'1',1,0),(458,3,322,0,'2020-03-16 12:02:23','2020-03-16 12:02:23',1,'edpku2xawQ2ptS6DtkR3HYjs9rrRaH6nmY38UaJkGKSZbKo2YnVhQM',NULL,'tz1TH5YJ6KWRs5u3ZaChTyESr1KFwveB9BBZ',NULL,'1',1,0),(459,1,323,0,'2020-03-16 13:40:32','2020-03-16 13:40:32',1,NULL,NULL,'1NkCGaiF9XdkYb7Uxw5n5MPc5x8SG1VuJf',NULL,'1',1,0),(460,3,323,0,'2020-03-16 13:40:44','2020-03-16 13:40:44',1,'edpktzspQgUFx19z5LyZjZHUevbaaSVx6GtY5ELKVKVVPL2jaWh3RY',NULL,'tz1QcPS3bFiCk5MVQnmqHsp2USUuLzNgSWwv',NULL,'1',1,0),(461,1,324,0,'2020-03-16 22:55:46','2020-03-16 22:55:46',1,NULL,NULL,NULL,NULL,'1',1,0),(462,1,325,0,'2020-03-17 12:26:00','2020-03-17 12:26:00',1,NULL,NULL,'17vZSHpnJobU7WY5GWoBUGFFmyb6RWiA96',NULL,'1',1,0),(463,3,325,0,'2020-03-17 12:27:50','2020-03-17 12:27:50',1,'edpkuT4QcdwovV5dJXnit8iuuJcV5gU2ccJmRASzCqpy1rUQ6rpapp',NULL,'tz1YxCUCfGJ283x1UQm1MGD5N8Z3Gfi9gPGM',NULL,'1',1,0),(464,1,326,0,'2020-03-17 14:16:04','2020-03-17 14:16:04',1,NULL,NULL,'1qHQfBH48N9UKsJccoVQXF2E6wuB1jxmW',NULL,'1',1,0),(465,3,326,0,'2020-03-17 14:16:11','2020-03-17 14:16:11',1,NULL,NULL,'tz1L2h7YuugrkmmHTG3Y6aeovTGWekYKxEhq',NULL,'1',1,0),(765,1,479,0,'2020-07-31 15:18:30','2020-07-31 15:18:30',1,NULL,NULL,'1FTp33rMwffux2Vz8x44EfRf745czr8bSG',NULL,'1',1,0),(466,1,327,0,'2020-03-17 16:27:52','2020-03-17 16:27:52',1,NULL,NULL,'1GgcgCDKFBaxyRNuUdBvzcYrE7NEgtJkex',NULL,'1',1,0),(467,3,327,0,'2020-03-17 16:27:59','2020-03-17 16:27:59',1,'edpku7N3CCJo6zJfNNbcfpN3j7y2vyKuLSbWBtT7pGnPWejMY2mnsN',NULL,'tz1NFGrffxjPpMgAujKsQjfFbJ4F1rpk6U1N',NULL,'1',1,0),(468,1,328,0,'2020-03-18 09:40:47','2020-03-18 09:40:47',1,NULL,NULL,NULL,NULL,'1',1,0),(469,1,329,0,'2020-03-18 09:41:35','2020-03-18 09:41:35',1,NULL,NULL,'13yFGWNn629RxSuD9TmsmPV4Lzgr5dNaJS',NULL,'1',1,0),(470,3,329,0,'2020-03-18 09:42:06','2020-03-18 09:42:06',1,'edpkvDX8SSoNQYKmZgn4fQ11bQqRJZWgnmtmtXKB9hXtVEWXsLaKFy',NULL,'tz1Rhb8EYpxWDYFp8mrYFr5QoxQDe2eH7Bvp',NULL,'1',1,0),(471,1,330,0,'2020-03-19 09:02:34','2020-03-19 09:02:34',1,NULL,NULL,'16rsZmSRfz64T9uzP6vCxdUTWgMc6p5wX3',NULL,'1',1,0),(472,3,330,0,'2020-03-19 09:02:57','2020-03-19 09:02:57',1,NULL,NULL,'tz1SpUQdTZ5guFWSdt1hduzJP9XA6bS4yTMm',NULL,'1',1,0),(483,1,336,0,'2020-03-24 08:16:49','2020-03-24 08:16:49',1,NULL,NULL,'13Cf1YxcZGsnkdUsZrXJyHqre13B2oa8Fq',NULL,'1',1,0),(484,3,336,0,'2020-03-24 08:16:54','2020-03-24 08:16:54',1,'edpktix1cCm1HAAgnTyxSpxzhuHhq4MiDuDbJET9w1Dmk7KWcrVJuv',NULL,'tz1LFvUnTWGNmWLc9v1NPDiNYS8ivGLmGfQ3',NULL,'1',1,0),(485,1,337,0,'2020-03-28 11:18:28','2020-03-28 11:18:28',1,NULL,NULL,'1MzuhyiXi99o4d8DDUZybvZa1FLQVcWD63',NULL,'1',1,0),(486,3,337,0,'2020-03-28 11:19:33','2020-03-28 11:19:33',1,'edpkugj2SNVDa5sW29E6V9xpBjSqSp2vKgvnQ38mHQ39thjYPdfyoB',NULL,'tz1bumkXC3St7W7nCMkYtkcLSWnuZMGb2NJD',NULL,'1',1,0),(487,1,338,0,'2020-03-29 11:20:36','2020-03-29 11:20:36',1,NULL,NULL,'16NtSz4rzsEcbucdMCSg7UhJhh8PrLRbxw',NULL,'1',1,0),(488,3,338,0,'2020-03-29 11:20:42','2020-03-29 11:20:42',1,'edpktmm2g43YFnbYP5ZQSQ3rF2js4DSFogfjvyo7uGXtjAon5WAsrJ',NULL,'tz1dGcruUD7noB3pmjrEpWVfJVDbtcBEixXL',NULL,'1',1,0),(489,1,339,0,'2020-04-01 13:26:21','2020-04-01 13:26:21',1,NULL,NULL,'1822a6wV89BDGFTKq9Q1HAn7DvGvsYLDTm',NULL,'1',1,0),(490,3,339,0,'2020-04-01 13:26:26','2020-04-01 13:26:26',1,'edpktfJpBJF8KxN38KYVmH6S3KF4RiJSs6YkUoymcXUtyP5bdm6mXn',NULL,'tz1Q8PticHY6j29UVgQSw5QkomZGDzasJqCY',NULL,'1',1,0),(491,1,340,0,'2020-04-02 09:16:32','2020-04-02 09:16:32',1,NULL,NULL,'17ripgVrQo9VzTPTzMe4zHgwKb4xRSDcid',NULL,'1',1,0),(492,3,340,0,'2020-04-02 09:16:36','2020-04-02 09:16:36',1,'edpkuYaTjPMCAvNnNuiAhc1gYboo3oManQXkqrVr1kEh7sFVw2PWjV',NULL,'tz1gCXfXMFPeE5gxotGdBtQx8koQBJ9e4CEB',NULL,'1',1,0),(493,1,341,0,'2020-04-03 18:35:07','2020-04-03 18:35:07',1,NULL,NULL,'1AkheVjsMk2kSvw3saRFCvjrMhc93VLvWv',NULL,'1',1,0),(494,3,341,0,'2020-04-03 18:35:20','2020-04-03 18:35:20',1,'edpkupySkn3dexfG78VgsAGDGfMqLCzky3739dqB9s9gY3Ti7VrAZs',NULL,'tz1MUrVxBbjBDb4udZyZys9sxEnNqK2FoMx5',NULL,'1',1,0),(495,1,342,0,'2020-04-03 23:11:07','2020-04-03 23:11:07',1,NULL,NULL,'1Ejoc2yvcTB9GeJ7vc24wKJ2ijhgx16f9g',NULL,'1',1,0),(496,3,342,0,'2020-04-03 23:11:20','2020-04-03 23:11:20',1,'edpkv4aromqbvRAjpDmZNjwYpXLBxxcaMQJLjqPxc8hSq7Z8FV6yGt',NULL,'tz1U53ZqvVw9u56ghbZmrHoCvH6bWT5xDes8',NULL,'1',1,0),(497,1,343,0,'2020-04-03 23:29:05','2020-04-03 23:29:05',1,NULL,NULL,'15mkmdeARZDU98xpsKdxsAzK24EVypBE3v',NULL,'1',1,0),(498,3,343,0,'2020-04-03 23:29:12','2020-04-03 23:29:12',1,'edpkvWyYmZjz9sfxoj78fwJxqocn52YkgMhFMwCtafQiuSugh1byTU',NULL,'tz1ZbWt1NkW9rgYpwks92v7DYBnzSSrreYzg',NULL,'1',1,0),(499,1,344,0,'2020-04-04 05:41:24','2020-04-04 05:41:24',1,NULL,NULL,NULL,NULL,'1',1,0),(500,3,344,0,'2020-04-04 05:44:04','2020-04-04 05:44:04',1,'edpktzCe8F36vTPDhaZBtJ1uuTsndqLdpXACGkDxNR9XrchvzNZaVz',NULL,'tz1PHhd6Ghz3XN1uFWTFyYicTUxDrC29ood7',NULL,'1',1,0),(501,1,345,0,'2020-04-04 08:18:23','2020-04-04 08:18:23',1,NULL,NULL,'19s1zf57Bb7M5o92vX5dNto6J6y2j3tniB',NULL,'1',1,0),(502,3,345,0,'2020-04-04 08:18:30','2020-04-04 08:18:30',1,'edpku8xfTffe5vLZsh3aayumBcPjcKmKzFmF1dhza5P12PQcFpbzLC',NULL,'tz1UJc1Dipv6L2mKoLuAY5hd12oqYp6DDPyh',NULL,'1',1,0),(503,1,346,0,'2020-04-04 10:05:57','2020-04-04 10:05:57',1,NULL,NULL,'1MDmAU31VCBov2tV8fQxJa2X9TnraZyurP',NULL,'1',1,0),(504,3,346,0,'2020-04-04 10:06:14','2020-04-04 10:06:14',1,'edpkuPg1X9cuLZmixeuTV88uKYXD91mQ3ZE14NWnQieSngmeDpynVM',NULL,'tz1RAiBV2bNkMzDuh2otK9LbVkpQX5RnjokP',NULL,'1',1,0),(505,1,347,0,'2020-04-04 10:17:26','2020-04-04 10:17:26',1,NULL,NULL,'13gPMxX5txre68SE7GFg17BHzSnwbedED7',NULL,'1',1,0),(506,3,347,0,'2020-04-04 10:17:37','2020-04-04 10:17:37',1,'edpkuy3R3zS5MY4CMV7MJysKe3rEFjAagozSKYWCncYXixF72KRf2W',NULL,'tz1hTwVQR485u5n6Wtu7VRjLLAwACchTSf91',NULL,'1',1,0),(507,1,348,0,'2020-04-04 12:28:17','2020-04-04 12:28:17',1,NULL,NULL,'1CzbKpVrYJJvf5EghJ7SjJHGYCms2k7pXQ',NULL,'1',1,0),(508,3,348,0,'2020-04-04 12:28:26','2020-04-04 12:28:26',1,'edpkv8Zut6FSYx57apucatyEMa6zjnrb1ciPCx5MbVEKPBAwSWPYZf',NULL,'tz1eV22QiiV5wsX2boyut1tZCzFKtAYSJ29d',NULL,'1',1,0),(509,1,349,0,'2020-04-06 06:37:21','2020-04-06 06:37:21',1,NULL,NULL,'1EjJhzA9eNLeyxJ9YYTnReyfpVtL1LqvHZ',NULL,'1',1,0),(510,3,349,0,'2020-04-06 06:37:28','2020-04-06 06:37:28',1,'edpktygPr6q1qpuYXoV3jVkF5d2xMUeDvTZBsA7iJ1necbZQoRLsna',NULL,'tz1N35j3FjQN1QB9zA3Mf2H5VdP7RpFXB95i',NULL,'1',1,0),(511,1,350,0,'2020-04-06 22:23:05','2020-04-06 22:23:05',1,NULL,NULL,'1MxPoEzz93yovmug8GZ1gQax8nch3JjjXd',NULL,'1',1,0),(512,3,350,0,'2020-04-06 22:23:21','2020-04-06 22:23:21',1,'edpku1a9Au88fhoFHjcJtjdRpuEGxzZYdet8pud4SrVy62RAohBExg',NULL,'tz1Ystn5Wjm4UY6Hy7R6Mrprr5Xex57acHQ3',NULL,'1',1,0),(513,1,351,0,'2020-04-07 09:19:21','2020-04-07 09:19:21',1,NULL,NULL,'1DEp8FLFYnzAx3cEDr8MLwPd3oJ9uUFSZL',NULL,'1',1,0),(514,3,351,0,'2020-04-07 09:19:30','2020-04-07 09:19:30',1,'edpkuPycZVYHg5DMSvZ76ffrDHqXF5Y7utpdLKuAGK4kUNWiQMLTGp',NULL,'tz1i64t2DQePrGtgH2TmUzE4t4sH4KpT93VV',NULL,'1',1,0),(515,1,352,0,'2020-04-08 18:48:59','2020-04-08 18:48:59',1,NULL,NULL,'133gnVSePYydTWo3KVjiPZe94AFEvegowZ',NULL,'1',1,0),(516,3,352,0,'2020-04-08 18:49:11','2020-04-08 18:49:11',1,'edpkuGc2FEKpBHxWZrU46nM56jvEH9g7Jo8QRLgudSf1QiybE7JdHo',NULL,'tz1MxRaDPReYDdjzDSyPf8pH2Lq1UYuLdGec',NULL,'1',1,0),(517,1,353,0,'2020-04-10 12:58:40','2020-04-10 12:58:40',1,NULL,NULL,NULL,NULL,'1',1,0),(518,3,353,0,'2020-04-10 12:58:52','2020-04-10 12:58:52',1,'edpkuVCHFdzL1b5BRgTU3MqzBPeK6Piy7zcDFyg9QGJifDuh31dKXt',NULL,'tz1R9K53M5B4dXPSFKCx8zjaCE6VRSqu7tQW',NULL,'1',1,0),(519,1,354,0,'2020-04-10 21:00:10','2020-04-10 21:00:10',1,NULL,NULL,'1C5m5M42SWQz1y7dTbPRQKefw3zqhLCh4j',NULL,'1',1,0),(520,3,354,0,'2020-04-10 21:00:23','2020-04-10 21:00:23',1,'edpkuTJFrouqxKhW4TRK7XGn38FUXQ66uR31ghSUoLeWmPj3ejjbrD',NULL,'tz1a24Wo5S1yG5EjGT96hVYPHsgm2gwyfd2K',NULL,'1',1,0),(521,1,355,0,'2020-04-14 11:41:53','2020-04-14 11:41:53',1,NULL,NULL,'14xPeKbfvRCBEWt6qdTXcZCZqGt1ZHSyRu',NULL,'1',1,0),(522,3,355,0,'2020-04-14 11:41:59','2020-04-14 11:41:59',1,'edpkuDbZQ9dfcYCQETN2zc2kZYRtUWhY7kQdWYeiNvrkfeLx3RdTpm',NULL,'tz1XhfyUnNv1oREMGWHTpsyggyKqXCwfC6wu',NULL,'1',1,0),(523,1,356,0,'2020-04-15 07:59:52','2020-04-15 07:59:52',1,NULL,NULL,'13G6NxGyhJmf7mTuq7Xk1gdoBSodqu2VuC',NULL,'1',1,0),(524,3,356,0,'2020-04-15 08:00:02','2020-04-15 08:00:02',1,'edpkufobAhh2DmwtoHfQuRgEuD6EMpsgQtdkkdgbCypa2YJqj7CL6p',NULL,'tz1ihXAb1Y4mGZXb9nTUCpdarAVSSE5v9xst',NULL,'1',1,0),(525,1,357,0,'2020-04-15 23:40:35','2020-04-15 23:40:35',1,NULL,NULL,'1Q9zszy4cqqfSX92SMg2bnNWZAoHh2pswR',NULL,'1',1,0),(526,3,357,0,'2020-04-15 23:40:44','2020-04-15 23:40:44',1,'edpkuDGWZwNpmBSJKut34g96Msv8pXzEKLavX2aFSeuUMj5YYLHmcZ',NULL,'tz1PmXW6xDXezqJjb9UVCVegxLWG66Tk43hw',NULL,'1',1,0),(527,1,358,0,'2020-04-18 00:15:43','2020-04-18 00:15:43',1,NULL,NULL,'1EZqnxBdBDPLAmi8KMyiDDyDue7aSFvvs9',NULL,'1',1,0),(528,3,358,0,'2020-04-18 00:15:49','2020-04-18 00:15:49',1,'edpktjg98Q5beyfcturdaPf6YkXVaPuZHH2TW8wo1cr9Bvpz8vx2Za',NULL,'tz1WMQQQndhWvuQftRnjCJ4b9iebTprLE3E7',NULL,'1',1,0),(529,1,359,0,'2020-04-19 08:41:11','2020-04-19 08:41:11',1,NULL,NULL,'1Aix9u57iR6dcQMQPjmV6Mt1doj24GwGBN',NULL,'1',1,0),(530,3,359,0,'2020-04-19 08:41:31','2020-04-19 08:41:31',1,'edpku9pDfv2Jnn7xDaJ3izHoJkArneMij9u6CL9QrTWNtCccfdNj5M',NULL,'tz1N3c31u9jDZ21D9ZLYWwosQ55iMjDkhjdp',NULL,'1',1,0),(531,1,360,0,'2020-04-19 10:16:47','2020-04-19 10:16:47',1,NULL,NULL,'1MRk1qjZ3qN6VrELHoRN1PSSvDDRzAZ5TX',NULL,'1',1,0),(532,3,360,0,'2020-04-19 10:16:55','2020-04-19 10:16:55',1,'edpku1zGPm1j7Fdc4tV3QPAAsScdfxTzDq6bH78jGiMYdTRS8b6Dz5',NULL,'tz1dcp8YojSfm2Wc5pBbMkrYkwsubaaGD6Mb',NULL,'1',1,0),(533,1,361,0,'2020-04-19 10:19:01','2020-04-19 10:19:01',1,NULL,NULL,'1HsWho8M7LRHNKGZEvzStxWSLgK4k24oHG',NULL,'1',1,0),(534,3,361,0,'2020-04-19 10:19:11','2020-04-19 10:19:11',1,'edpkv9ZaRVVfW9Nxkf5syqJMPHF22uhwEwqpN97APd5uRj4gydQbgF',NULL,'tz1aBh2fQE9ZbCfJNbtAevjJF2oWWnXiG2n2',NULL,'1',1,0),(535,1,362,0,'2020-04-19 10:24:08','2020-04-19 10:24:08',1,NULL,NULL,NULL,NULL,'1',1,0),(536,3,362,0,'2020-04-19 10:24:20','2020-04-19 10:24:20',1,'edpkuCA74NJ9Dw75W5Bi9zNFb7XDRQXXdwg17RZSvkajNQPArNGPRP',NULL,'tz1Y13zUAvQRmzLjt4dKsY2qia1AeoCpT3AK',NULL,'1',1,0),(537,1,363,0,'2020-04-20 07:16:25','2020-04-20 07:16:25',1,NULL,NULL,'12ok3pAhNkrXqyNMf6qKt4XhHk1SnZQJJA',NULL,'1',1,0),(538,3,363,0,'2020-04-20 07:16:44','2020-04-20 07:16:44',1,'edpku2ob6ryu4rFXPgK8RwQkzqMxmCWZTgK3BsLCUq1WFhKHxGhSNG',NULL,'tz1ToGXh51ukVbZxH4i4Vb3uU1aPwdZJ8A24',NULL,'1',1,0),(543,1,366,0,'2020-04-20 11:04:58','2020-04-20 11:04:58',1,NULL,NULL,'18b2vsX1UojLA8A9EeVz7a9sb5GnGnwF3E',NULL,'1',1,0),(544,3,366,0,'2020-04-20 11:05:07','2020-04-20 11:05:07',1,'edpkuUfH7KTKUobtwjUpBArV7TFkAeurb75oJPzSGCFwBt2sg5rroR',NULL,'tz1MxaJB2kUf2UMH1hQgNSBMVQCheCawcqeP',NULL,'1',1,0),(545,1,367,0,'2020-04-25 15:17:20','2020-04-25 15:17:20',1,NULL,NULL,'17D5GZCz1ZUUB7S8bk8VKguDTAiWCJAb3g',NULL,'1',1,0),(546,3,367,0,'2020-04-25 15:17:26','2020-04-25 15:17:26',1,'edpku9VXTfDjYFynUfvuJYDsQFjK7tfHfCWYT245N5CNygXKNJRkw6',NULL,'tz1gJAdXFwGJu2kQmLQmZ6SfFc4vmzCu4fs3',NULL,'1',1,0),(547,1,368,0,'2020-04-25 19:17:38','2020-04-25 19:17:38',1,NULL,NULL,NULL,NULL,'1',1,0),(548,3,368,0,'2020-04-25 19:17:48','2020-04-25 19:17:48',1,'edpkuKzdgjjs1QgHjkFw9eDDYwZb7LWLYiqHAkeduZviy6zW7CPo8j',NULL,'tz1XQHez1We64WFaGC2pxeQJEQwoaQenVgjv',NULL,'1',1,0),(549,1,369,0,'2020-04-28 12:26:41','2020-04-28 12:26:41',1,NULL,NULL,NULL,NULL,'1',1,0),(550,3,369,0,'2020-04-28 12:26:50','2020-04-28 12:26:50',1,'edpktieK4HCQ67a1iDpnvoVXMJsZugjyTKVvS2WN47XT2XBowgb3de',NULL,'tz1ZyWarm5NwqoaGf5uojLt7V5H9cE3BM8Sy',NULL,'1',1,0),(551,1,370,0,'2020-05-01 09:53:51','2020-05-01 09:53:51',1,NULL,NULL,'1N6pKt5Ma5eqxutJojDS9jsn4pHompBnfC',NULL,'1',1,0),(552,3,370,0,'2020-05-01 09:53:58','2020-05-01 09:53:58',1,'edpkv45ows4bhXusdLcNBi35gtWzkv1vJPDYbsPsZSRKBRiZAG3Usi',NULL,'tz1ZoqxaabRUM26ynk9U8V4Yd1tUnRgn6f4m',NULL,'1',1,0),(553,1,371,0,'2020-05-03 06:36:19','2020-05-03 06:36:19',1,NULL,NULL,'191x1EVwn7BAxbiTH7hMr3ckVpex1q5ouP',NULL,'1',1,0),(554,3,371,0,'2020-05-03 06:36:34','2020-05-03 06:36:34',1,'edpktfbzhJd4sqD1YMMaSt2Pvi19Gj9DBuFLmhtvL4cm6QBPFKbYs3',NULL,'tz1iPREewkfDWz6f7cLV5mmagXUuQaQ3rgEo',NULL,'1',1,0),(555,1,372,0,'2020-05-03 12:09:13','2020-05-03 12:09:13',1,NULL,NULL,'1GjXTKx9nd6CMgwUvwKf7EJQnLoXtnjpqC',NULL,'1',1,0),(556,3,372,0,'2020-05-03 12:09:20','2020-05-03 12:09:20',1,'edpkv3quhX98fFwN7gMpJ9A5RD897VpDkmLLpL8Hi5opQnXmx2FWwm',NULL,'tz1g1UNzhSRwxgsWUPbifvQDNzSbmVfbVzdx',NULL,'1',1,0),(557,1,373,0,'2020-05-04 19:24:50','2020-05-04 19:24:50',1,NULL,NULL,'1AFQWyfmXxSRAkqsDMTvUPhBs4EdNYZWTz',NULL,'1',1,0),(558,3,373,0,'2020-05-04 19:25:09','2020-05-04 19:25:09',1,'edpktwDwWeJz1CZzqZtNX8za15EyXpUvk2nQbkMvGP3TWBVB7cxaNd',NULL,'tz1VRGjXMANb5FjW9UMfXVMHyiXEkr7PVbT8',NULL,'1',1,0),(559,1,374,0,'2020-05-05 16:33:19','2020-05-05 16:33:19',1,NULL,NULL,'1JbL51t4HeimmUhjKjuuCYKphDLSRdgAHA',NULL,'1',1,0),(560,3,374,0,'2020-05-05 16:33:46','2020-05-05 16:33:46',1,'edpkvUeXLCTBAGULuUh7JtaBTFC3K5snh71EA2tGx8me1Fb4UPzRS6',NULL,'tz1TXg8H9HV6occvNdVVEUUHAZ3eagQKihjD',NULL,'1',1,0),(561,1,375,0,'2020-05-13 17:25:16','2020-05-13 17:25:16',1,NULL,NULL,'1MtSBQW59EesopwCe64NRK3Nibexrt5meG',NULL,'1',1,0),(562,3,375,0,'2020-05-13 17:25:32','2020-05-13 17:25:32',1,'edpktsRukYZARwaLoVMkJhzLMDnTxiQaFheg1sSjtwuzSipEcpy5bW',NULL,'tz1QRjy3jsiQbsSXXAdLJwoFthQ1ks7KnYSt',NULL,'1',1,0),(563,1,376,0,'2020-05-13 17:50:19','2020-05-13 17:50:19',1,NULL,NULL,'14Z53tfCJ67ZqnuAtHkiNFsf72y4fwrtPy',NULL,'1',1,0),(564,3,376,0,'2020-05-13 17:55:48','2020-05-13 17:55:48',1,'edpkvGDHfr5zkvBXvK1Vacvbur4Z8XdCKaHyNASg2kcjmxd5M5ttrh',NULL,'tz1iQz1FDYSxAJDHwyDK6xSqpEnTfuLf8Ng9',NULL,'1',1,0),(565,1,377,0,'2020-05-13 22:23:35','2020-05-13 22:23:35',1,NULL,NULL,'1EokV84RWuaPB8xT181dBodShz2BUNZ1fc',NULL,'1',1,0),(566,3,377,0,'2020-05-13 22:23:48','2020-05-13 22:23:48',1,'edpkvQhLu6M27fWAx5K6hRZ3unoQSmSURjc5nLAdQuvcKeN7CvfDNA',NULL,'tz1PpAKodf2G7LAuRTuGddpKT8gAELugfs2p',NULL,'1',1,0),(567,1,378,0,'2020-05-15 20:10:03','2020-05-15 20:10:03',1,NULL,NULL,NULL,NULL,'1',1,0),(568,3,378,0,'2020-05-15 20:10:25','2020-05-15 20:10:25',1,'edpkv5nWtwihhmLzkswXqYkQJTVQp6JgtrbtY31fPfkQUC2zSLHJ87',NULL,'tz1V8vH9EVggpDQ2P9mxpoE3rpvDZE7cBZtk',NULL,'1',1,0),(569,1,379,0,'2020-05-15 20:33:04','2020-05-15 20:33:04',1,NULL,NULL,'17YFqvqQp3yAfR9MMjiMUR5mmKk21MBcdz',NULL,'1',1,0),(570,3,379,0,'2020-05-15 20:33:11','2020-05-15 20:33:11',1,'edpkvVN49sCvNXNHRoWckrRysPrTAsZnr6i1NrBg3hvVxSgSJrwvaB',NULL,'tz1RCJhvJ8WCzkXseML2GNe9bXXU83166o6b',NULL,'1',1,0),(571,1,380,0,'2020-05-16 20:47:46','2020-05-16 20:47:46',1,NULL,NULL,'1DajvsHgU4MAoBC4uMUJxR1rTyXE9MXKMN',NULL,'1',1,0),(572,3,380,0,'2020-05-16 20:49:14','2020-05-16 20:49:14',1,'edpkv7cUE7dCXevF1EWaSzm9qGv6LFGXRUVw8VD8TEkSx8gbxJ4Aoi',NULL,'tz1fe3SLMGRhV8qmxwG7TZ22L9fR1nEhkaqu',NULL,'1',1,0),(573,1,381,0,'2020-05-22 11:45:16','2020-05-22 11:45:16',1,NULL,NULL,NULL,NULL,'1',1,0),(574,1,382,0,'2020-05-22 12:51:53','2020-05-22 12:51:53',1,NULL,NULL,NULL,NULL,'1',1,0),(575,1,383,0,'2020-05-22 12:51:59','2020-05-22 12:51:59',1,NULL,NULL,NULL,NULL,'1',1,0),(576,3,383,0,'2020-05-22 12:52:15','2020-05-22 12:52:15',1,'edpktjgASmgBicrhd1mXTaKHds3x4W5daHuRxkq8W45suvWpLmMcVM',NULL,'tz1gvbhLXp5h7MEKzNQ9vVtu6apH8fdt4zW3',NULL,'1',1,0),(577,3,383,0,'2020-05-22 12:52:20','2020-05-22 12:52:20',1,'edpktjgASmgBicrhd1mXTaKHds3x4W5daHuRxkq8W45suvWpLmMcVM',NULL,'tz1gvbhLXp5h7MEKzNQ9vVtu6apH8fdt4zW3',NULL,'1',1,0),(578,1,384,0,'2020-05-22 12:56:09','2020-05-22 12:56:09',1,NULL,NULL,'13718ypGZT6b4ZEzLREvoFC7Am9pfrwJy5',NULL,'1',1,0),(579,3,384,0,'2020-05-22 12:56:16','2020-05-22 12:56:16',1,'edpkv2X4jopXhJuYNgEfz8ufC59M5EbH8AbPpfcY4Hi8uS5q9LfBoC',NULL,'tz1fHtEZUW4x4s1ni4B1uY2Gg3CPafAFwAH5',NULL,'1',1,0),(580,3,384,0,'2020-05-22 12:56:21','2020-05-22 12:56:21',1,'edpkv2X4jopXhJuYNgEfz8ufC59M5EbH8AbPpfcY4Hi8uS5q9LfBoC',NULL,'tz1fHtEZUW4x4s1ni4B1uY2Gg3CPafAFwAH5',NULL,'1',1,0),(581,1,385,0,'2020-05-26 15:46:41','2020-05-26 15:46:41',1,NULL,NULL,'14PQyuP5xq2Pv9yWu28QJeLjrVSHeVdsdf',NULL,'1',1,0),(582,3,385,0,'2020-05-26 15:46:48','2020-05-26 15:46:48',1,'edpkvQB5XZNeKzFHm3f3SSLRtjHKECdW7zzbSqi2s4iHBmXybFjEcK',NULL,'tz1iutsYtsL45xT9S9LZNeaN2NYJ3aBobYTB',NULL,'1',1,0),(583,1,386,0,'2020-05-27 06:58:40','2020-05-27 06:58:40',1,NULL,NULL,'1EthrCkco6jc3NRvjMh8ZpF5i2Q8anUR6h',NULL,'1',1,0),(584,3,386,0,'2020-05-27 06:59:21','2020-05-27 06:59:21',1,'edpkuGcSjJhfXwyBLfQY6mGcm6rJjs1d62KAjZmBriPaTJ6ZuvG6pn',NULL,'tz1ajGkt2CK328xgM6y2fu2uwuj5CeV2EiKc',NULL,'1',1,0),(585,1,387,0,'2020-05-27 14:34:36','2020-05-27 14:34:36',1,NULL,NULL,'1DVUMwAXvssx8jTCv7eYWpXsngZVpDSAZU',NULL,'1',1,0),(586,3,387,0,'2020-05-27 14:34:43','2020-05-27 14:34:43',1,'edpkvEFFe2DuEviFpmsAr8zrLKw6GLrSWvTz4tSJF1qtVXMDhnB5ne',NULL,'tz1QR7BW8j1Qy2Q7xmZYdCUvZ5ue9QxBFE3F',NULL,'1',1,0),(587,1,388,0,'2020-05-27 14:43:27','2020-05-27 14:43:27',1,NULL,NULL,NULL,NULL,'1',1,0),(588,3,388,0,'2020-05-27 14:43:35','2020-05-27 14:43:35',1,'edpktkehKC7ZY7p9phjsFc8X7YfVoQAf5DypabrzQ4omfjDJa4UxMA',NULL,'tz1eeZN56iW5AahGwhad3o9EEqZYk9YCu975',NULL,'1',1,0),(589,1,389,0,'2020-05-29 13:11:59','2020-05-29 13:11:59',1,NULL,NULL,'1EGGM4Vh6Xk3d9RtJbn9yRRzkNQAEmqVYr',NULL,'1',1,0),(590,3,389,0,'2020-05-29 13:12:12','2020-05-29 13:12:12',1,'edpkuo7NcVdCcpHJM5a4dL5SBrF8wwSVrfHyCGWyG824owx8RRTuZk',NULL,'tz1iNTW4T4wiCeFfVV6Wf4BC5iKJNKYgsrfa',NULL,'1',1,0),(591,1,390,0,'2020-06-03 15:34:25','2020-06-03 15:34:25',1,NULL,NULL,'1M11AnLYP4KmboUBNd7XEMFCTzDu7sRAoy',NULL,'1',1,0),(592,3,390,0,'2020-06-03 15:34:41','2020-06-03 15:34:41',1,'edpkv1GK9hvvPc5DLv4Ky7wPW9ejKU4ji8pTbwdmXkPSUkkF3mHpwm',NULL,'tz1fh6MyaSfEQqJqU4pbcNoZSEyYT8BPKQu7',NULL,'1',1,0),(593,1,391,0,'2020-06-03 17:26:47','2020-06-03 17:26:47',1,NULL,NULL,'1Kp92VzPTPY4QzSh2YNvKfyRiTzbrSut8f',NULL,'1',1,0),(594,3,391,0,'2020-06-03 17:27:11','2020-06-03 17:27:11',1,'edpkuqGp2fneRVVmvHg7omW1e6SfU9pdRcAjLD24ei4dUPo99GNF98',NULL,'tz1Y7wurQZXutr65Y77Yi17GDmbEAoftDHcj',NULL,'1',1,0),(595,1,392,0,'2020-06-06 07:34:00','2020-06-06 07:34:00',1,NULL,NULL,NULL,NULL,'1',1,0),(596,1,393,0,'2020-06-07 08:17:50','2020-06-07 08:17:50',1,NULL,NULL,NULL,NULL,'1',1,0),(597,3,393,0,'2020-06-07 08:18:01','2020-06-07 08:18:01',1,'edpkvQDXbanmn92faY3uby3yG8fadfewVg6TDtxPdXxhuG4Pid6jKY',NULL,'tz1YS3sZxMcbb9NShwffLc6gdT8cvbLHSbt8',NULL,'1',1,0),(598,1,394,0,'2020-06-07 13:05:19','2020-06-07 13:05:19',1,NULL,NULL,'1NQnSgG4GtjLDGd7nujUNM29NeYYPT2xut',NULL,'1',1,0),(599,3,394,0,'2020-06-07 13:05:36','2020-06-07 13:05:36',1,'edpkua2F4hDHdcMXtd3Lk92riDpUCjsWTYhBMAKMkrLy46uXoUFQm5',NULL,'tz1RzHq18rsUzf8nu4M9xhfnT489RkCDAmJ6',NULL,'1',1,0),(600,1,395,0,'2020-06-07 15:18:26','2020-06-07 15:18:26',1,NULL,NULL,'1NWfk3Un7UHFihjtJSYvf2CZC4Ym2CQ1nj',NULL,'1',1,0),(601,3,395,0,'2020-06-08 07:49:00','2020-06-08 07:49:00',1,'edpkvUvPsTcarzYVzCHaNuZoPYWZyyWcheYi31eJTX9zz4pZVAaUcW',NULL,'tz1d9cLNbRBxboudVLJWWMj4Z2SeBiM9JpBm',NULL,'1',1,0),(602,1,396,0,'2020-06-08 07:50:15','2020-06-08 07:50:15',1,NULL,NULL,NULL,NULL,'1',1,0),(603,1,397,0,'2020-06-08 18:11:52','2020-06-08 18:11:52',1,NULL,NULL,'19k5wbwbUr72bZcEMbsva7SvDuunBRuN8b',NULL,'1',1,0),(604,3,397,0,'2020-06-08 18:12:01','2020-06-08 18:12:01',1,'edpktyWCVhdLUazsN5RdD4ZpHFW575j4j7N7NzkiFNnrzipZkQrUdH',NULL,'tz1PYWNWuGMUWcNJvhDGjcd7FyKVxfpUZDjX',NULL,'1',1,0),(605,1,398,0,'2020-06-08 18:20:02','2020-06-08 18:20:02',1,NULL,NULL,'12UQQyhZu9nRv2kiHFJ73sG8TvQ5M3CxtT',NULL,'1',1,0),(606,3,398,0,'2020-06-08 18:20:10','2020-06-08 18:20:10',1,'edpktiq9uEkXdvz9M1J6wqkXtDTkkk3JSfPcJn4RDjRGSSQhVrvorU',NULL,'tz1SLn2918pQ9pHngWFw9WUeAJKDVUJRnh5S',NULL,'1',1,0),(607,1,399,0,'2020-06-08 18:25:47','2020-06-08 18:25:47',1,NULL,NULL,'1C7Zz5NuhrFGfGVC54AtaApsyVuxPkPrSm',NULL,'1',1,0),(608,3,399,0,'2020-06-08 18:25:56','2020-06-08 18:25:56',1,'edpkunetJmWQxapCibM4cqrppgzTFxfvGqT8qsrbBtdBCabBJdefEB',NULL,'tz1MxN7qXFjT9VgmnjMXbVpXfPce2yFEgpQZ',NULL,'1',1,0),(609,1,400,0,'2020-06-10 15:23:27','2020-06-10 15:23:27',1,NULL,NULL,'16LRq3Gw6djJXnBiDAky3Gqvf5keWd1SUM',NULL,'1',1,0),(610,3,400,0,'2020-06-10 15:23:45','2020-06-10 15:23:45',1,'edpkv27rPMZ1NzgasHU5pXR4ajDy3m8tCEaKt9PQDeiQhFyctpCPq6',NULL,'tz1YsS3qRJCDaHPBowZvsdiAWZmYWw1CDA1L',NULL,'1',1,0),(611,1,401,0,'2020-06-10 20:40:48','2020-06-10 20:40:48',1,NULL,NULL,'1QJexQaG6wxxkWhv8PtKfhdAuSDCKbb3MP',NULL,'1',1,0),(612,3,401,0,'2020-06-10 20:41:05','2020-06-10 20:41:05',1,'edpkuzWe3wZnZeavqqrHpsFzm7AVdZSi5VzkXUf1eHGQQ9ceceEmnc',NULL,'tz1bmARm6J4NtmbLfHUp3iMnFi89xHqHxQoT',NULL,'1',1,0),(613,1,402,0,'2020-06-11 14:49:24','2020-06-11 14:49:24',1,NULL,NULL,'138aBfnmhvSDQfZcRCxtAa4JhDLp8enoCr',NULL,'1',1,0),(614,3,402,0,'2020-06-11 14:49:41','2020-06-11 14:49:41',1,'edpkvNDfjXv8BUNUKAmKKeSxFsnAucgk68ZWe4iMXv15ApeGnqzUq9',NULL,'tz1f7FpZ1osUaorFk69c9Wc78B6w32JDdpTE',NULL,'1',1,0),(615,1,403,0,'2020-06-11 17:08:40','2020-06-11 17:08:40',1,NULL,NULL,'1HpLxaiRaBVD7SJcQGhfaQZBCwnbfLxHrR',NULL,'1',1,0),(616,3,403,0,'2020-06-11 17:08:46','2020-06-11 17:08:46',1,'edpktjg98Q5beyfcturdaPf6YkXVaPuZHH2TW8wo1cr9Bvpz8vx2Za',NULL,'tz1WMQQQndhWvuQftRnjCJ4b9iebTprLE3E7',NULL,'1',1,0),(617,1,404,0,'2020-06-11 17:17:55','2020-06-11 17:17:55',1,NULL,NULL,'13tmSCUvhCmu75YgdGvBtsqJXenCmHx3TL',NULL,'1',1,0),(618,3,404,0,'2020-06-11 17:18:00','2020-06-11 17:18:00',1,'edpkuXa35W7Mws8AmCifWXUQVbuiaTKE2Gxxqbxa4RLhbAQyJHG9Yz',NULL,'tz1euAfKLDtLmtbnkkaWurTkrrS1fvY3ntRr',NULL,'1',1,0),(619,1,405,0,'2020-06-11 18:49:24','2020-06-11 18:49:24',1,NULL,NULL,'1Pmbid1CG53unMV9zQLfHyzJbXnUTra6se',NULL,'1',1,0),(620,3,405,0,'2020-06-11 18:50:08','2020-06-11 18:50:08',1,'edpkvVEZpQXURfxh7xSnXoAo5i7zTZqSKWx2RR5jncwsDGB4VAfhhk',NULL,'tz1QgroobfMMEvUsMkZim5cAf1Mqbc8BM8Bd',NULL,'1',1,0),(621,1,406,0,'2020-06-12 06:07:10','2020-06-12 06:07:10',1,NULL,NULL,'19Teuj8n6g7BBu4YwPq2M4gm6NTiHuopob',NULL,'1',1,0),(622,3,406,0,'2020-06-12 06:07:19','2020-06-12 06:07:19',1,'edpkvZ5f8hgpgbibBdZBmDsTbmzjTWL6RdBztiEJyZXavgH4ejafXN',NULL,'tz1XmoTJhXTQnNcXxxr6FokSpfAJrFuXMsiM',NULL,'1',1,0),(623,1,407,0,'2020-06-12 06:33:04','2020-06-12 06:33:04',1,NULL,NULL,'1LJ6AXzEffLGWiwwNKef5ZkELEq5jffFfs',NULL,'1',1,0),(624,3,407,0,'2020-06-12 06:33:11','2020-06-12 06:33:11',1,'edpkvU4fHu36nEd5ewLnirczSsHpMXGM97CLSpRiXtuGtR8PTLbKPN',NULL,'tz1gYYuAnH8dTVDrGyK6h9hKuq8jP9VnyBaE',NULL,'1',1,0),(625,1,408,0,'2020-06-12 10:38:52','2020-06-12 10:38:52',1,NULL,NULL,'1Hu6gJtPDjJ3yP2kN78LcNR56Z3B8H9m12',NULL,'1',1,0),(626,3,408,0,'2020-06-12 10:38:59','2020-06-12 10:38:59',1,'edpktjg98Q5beyfcturdaPf6YkXVaPuZHH2TW8wo1cr9Bvpz8vx2Za',NULL,'tz1WMQQQndhWvuQftRnjCJ4b9iebTprLE3E7',NULL,'1',1,0),(627,1,409,0,'2020-06-13 03:39:45','2020-06-13 03:39:45',1,NULL,NULL,'1D2NNLaiNwoAZ2LfdoEJWaKHEbSACLqcgT',NULL,'1',1,0),(628,3,409,0,'2020-06-13 03:39:53','2020-06-13 03:39:53',1,'edpkuGqzTn8ZhDNCCP6yUjJ32CpmPbCP9nn8RmsoTZmRbo9gPW8xip',NULL,'tz1NqqvgC6c2LCmEu3yjVDqT713eTdddUW65',NULL,'1',1,0),(629,1,410,0,'2020-06-13 07:19:58','2020-06-13 07:19:58',1,NULL,NULL,'1FGSc4sHePHP9ktoaJKtZBYC6qnfpmmhjx',NULL,'1',1,0),(630,3,410,0,'2020-06-13 07:23:29','2020-06-13 07:23:29',1,'edpkuFcdBqJCjz5W9DKhTqZECy2CUk4H89dQqAjNa1rjL8QR9dmU5s',NULL,'tz1YPXaiGsbw9crAJY53deWtkzrEkpt6kfc2',NULL,'1',1,0),(631,1,411,0,'2020-06-13 15:26:43','2020-06-13 15:26:43',1,NULL,NULL,'15ZKCDGt91pP46FK1xCfwZyxjY3YBwBmcp',NULL,'1',1,0),(632,3,411,0,'2020-06-13 15:26:50','2020-06-13 15:26:50',1,'edpku5VBbAvtCY5CDpBiBu8Yhnt6fXnD3hytFWR1ggWMskfeRiDXkS',NULL,'tz1KiYRVtXDt1Q4Z7nB348w1L8bKgQ2emhQ7',NULL,'1',1,0),(633,1,412,0,'2020-06-13 15:46:42','2020-06-13 15:46:42',1,NULL,NULL,'1KxLNe3CTH4raWAzwcGatpNJ44zMsDmYP2',NULL,'1',1,0),(634,3,412,0,'2020-06-13 15:46:49','2020-06-13 15:46:49',1,'edpkv6VrkeXaZSUtENQHLsy78Bkq9CK5FT6ECn5KQsEqeci7vFMSbj',NULL,'tz1aNmLiES2voSkaaEXw2p4JTeo4UFmLLH45',NULL,'1',1,0),(635,1,413,0,'2020-06-14 18:03:33','2020-06-14 18:03:33',1,NULL,NULL,'1NQXUNRPEmkr7MH3E1YUWQPmDK1PXSokKD',NULL,'1',1,0),(636,3,413,0,'2020-06-14 18:03:46','2020-06-14 18:03:46',1,'edpktyj6EjAbZa7dQmqbPSGgDaWYTLanZt4siLfjyxU33bXxpZ8Q6J',NULL,'tz1efV7mrjMS2oax4QkxDFgHrumbxAz5bZ7j',NULL,'1',1,0),(637,1,414,0,'2020-06-15 06:48:41','2020-06-15 06:48:41',1,NULL,NULL,NULL,NULL,'1',1,0),(638,3,414,0,'2020-06-15 06:48:53','2020-06-15 06:48:53',1,'edpktgE4QKNjtHWTJMstT6qMiuUy1Pd7BcDt5dbVvW86PfyZHMCbU1',NULL,'tz1dkLmeRCRqc3PHcGBodUXnHJKT44F8hnwV',NULL,'1',1,0),(639,1,415,0,'2020-06-15 20:14:16','2020-06-15 20:14:16',1,NULL,NULL,'1dazueAqkfBNZWZvSrcz3cx4y3kJT29qe',NULL,'1',1,0),(640,3,415,0,'2020-06-15 20:14:22','2020-06-15 20:14:22',1,'edpktkipKDoJPqg97YfBHH4fQ11ZuiQ7okGXy9veag6Ws49Yd7uHKz',NULL,'tz1Zp7mypAhphPVMsaDPXtkV8eHVCLYYYBVr',NULL,'1',1,0),(641,1,416,0,'2020-06-15 20:32:27','2020-06-15 20:32:27',1,NULL,NULL,NULL,NULL,'1',1,0),(642,3,416,0,'2020-06-15 20:38:44','2020-06-15 20:38:44',1,'edpkuffdaGjR6WV49QjpkfvtVToCFJW3xwCRZpyfbfge1GNC6q8YEk',NULL,'tz1SGZuFw3eNr1w1jxvenkYq813pQkaJBAhT',NULL,'1',1,0),(643,1,417,0,'2020-06-15 20:43:49','2020-06-15 20:43:49',1,NULL,NULL,NULL,NULL,'1',1,0),(644,3,417,0,'2020-06-15 20:43:57','2020-06-15 20:43:57',1,'edpkun8NFHdz9seDn4DHm8SYSdEzJvhdkDrcm5SBNfHc9AEmCBkv8e',NULL,'tz1V5zF9epLAo65vvzrJD6gAz6EyWR2KiHmR',NULL,'1',1,0),(645,1,418,0,'2020-06-15 20:49:51','2020-06-15 20:49:51',1,NULL,NULL,'18xVAkeBWpSg75frhAZ2mErasE52PrtDL9',NULL,'1',1,0),(646,3,418,0,'2020-06-15 20:50:05','2020-06-15 20:50:05',1,'edpkv7cUE7dCXevF1EWaSzm9qGv6LFGXRUVw8VD8TEkSx8gbxJ4Aoi',NULL,'tz1fe3SLMGRhV8qmxwG7TZ22L9fR1nEhkaqu',NULL,'1',1,0),(647,1,419,0,'2020-06-18 13:39:36','2020-06-18 13:39:36',1,NULL,NULL,'1Aojw4DWEubFYgpx89HuqvERZknJZYpwnV',NULL,'1',1,0),(648,3,419,0,'2020-06-18 13:39:43','2020-06-18 13:39:43',1,'edpkukkDRB4qPQiqmDxmyRNnFWJGJNRc9s1Hzf8XrBh5A8ZUKF11gt',NULL,'tz1aVE499mb8F37pNeMGUgMRxLhWuuKeWjNN',NULL,'1',1,0),(649,1,420,0,'2020-06-20 09:31:32','2020-06-20 09:31:32',1,NULL,NULL,'17KbRvTyeVXVDm9fNzsjFkJAfcGGjMmCv2',NULL,'1',1,0),(650,3,420,0,'2020-06-20 09:31:45','2020-06-20 09:31:45',1,'edpkuGd7XRR65nuDdnxaSr6MyaqNj52vbGuziM4MS8kLdBQ6a9qcmC',NULL,'tz1ceEEYM579iL6DyKnvsJmsbwsn9BFKTbCr',NULL,'1',1,0),(651,1,421,0,'2020-06-21 09:46:33','2020-06-21 09:46:33',1,NULL,NULL,'17oe7vJ1omwwvGDq8FYWeRKpKzqwFJZmWh',NULL,'1',1,0),(652,3,421,0,'2020-06-21 09:46:40','2020-06-21 09:46:40',1,'edpkunHqE4zXpmMcxWWdKpDQp8x6CyK4kBLJ63GcHg3KrTf9ZJAu4G',NULL,'tz1aW6aUjQTiRiXQdyjQa1LxWBE1GSBBjnYN',NULL,'1',1,0),(653,1,422,0,'2020-06-23 14:28:26','2020-06-23 14:28:26',1,NULL,NULL,'13rSmEAJPkfuuSmDnbkeNAznEW2oK2Z21B',NULL,'1',1,0),(654,3,422,0,'2020-06-23 14:28:36','2020-06-23 14:28:36',1,'edpkuPXESRN772my3pJ1Q3NhhDfkFercgcBMj2N1qRSdHVnmSrNWAr',NULL,'tz1N2McGCyqcsU3kLaHr9PTeQDNCBg43Gc5F',NULL,'1',1,0),(655,1,423,0,'2020-06-24 09:58:28','2020-06-24 09:58:28',1,NULL,NULL,'1MoPZ44dVzKmrtZusiDb486EZAa6Ki7WwM',NULL,'1',1,0),(656,3,423,0,'2020-06-24 09:58:36','2020-06-24 09:58:36',1,'edpkv2GYizR41eEePfM4WDPmwcLSvJj7XB8Pjv9enwBYfNToY1GmWA',NULL,'tz1QiskED6K1WRxHi1ScWuLEtQV7xJXgSCxf',NULL,'1',1,0),(657,1,424,0,'2020-06-24 12:13:03','2020-06-24 12:13:03',1,NULL,NULL,'1Jrm2SHJpaVfR2sfV2LvQFb4qRDSfs6wBE',NULL,'1',1,0),(658,3,424,0,'2020-06-24 12:13:08','2020-06-24 12:13:08',1,'edpkuTrp7iAeWSwBVPQtCwtL2X3Q1Ut3sjoz4W78ABUN7wGGwqE8pC',NULL,'tz1f1NkgZHjUGW2DgUETSo5qQBb5mU36LBv1',NULL,'1',1,0),(659,1,425,0,'2020-06-24 12:14:22','2020-06-24 12:14:22',1,NULL,NULL,'1EkfbXap9j2z9egtPx2wgMSb63Gv6yzyR1',NULL,'1',1,0),(660,3,425,0,'2020-06-24 12:14:56','2020-06-24 12:14:56',1,'edpkuzqV7iBusAKqGR6nrtpVxgmvVHDxtWxZTdzbyJg4yuyc6Jk3ik',NULL,'tz1SEfKUre1jk143cpcdBL3QhTWx2Cf1Lx12',NULL,'1',1,0),(661,1,426,0,'2020-06-24 12:17:58','2020-06-24 12:17:58',1,NULL,NULL,'18FGBYWyBu2FYozyFj4a2B7eWKALGPbGg9',NULL,'1',1,0),(662,3,426,0,'2020-06-24 12:18:11','2020-06-24 12:18:11',1,'edpkvDHNNzTvWPnSg7way72DkJnNqtY1PNWzc8MYFi9yAXbYEh4a72',NULL,'tz1TdXDUQPGrqrstvLBS85u11g9xAPz9Qw34',NULL,'1',1,0),(663,1,427,0,'2020-06-25 00:48:57','2020-06-25 00:48:57',1,NULL,NULL,'1FeuKuxtXyYtM1v6x1FTJe5xjakEwV6etH',NULL,'1',1,0),(664,3,427,0,'2020-06-25 00:49:07','2020-06-25 00:49:07',1,'edpkvVr2BvaT9i2NY13GK1yziYXzXX6HuD5MnpAyC3uqDkPHPqBU82',NULL,'tz1LwjZa7aFiserdcJa2zr5wgnjQ1DvBZC7d',NULL,'1',1,0),(665,1,428,0,'2020-06-25 10:56:21','2020-06-25 10:56:21',1,NULL,NULL,'1PZK9ZRwb5Y8Hx7huZWTBcJ3ZmYm4j7UXZ',NULL,'1',1,0),(666,3,428,0,'2020-06-25 10:56:36','2020-06-25 10:56:36',1,'edpkuF53hH7kWnDb5WExV4MmarWGQCGwTDXPR27Vy12xRnPqVxtNgc',NULL,'tz1dNvH2K6SWzyhxZvsr7AZ3X8BULfGv6cx9',NULL,'1',1,0),(667,1,429,0,'2020-06-25 14:28:52','2020-06-25 14:28:52',1,NULL,NULL,NULL,NULL,'1',1,0),(668,3,429,0,'2020-06-25 14:29:04','2020-06-25 14:29:04',1,'edpkuebrozzpR3wQUKb9tsb5RbAooJMECdDNnPVcFMbCZPddi9YMZo',NULL,'tz1SpQYoR6rJv3vy7Nfxj1HipHMjC3i9xE3h',NULL,'1',1,0),(669,1,430,0,'2020-06-25 16:35:09','2020-06-25 16:35:09',1,NULL,NULL,NULL,NULL,'1',1,0),(670,3,430,0,'2020-06-25 16:35:19','2020-06-25 16:35:19',1,'edpkvKyyX4kGRGuB8tgajUTo6v6tGFp1pGLXUcNepLVk92k1681meF',NULL,'tz1N4cSv7cP1HMkUdhn12akbWTpueLD3qf7s',NULL,'1',1,0),(671,1,431,0,'2020-06-25 17:04:35','2020-06-25 17:04:35',1,NULL,NULL,'1K8DfKdh6fEuF6Pjqi4Z1qUokvvazK7ZQR',NULL,'1',1,0),(672,3,431,0,'2020-06-25 17:04:46','2020-06-25 17:04:46',1,'edpkuQKJqxAsEDMrMpi7bwAhGmSpZWPDRy4EADH2inpoVvvzkvLVFS',NULL,'tz1iGbpGFLBfsF9vcfeXhxcrpJmd8QxmbjsL',NULL,'1',1,0),(673,1,432,0,'2020-06-25 18:10:31','2020-06-25 18:10:31',1,NULL,NULL,'1A4nAWeKvewXCu1ZphR71MgKetL5EBVTUP',NULL,'1',1,0),(674,3,432,0,'2020-06-25 18:10:46','2020-06-25 18:10:46',1,'edpktzsZq3EZCjoCr6F8veJ9TrhoYPGg3XcHAHhWi7ArdAw2FB8pSi',NULL,'tz1gyf72FdctJ9wNox9QvsrvXqgEYyDYHMR8',NULL,'1',1,0),(675,3,432,0,'2020-06-25 18:10:55','2020-06-25 18:10:55',1,'edpktzsZq3EZCjoCr6F8veJ9TrhoYPGg3XcHAHhWi7ArdAw2FB8pSi',NULL,'tz1gyf72FdctJ9wNox9QvsrvXqgEYyDYHMR8',NULL,'1',1,0),(676,1,433,0,'2020-06-25 21:41:26','2020-06-25 21:41:26',1,NULL,NULL,'1Ag1x9gXAvRgBf3MEUPZDWP8SbxSwZbPBd',NULL,'1',1,0),(677,3,433,0,'2020-06-25 21:41:38','2020-06-25 21:41:38',1,'edpkupkKFopFNqPkdAsNy82CDmSfHFEGTWrA9QeLWdhjigtqoa9nDm',NULL,'tz1hsbpqCC2bt4WQBabVkhbQFBMynv5RU9kx',NULL,'1',1,0),(678,1,434,0,'2020-06-26 05:48:40','2020-06-26 05:48:40',1,NULL,NULL,'1nLhMeE1uW66GZFDZDn5R7z3EX1Jgmhq9',NULL,'1',1,0),(679,3,434,0,'2020-06-26 05:48:49','2020-06-26 05:48:49',1,'edpkvYYP4NCH5C32N4UWpN4yjeDYoAtwwrfMiDgH3DYPvduRrvt76K',NULL,'tz1iJA3WFBxUT6MeFENL4vCyzxhHRXKD9A6L',NULL,'1',1,0),(680,1,435,0,'2020-06-26 09:48:40','2020-06-26 09:48:40',1,NULL,NULL,'1FrMSbcC5yvaVuhJkfzunufRVeCVZ1GYfW',NULL,'1',1,0),(681,3,435,0,'2020-06-26 09:48:46','2020-06-26 09:48:46',1,'edpkuZLabkwBmb6s2QPHoB1mUh7tccaMxdVFwxQdStsUJB9DWUjFC2',NULL,'tz1cjpX6eL8tiKsrup3rLdnv6wNtiFYZXfMu',NULL,'1',1,0),(682,1,436,0,'2020-06-30 10:13:43','2020-06-30 10:13:43',1,NULL,NULL,'1V5kTv795dq7tBcJ2DW2kGSTxVSEwoV8g',NULL,'1',1,0),(683,3,436,0,'2020-06-30 10:13:52','2020-06-30 10:13:52',1,'edpktmrU9KE9FjzcTZtVuaRERDb9HQ1tQ8fhEC9jnxoyJKUCFamsJk',NULL,'tz1hERFfUJdMyFFH7vtd8Mz2cUs3KdyL5cuX',NULL,'1',1,0),(684,1,437,0,'2020-06-30 11:48:22','2020-06-30 11:48:22',1,NULL,NULL,NULL,NULL,'1',1,0),(685,3,437,0,'2020-06-30 12:21:58','2020-06-30 12:21:58',1,'edpkvUCwUJDpyeZftjJwe4U9uGAsoWPmwdaRoBRrvYwDAmxMm2zaaj',NULL,'tz1e5TuZHDukNPFEhxL5RABzBx2axQJd7ieJ',NULL,'1',1,0),(686,1,438,0,'2020-07-01 22:17:39','2020-07-01 22:17:39',1,NULL,NULL,'1LkBSEDW2J3NRRMeZSvsoHq6cF4vZSd1bK',NULL,'1',1,0),(687,3,438,0,'2020-07-01 22:18:08','2020-07-01 22:18:08',1,'edpkutYsHP4CjKAX8PKsemD5eg6vGENkgaeML1pWUphMUJn8Wo11vH',NULL,'tz1aZjz9hPbyeCKFjxp5NhSKFM1QeWFy5cbx',NULL,'1',1,0),(688,1,439,0,'2020-07-02 11:30:04','2020-07-02 11:30:04',1,NULL,NULL,'1CLeKARusGMxrbNKqbU6p6arBsT2Rrr9u1',NULL,'1',1,0),(689,3,439,0,'2020-07-02 11:30:15','2020-07-02 11:30:15',1,'edpkuFNrH5aCUYWueUnjRNKpmqG1CxciKnG6FkjAFqjnTW8rJdR7H8',NULL,'tz1c3PkNidj1FYGeRNotD2XNGp8MpV1EZKQA',NULL,'1',1,0),(690,1,440,0,'2020-07-02 14:50:49','2020-07-02 14:50:49',1,NULL,NULL,'18hvhXjjEQeXo7qufaJDXEEmHRcMCX5iBZ',NULL,'1',1,0),(691,3,440,0,'2020-07-02 14:51:02','2020-07-02 14:51:02',1,'edpkvQUeVtwbjFtNkjZUcfyu9XALjTAxexPX1QPgsfiPdC2DYjiNcw',NULL,'tz1WvTxwaVnjzQxrJQ5bC9u9Pyt8YmNfmmfU',NULL,'1',1,0),(692,1,441,0,'2020-07-05 16:28:36','2020-07-05 16:28:36',1,NULL,NULL,'15JvMXtmr72puR7AvRTyi6LdG3o2LebEpw',NULL,'1',1,0),(693,3,441,0,'2020-07-05 16:28:48','2020-07-05 16:28:48',1,'edpktytLFvXAE7CbWRM3f59StFrSHNkJEk5NTafAUU6YQgk2kQpYHQ',NULL,'tz1fjYEks6AXvRy2tkrQxh1Zgcxi1P72n5wY',NULL,'1',1,0),(694,1,442,0,'2020-07-07 21:13:23','2020-07-07 21:13:23',1,NULL,NULL,'135VobNZeNp9i3R77v4vsaeHZk1B9wqGJj',NULL,'1',1,0),(695,3,442,0,'2020-07-07 21:13:32','2020-07-07 21:13:32',1,'edpktjkdA3W5WjaSKhjKBhV55tNXXAQEfR1BDSz984YtgqNUpBwEMc',NULL,'tz1aG1nWTLkYsUZS21dbjZrFs45d67YLCeL4',NULL,'1',1,0),(696,1,443,0,'2020-07-08 11:10:04','2020-07-08 11:10:04',1,NULL,NULL,'13GFFR7CxRSD5rWGfqRginRsGKjBoDsApz',NULL,'1',1,0),(697,3,443,0,'2020-07-08 11:10:14','2020-07-08 11:10:14',1,'edpkuvs6Yos8YHJtiDmh3M7JsvYYJTWNZfoCZpwRdcc8oUe8SNcGBW',NULL,'tz1hMcZo5zXGmdkaLNsxhDkqgAXdvHgUwPMx',NULL,'1',1,0),(698,1,444,0,'2020-07-09 16:50:06','2020-07-09 16:50:06',1,NULL,NULL,'1GH8381vYyPgAGKzDRw2bdu895Wtqd3UGT',NULL,'1',1,0),(699,3,444,0,'2020-07-09 16:50:40','2020-07-09 16:50:40',1,'edpkuuyZenec1T7U7dbEY6HDQLoh8qnioqhs8jKdpCHrdxUDnK9j8M',NULL,'tz1axXL3whqMAsoRVKEsYc15EGw5QE5nFna2',NULL,'1',1,0),(700,1,445,0,'2020-07-10 11:18:17','2020-07-10 11:18:17',1,NULL,NULL,'17jN1KoiXXofko3KTd6Gh8x6EcxtRSb14u',NULL,'1',1,0),(701,3,445,0,'2020-07-10 11:18:30','2020-07-10 11:18:30',1,'edpkutUbyZftAAgnFVELaCHqjCeWb2RDoKj9BRwF7LHJBEYranXu5Q',NULL,'tz1dzix7fiaMhfKnyz9oSnD1EsuY5X4ACNq7',NULL,'1',1,0),(702,1,446,0,'2020-07-10 15:53:00','2020-07-10 15:53:00',1,NULL,NULL,'1EGPVEUxeJcgQU23qSa4pCFVdMT78n5RAf',NULL,'1',1,0),(703,3,446,0,'2020-07-10 15:53:10','2020-07-10 15:53:10',1,'edpktojvUMurH1HuM6JGZgsLU1jKTg6i2uH7P8J7CvuTn2gAyYy3vC',NULL,'tz1f3XvFMc2LUonm89a741ubjst3htnwtZ2i',NULL,'1',1,0),(704,1,447,0,'2020-07-11 16:38:38','2020-07-11 16:38:38',1,NULL,NULL,'17nuCfxPWY3q7CYtJXQaf8NGZqhVjuFHrd',NULL,'1',1,0),(705,3,447,0,'2020-07-11 16:38:47','2020-07-11 16:38:47',1,'edpkvZkqL83Z6M5mDfkppKXVWxGEx7i5t5NpFpSycx2NGs6worNuQ3',NULL,'tz1P9TLSbWBujji17EwZJ8dWyZfeysZU6BzD',NULL,'1',1,0),(706,1,448,0,'2020-07-11 21:15:05','2020-07-11 21:15:05',1,NULL,NULL,'1MQ3tP5C2wtiQS9iWt62oEEVydxrwyctFt',NULL,'1',1,0),(707,3,448,0,'2020-07-11 21:15:19','2020-07-11 21:15:19',1,'edpkvXLc2R7ZZ29vqSan9LdHqjH446ZoPQ4JSHPUiP8ZH3tXcXBeXP',NULL,'tz1akzPkKS6Lbw1eZRS212cpYHmqAc3DuzNq',NULL,'1',1,0),(708,1,449,0,'2020-07-15 09:03:24','2020-07-15 09:03:24',1,NULL,NULL,'12g24a1YjeYno4A3pEkbgv8NT8bEfRZE5S',NULL,'1',1,0),(709,3,449,0,'2020-07-15 09:05:08','2020-07-15 09:05:08',1,'edpkv6NzadJP2ixrz4iXKHTHvXBGk35ped7WxJ68JdafZrJzeLSCbp',NULL,'tz1RTZ5ukUdV255ALEfnY2vH9tw55nRc6FHo',NULL,'1',1,0),(710,1,450,0,'2020-07-15 21:17:20','2020-07-15 21:17:20',1,NULL,NULL,'1BbgnBZLXbs2HUSDthntw343tM6Dx7ySKK',NULL,'1',1,0),(711,3,450,0,'2020-07-15 21:17:34','2020-07-15 21:17:34',1,'edpkvZrdRaxZUQgiBHcLsp6PbUKxkGZReEAiTVbLbK96xNwwKbPNB6',NULL,'tz1SqmGn2rm989dE3zeJUpfi8BoxJeyUn5aK',NULL,'1',1,0),(712,1,451,0,'2020-07-16 22:01:17','2020-07-16 22:01:17',1,NULL,NULL,'1GgKWsM2Y8PVRzocfRCacvtvvaviSt2cP3',NULL,'1',1,0),(713,3,451,0,'2020-07-16 22:01:32','2020-07-16 22:01:32',1,'edpkthNAdSSoprQWSLYXgWb3HwSFUsJc55dAygsCZ9ATvP4V1k1WTs',NULL,'tz1YhY7VPPuuTDNnEzMTPABNJtUgVhhqunEo',NULL,'1',1,0),(714,1,452,0,'2020-07-17 00:38:31','2020-07-17 00:38:31',1,NULL,NULL,'1AAyD8F6vNJY8sqdREVaeFgtSE4qrikw8A',NULL,'1',1,0),(715,3,452,0,'2020-07-17 00:38:41','2020-07-17 00:38:41',1,'edpkueVzJF38phaARDNzx4NenuY4RCMT3dfQiw1ZFnKtgg52KY2fce',NULL,'tz1bW57qHfG4NAhaQ6153Jk22xPvtRDJ1cwG',NULL,'1',1,0),(716,1,453,0,'2020-07-17 05:43:16','2020-07-17 05:43:16',1,NULL,NULL,'18JAwJzvVzpLx38QfozBkSJ5NPTd7Ug5vR',NULL,'1',1,0),(717,3,453,0,'2020-07-17 05:43:24','2020-07-17 05:43:24',1,'edpkur3TKBmo2UZKdoQGhwsgp2H2kKQ96XvYZnYVtb1xwL9acAtquu',NULL,'tz1TuhRVGUWM93bkg2oGqR34RJe64YchXEBS',NULL,'1',1,0),(718,1,454,0,'2020-07-17 09:21:27','2020-07-17 09:21:27',1,NULL,NULL,'1BGULbWpYY3Yh7NPCccGp4QkJUQxbzD2m4',NULL,'1',1,0),(719,3,454,0,'2020-07-17 09:21:46','2020-07-17 09:21:46',1,'edpktki4cTxVbFQTauRgPZ7jEEKiEotLvgxsLggFuAnDSAwMPYVBDu',NULL,'tz1bpsNssV3djpozRB5N3TchbgBrxKbRt11E',NULL,'1',1,0),(720,1,455,0,'2020-07-17 12:02:16','2020-07-17 12:02:16',1,NULL,NULL,'1373nTfp6YGQfcpnzskrwfeES5Tbr11CoT',NULL,'1',1,0),(721,3,455,0,'2020-07-17 12:02:21','2020-07-17 12:02:21',1,'edpkuYZZ3uvjmuEPL698L87Y9RMb4zzf6jEGZ3e2rciZKmxrfJwnnB',NULL,'tz1NQtpaSZPQS7Kjy7943rkBiZhAUsjmXo99',NULL,'1',1,0),(722,1,456,0,'2020-07-18 10:08:47','2020-07-18 10:08:47',1,NULL,NULL,'1ANamSVxTXqhL86begdqpzx9EP1ECJSJtj',NULL,'1',1,0),(723,3,456,0,'2020-07-18 10:08:58','2020-07-18 10:08:58',1,'edpkvUT2p4FcxXN9GaDCkK8e3Dgacw5SGc47XjpaQVxi758GwJGQA3',NULL,'tz1PZQ17KUk2m26aiLXCMkw9MmpF8Rz4pfW1',NULL,'1',1,0),(724,1,457,0,'2020-07-19 10:44:36','2020-07-19 10:44:36',1,NULL,NULL,'1DkLkfqgcxunUQr4369rbNgzy5vQQq4JXG',NULL,'1',1,0),(725,3,457,0,'2020-07-19 10:47:23','2020-07-19 10:47:23',1,'edpkujivwGcBv3uq3XwfUovZTHRXHzANwU4AMkorzkvSZyusgHJgVL',NULL,'tz1WoE3WRtTjVaS3QRHohngL8ySg3wfoeDy1',NULL,'1',1,0),(726,1,458,0,'2020-07-19 15:10:02','2020-07-19 15:10:02',1,NULL,NULL,NULL,NULL,'1',1,0),(727,1,459,0,'2020-07-19 17:13:42','2020-07-19 17:13:42',1,NULL,NULL,'1J8XK3TQvK6L7dJr4eEv5w5m45jEY7yedx',NULL,'1',1,0),(728,3,459,0,'2020-07-19 17:13:50','2020-07-19 17:13:50',1,'edpkucGfu49ZcvmNLMVyzJ5e2eXjYELKQcVS3jS5Hf191Yuw6XkoTW',NULL,'tz1YQHqeyhJQiuTk17hmkcLGyDtEfZFyXyik',NULL,'1',1,0),(729,1,460,0,'2020-07-20 14:39:13','2020-07-20 14:39:13',1,NULL,NULL,NULL,NULL,'1',1,0),(730,1,461,0,'2020-07-20 14:39:16','2020-07-20 14:39:16',1,NULL,NULL,'1LJCMeS7DQ6Eg2Cox8XtB14uUx1xSDPe8i',NULL,'1',1,0),(731,3,461,0,'2020-07-20 14:39:22','2020-07-20 14:39:22',1,'edpkuunLbweGrmRGeQiXYQMNBnScgq1f6ADEQmrsJ9RTu9J8PM4E99',NULL,'tz1TNrUnn8vYuhonJ4ps5noXzyHyJQhK3tLa',NULL,'1',1,0),(732,1,462,0,'2020-07-21 09:02:48','2020-07-21 09:02:48',1,NULL,NULL,'1B797RshjP6fAmgC1ANiEKHwjcJZLKKRv',NULL,'1',1,0),(733,3,462,0,'2020-07-21 09:03:07','2020-07-21 09:03:07',1,'edpkumJDYBV3smLDm8Xk4W8n3m1gtSpm1Rh5uVNdEWVdKTNmSP1vSz',NULL,'tz1PuNpuMeAj8poPkQ87hxwQcoNUYUXbaFkZ',NULL,'1',1,0),(734,1,463,0,'2020-07-21 11:06:48','2020-07-21 11:06:48',1,NULL,NULL,'12ksEYFt6PGUsBX62wKB3BbPu8uNvMrkQD',NULL,'1',1,0),(735,3,463,0,'2020-07-21 11:07:00','2020-07-21 11:07:00',1,'edpkv82JnZQLWkjHXzixKE6HqRknpDqYN9JXLGsNg1Z4H7GQSwZZbj',NULL,'tz1LRqbi2XuAMzoUurvLFcDd1GMzgsKAh5L3',NULL,'1',1,0),(736,1,464,0,'2020-07-21 14:15:38','2020-07-21 14:15:38',1,NULL,NULL,NULL,NULL,'1',1,0),(737,3,464,0,'2020-07-21 14:15:52','2020-07-21 14:15:52',1,'edpkuuRQpjPeBiRv7LRU86ZZbXrQRpx2fwKZwdCytGyuqwRCnHL6cY',NULL,'tz1dk3fjmGeUzVzYNU7aKeGYdrbsJtTiSb8c',NULL,'1',1,0),(738,1,465,0,'2020-07-21 17:49:07','2020-07-21 17:49:07',1,NULL,NULL,'1Cqw6591PruaXZHe2GSycUtzdVTN1J4ust',NULL,'1',1,0),(739,3,465,0,'2020-07-21 17:49:23','2020-07-21 17:49:23',1,'edpkuErU9hZDmNHHPDpjNSCQPoJ4Q2qjXWerwURArfRz7Z1mM5BtCt',NULL,'tz1Nu2UZsLxSrdmKiWpxyiy6Ncvb577guKHL',NULL,'1',1,0),(740,1,466,0,'2020-07-21 20:28:11','2020-07-21 20:28:11',1,NULL,NULL,'131KYSJhpXJ6QxpjEU3vDPZDnMZZZJuC9x',NULL,'1',1,0),(741,3,466,0,'2020-07-21 20:28:21','2020-07-21 20:28:21',1,'edpkvAuQLB23agMPS6bkGfXNzXbB4Gm7QR4gEvGBFa16au5bvQTUUx',NULL,'tz1Q1ia1rEJpU66CGUxBjmMGWrtbsscknJV6',NULL,'1',1,0),(742,1,467,0,'2020-07-21 22:17:31','2020-07-21 22:17:31',1,NULL,NULL,'1EYshKXFyY28PVLSiccVDxizcv8PtRqPp1',NULL,'1',1,0),(743,3,467,0,'2020-07-21 22:17:45','2020-07-21 22:17:45',1,'edpkuJT4SMSGLwR9Jo1Acy3ZQRwTUvnkzkDtEWkxFjKJtkPaJJKBkd',NULL,'tz1YS9jkSAT9jwinLkt8LaNFVCuWqccAdnir',NULL,'1',1,0),(744,1,468,0,'2020-07-22 18:19:34','2020-07-22 18:19:34',1,NULL,NULL,'1LdNLZAtVUCfonyWEVZuGCvtBVp2cA2hBy',NULL,'1',1,0),(745,3,468,0,'2020-07-22 18:19:49','2020-07-22 18:19:49',1,'edpku7cJnvQqX9aYmWibBxNmmf8zCiKe5xH2Ge5HLJigNTxCKiizhe',NULL,'tz1U83RyKX5hqAk8MJ4b6oFtr3jmzSJdVNba',NULL,'1',1,0),(746,1,469,0,'2020-07-24 21:39:16','2020-07-24 21:39:16',1,NULL,NULL,'16VzD3ysmbqYGuADfqiRQtTeVbt9q3qXB7',NULL,'1',1,0),(747,3,469,0,'2020-07-24 21:39:23','2020-07-24 21:39:23',1,'edpkv3cS86SCutDsPW66ksBmZHVfMLh487f9sm8i5moKbDin1v5JrT',NULL,'tz1S9kvXWf64se6hQa8hGK4E19aVvheKon61',NULL,'1',1,0),(748,1,470,0,'2020-07-25 08:38:49','2020-07-25 08:38:49',1,NULL,NULL,'1EoUizJeqvq4768ag9kuBYhmKv72kCQx3x',NULL,'1',1,0),(749,3,470,0,'2020-07-25 08:39:17','2020-07-25 08:39:17',1,'edpkuWbUWicgsZtXWdzDweD2CiMrkppq6cSGGY8cDsKLtth71b9NbF',NULL,'tz1fsyNgsBgymjV3yNSeWQojep85L5Mgtarn',NULL,'1',1,0),(750,1,471,0,'2020-07-25 11:23:42','2020-07-25 11:23:42',1,NULL,NULL,'1MNbS19YM2SNj61dhtfRaKcnyL1YmnZhcL',NULL,'1',1,0),(751,3,471,0,'2020-07-25 11:23:53','2020-07-25 11:23:53',1,NULL,NULL,'tz1fGVqjnHhMMLEaR6Axcd3TQugt7uiSe4m3',NULL,'1',1,0),(877,1,537,0,'2020-08-20 10:35:19','2020-08-20 10:35:19',1,NULL,NULL,'1GuvQhMK53GSpMW5YicD43w71zWAJuBj5d',NULL,'1',1,0),(752,1,472,0,'2020-07-25 11:30:04','2020-07-25 11:30:04',1,NULL,NULL,'16mJgWSs6Ya43Ercy7v5yJXHSV5fy9uesa',NULL,'1',1,0),(753,3,472,0,'2020-07-25 11:30:40','2020-07-25 11:30:40',1,'edpktz4fmAKDePrQGvDuwi2bPpYZN7XmRJPMFMG5MGFhMbcDMzi3B8',NULL,'tz1bXNnq3N7kQxWgina92tu7QyHgFC1FmdYk',NULL,'1',1,0),(754,1,473,0,'2020-07-28 07:05:58','2020-07-28 07:05:58',1,NULL,NULL,'19y3FuobKjG9fw73XmYqszQY7DKAuMN7Nd',NULL,'1',1,0),(755,3,473,0,'2020-07-28 07:06:08','2020-07-28 07:06:08',1,'edpkth3oGHwz95RfPJdARAAhuEzqWY2g62QyrMwrMW6knETebj5S1a',NULL,'tz1c7JtRvKcFQwaC1vfEn39YmvVnpGtDpArx',NULL,'1',1,0),(756,1,474,0,'2020-07-28 10:06:44','2020-07-28 10:06:44',1,NULL,NULL,'16Spdcq4pCqBHhzxzAyd51TvB5jCKw4nxd',NULL,'1',1,0),(757,3,474,0,'2020-07-28 10:06:53','2020-07-28 10:06:53',1,'edpkuE7ihDkSkLFayWFkyqwHHWic5xyG9qWyPs1VQLB6Ti3N6zp7Ta',NULL,'tz1dckL8b9QGdWkydcyom3GCUYofWhWvfS4u',NULL,'1',1,0),(758,1,475,0,'2020-07-29 09:58:18','2020-07-29 09:58:18',1,NULL,NULL,'1C2CZu5XMi8471cDz4R5r7h2hTFB2vFmgM',NULL,'1',1,0),(759,3,475,0,'2020-07-29 09:58:39','2020-07-29 09:58:39',1,'edpktj59uMnX86ehgZm4UUY51V8LZY5hTveTCCyWmEdZ2qqZVx3cZz',NULL,'tz1ZsQqsMevJzM7YsXGDTBeEdP593tYYZgkc',NULL,'1',1,0),(760,1,476,0,'2020-07-29 10:45:02','2020-07-29 10:45:02',1,NULL,NULL,'1DruLXzujLmSVzv4XdvNLrhQAoNiZwZsec',NULL,'1',1,0),(761,3,476,0,'2020-07-29 10:45:16','2020-07-29 10:45:16',1,'edpkvaa36FvRqzhx7RZdg4Fzk4399h49tu2fADwNQEoshryZu44c7W',NULL,'tz1S9ofvTgixRSyTz56jAUEUkz8rAhCQUPGa',NULL,'1',1,0),(762,1,477,0,'2020-07-29 10:56:45','2020-07-29 10:56:45',1,NULL,NULL,NULL,NULL,'1',1,0),(763,1,478,0,'2020-07-29 10:56:50','2020-07-29 10:56:50',1,NULL,NULL,'1AMKQCJrqh9t4t5CS43tezb3wA2gWr2gT8',NULL,'1',1,0),(764,3,478,0,'2020-07-29 10:57:11','2020-07-29 10:57:11',1,'edpktyv6FNvBGeyzRQZfZtHyhm7ff1bhEfzC5m7xqJXvkq1Akgnsfd',NULL,'tz1LAtBoEzK8X6FB9UheMUHL3y8jmBL7LavN',NULL,'1',1,0),(767,1,480,0,'2020-07-31 16:09:38','2020-07-31 16:09:38',1,NULL,NULL,NULL,NULL,'1',1,0),(768,3,480,0,'2020-07-31 16:09:38','2020-07-31 16:09:38',1,NULL,NULL,'tz1hjj37e2ekbPUL2xh1D9xFMbD29kHUaY1w',NULL,'1',1,0),(769,1,481,0,'2020-08-01 07:50:36','2020-08-01 07:50:36',1,NULL,NULL,'12t6B1eQoaBWtpovjybsXvwLjJBu2eGRUh',NULL,'1',1,0),(770,3,481,0,'2020-08-01 07:50:36','2020-08-01 07:50:36',1,NULL,NULL,'tz1TXB2T6n1dHjcb41zShFSZr6uerDjpFHM1',NULL,'1',1,0),(771,1,482,0,'2020-08-01 15:40:30','2020-08-01 15:40:30',1,NULL,NULL,NULL,NULL,'1',1,0),(772,3,482,0,'2020-08-01 15:40:30','2020-08-01 15:40:30',1,NULL,NULL,'tz1Qi9i8YfoFwqkQURrsZAbR6dAkAPu4JLNE',NULL,'1',1,0),(773,1,483,0,'2020-08-01 15:47:07','2020-08-01 15:47:07',1,NULL,NULL,'135eo2jP5jM5wjfBi4RwfPYxmcJEtf87vd',NULL,'1',1,0),(774,3,483,0,'2020-08-01 15:47:07','2020-08-01 15:47:07',1,NULL,NULL,'tz1asoqYwdWrNonLKffK2qqjBZ4dmBcYRqnJ',NULL,'1',1,0),(775,1,484,0,'2020-08-01 15:51:22','2020-08-01 15:51:22',1,NULL,NULL,NULL,NULL,'1',1,0),(776,3,484,0,'2020-08-01 15:51:22','2020-08-01 15:51:22',1,NULL,NULL,'tz1UQttzpBRhuNjXDEfddQJWfSbs3znmjiZU',NULL,'1',1,0),(777,1,485,0,'2020-08-01 15:55:28','2020-08-01 15:55:28',1,NULL,NULL,'17BkvkTKBmaApcKZvRrNpw5yGUJH1BQXUH',NULL,'1',1,0),(778,3,485,0,'2020-08-01 15:55:28','2020-08-01 15:55:28',1,NULL,NULL,'tz1PYYQsN8QNBEocp98H8Kk19sUmcQ9n3RsV',NULL,'1',1,0),(779,1,486,0,'2020-08-01 16:01:01','2020-08-01 16:01:01',1,NULL,NULL,NULL,NULL,'1',1,0),(780,3,486,0,'2020-08-01 16:01:01','2020-08-01 16:01:01',1,NULL,NULL,'tz1epz6rcCPPC65tBL67Lezv3h62yeWYPSNt',NULL,'1',1,0),(781,1,487,0,'2020-08-01 16:02:58','2020-08-01 16:02:58',1,NULL,NULL,NULL,NULL,'1',1,0),(782,3,487,0,'2020-08-01 16:02:58','2020-08-01 16:02:58',1,NULL,NULL,'tz1hsj64MzSA2UzhAq7VQ3RUdd9z6JcVNEk4',NULL,'1',1,0),(783,1,488,0,'2020-08-01 16:14:17','2020-08-01 16:14:17',1,NULL,NULL,NULL,NULL,'1',1,0),(784,3,488,0,'2020-08-01 16:14:17','2020-08-01 16:14:17',1,NULL,NULL,'tz1RwRiBHtQEuJHatacDKyB9MX9ykUjgtJty',NULL,'1',1,0),(785,1,489,0,'2020-08-01 16:16:47','2020-08-01 16:16:47',1,NULL,NULL,'1J5QHYNvkw6PkFphuoy3JZb1VCjVE1Nbf4',NULL,'1',1,0),(786,3,489,0,'2020-08-01 16:16:47','2020-08-01 16:16:47',1,NULL,NULL,'tz1bwvKtSwPQpui6xwK7HdGFbiNmjivQWS12',NULL,'1',1,0),(787,1,490,0,'2020-08-01 16:22:08','2020-08-01 16:22:08',1,NULL,NULL,NULL,NULL,'1',1,0),(788,3,490,0,'2020-08-01 16:22:08','2020-08-01 16:22:08',1,NULL,NULL,'tz1dz7LC5DLHX8yim3gVDuva8FM1beiEJm3o',NULL,'1',1,0),(789,1,491,0,'2020-08-01 18:25:40','2020-08-01 18:25:40',1,NULL,NULL,NULL,NULL,'1',1,0),(790,3,491,0,'2020-08-01 18:25:40','2020-08-01 18:25:40',1,NULL,NULL,'tz1YhdYeYwkhNwgSFrAEwyYciyBnkgzJf2th',NULL,'1',1,0),(791,1,492,0,'2020-08-01 20:57:15','2020-08-01 20:57:15',1,NULL,NULL,NULL,NULL,'1',1,0),(792,3,492,0,'2020-08-01 20:57:15','2020-08-01 20:57:15',1,NULL,NULL,'tz1Wwhx93Nqnm4SiGs89kUAFBEG26YEAZZ8n',NULL,'1',1,0),(793,1,493,0,'2020-08-01 21:27:39','2020-08-01 21:27:39',1,NULL,NULL,NULL,NULL,'1',1,0),(794,3,493,0,'2020-08-01 21:27:39','2020-08-01 21:27:39',1,NULL,NULL,'tz1T6wuCAGW8TJjHTppztnkbB8JZZQZ1XxGU',NULL,'1',1,0),(795,1,494,0,'2020-08-01 22:55:33','2020-08-01 22:55:33',1,NULL,NULL,NULL,NULL,'1',1,0),(796,3,494,0,'2020-08-01 22:55:33','2020-08-01 22:55:33',1,NULL,NULL,'tz1LCuBHekVoGjonc8ur3aYgB1LvyB4DBtFt',NULL,'1',1,0),(797,1,495,0,'2020-08-02 07:07:48','2020-08-02 07:07:48',1,NULL,NULL,NULL,NULL,'1',1,0),(798,3,495,0,'2020-08-02 07:07:48','2020-08-02 07:07:48',1,NULL,NULL,'tz1aowb6hcDzWqiKnuWAikqh4dyeSnYszsAn',NULL,'1',1,0),(799,1,496,0,'2020-08-02 10:50:04','2020-08-02 10:50:04',1,NULL,NULL,NULL,NULL,'1',1,0),(800,3,496,0,'2020-08-02 10:50:04','2020-08-02 10:50:04',1,NULL,NULL,'tz1b7jewxyKhXxst4qdUKR8Hc4TtnRSYMhST',NULL,'1',1,0),(801,1,497,0,'2020-08-02 11:16:39','2020-08-02 11:16:39',1,NULL,NULL,NULL,NULL,'1',1,0),(802,3,497,0,'2020-08-02 11:16:39','2020-08-02 11:16:39',1,NULL,NULL,'tz1Ppim9ucL1pTFPn1dq1ZtZdxov9mTGEM77',NULL,'1',1,0),(803,1,498,0,'2020-08-02 12:37:14','2020-08-02 12:37:14',1,NULL,NULL,'1FSDc27tyNbWrMZov7iAo6323dpXNVfzkm',NULL,'1',1,0),(804,3,498,0,'2020-08-02 12:37:14','2020-08-02 12:37:14',1,NULL,NULL,'tz1gpq8krJx1RCYZsVFMBvQGg9gaPWPqm6ye',NULL,'1',1,0),(805,1,499,0,'2020-08-02 13:02:44','2020-08-02 13:02:44',1,NULL,NULL,'1FUPpDKN9miS7AR2B1XhEG6k3bmnEHKfKL',NULL,'1',1,0),(806,3,499,0,'2020-08-02 13:02:44','2020-08-02 13:02:44',1,NULL,NULL,'tz1hUhgHKvF94cjNrYdMA9Uwogw9mGjmMGG3',NULL,'1',1,0),(807,1,500,0,'2020-08-02 15:00:48','2020-08-02 15:00:48',1,NULL,NULL,'13jUUJuwAgDr6FxcVMbYTZyMMxSt2KmaKV',NULL,'1',1,0),(808,3,500,0,'2020-08-02 15:00:48','2020-08-02 15:00:48',1,NULL,NULL,'tz1RS5FDKkWT37GMmoYt8hAQmenun7myr21u',NULL,'1',1,0),(809,1,501,0,'2020-08-03 08:25:59','2020-08-03 08:25:59',1,NULL,NULL,NULL,NULL,'1',1,0),(810,3,501,0,'2020-08-03 08:25:59','2020-08-03 08:25:59',1,NULL,NULL,'tz1eu2HwzS5JLCgP1dejHFkx6zUrcHgeDHvM',NULL,'1',1,0),(811,1,502,0,'2020-08-03 10:55:16','2020-08-03 10:55:16',1,NULL,NULL,'1Bwx1XCGi5yj34ewyiFTsTVSCfgYXUaQBB',NULL,'1',1,0),(812,3,502,0,'2020-08-03 10:55:16','2020-08-03 10:55:16',1,NULL,NULL,'tz1dE6tfLam9ChbN1vtpiJ9UWCiT2FkuTpbw',NULL,'1',1,0),(813,1,503,0,'2020-08-03 11:11:53','2020-08-03 11:11:53',1,NULL,NULL,NULL,NULL,'1',1,0),(814,3,503,0,'2020-08-03 11:11:53','2020-08-03 11:11:53',1,NULL,NULL,'tz1Puuxg1KLp4LzSobjdtPiafpStydDfEZGp',NULL,'1',1,0),(815,1,504,0,'2020-08-03 14:31:42','2020-08-03 14:31:42',1,NULL,NULL,'1QYZv7HxZQhdEHkTVnHyBzAh8J46NnM78',NULL,'1',1,0),(816,3,504,0,'2020-08-03 14:31:42','2020-08-03 14:31:42',1,NULL,NULL,'tz1NrK5VaDn8aR1KmkputXVBmriQzKkT2bDa',NULL,'1',1,0),(817,1,505,0,'2020-08-03 17:28:41','2020-08-03 17:28:41',1,NULL,NULL,NULL,NULL,'1',1,0),(818,3,505,0,'2020-08-03 17:28:41','2020-08-03 17:28:41',1,NULL,NULL,'tz1V2VksP15AhpbSRdoJWaZJsGARc3u4dyNp',NULL,'1',1,0),(819,1,506,0,'2020-08-04 01:55:46','2020-08-04 01:55:46',1,NULL,NULL,NULL,NULL,'1',1,0),(820,3,506,0,'2020-08-04 01:55:46','2020-08-04 01:55:46',1,NULL,NULL,'tz1YdMN5ZZERJcG7PLpuxZ1wY6uCKYkeFLyf',NULL,'1',1,0),(822,3,507,0,'2020-08-04 19:56:08','2020-08-04 19:56:08',1,NULL,NULL,'tz1TJikBu7XRna1LpeespdfyG2oEbLrPqgdP',NULL,'1',1,0),(823,1,509,0,'2020-08-05 09:56:20','2020-08-05 09:56:20',1,NULL,NULL,NULL,NULL,'1',1,0),(824,3,509,0,'2020-08-05 09:56:20','2020-08-05 09:56:20',1,NULL,NULL,'tz1d3p6nkS1yxKTYxNv7HErQacRW2eNEQRza',NULL,'1',1,0),(825,1,510,0,'2020-08-05 10:34:53','2020-08-05 10:34:53',1,NULL,NULL,'1G1YYgD19AhHo88LWPKeUWG5vsgQNVqQnT',NULL,'1',1,0),(826,3,510,0,'2020-08-05 10:34:53','2020-08-05 10:34:53',1,NULL,NULL,'tz1YhY7VPPuuTDNnEzMTPABNJtUgVhhqunEo',NULL,'1',1,0),(827,1,511,0,'2020-08-05 15:36:03','2020-08-05 15:36:03',1,NULL,NULL,'16Hi3v9QJKEZnExG4dUqVJu7VsWsNkGZbr',NULL,'1',1,0),(828,3,511,0,'2020-08-05 15:36:03','2020-08-05 15:36:03',1,NULL,NULL,'tz1TjXtnHRo91KFSJgvzu7wwfJbt432dPiTk',NULL,'1',1,0),(829,1,512,0,'2020-08-05 21:11:57','2020-08-05 21:11:57',1,NULL,NULL,'17Em7fLvjBdkeQM49nYKMLWuWVMVQuZsPj',NULL,'1',1,0),(830,3,512,0,'2020-08-05 21:11:57','2020-08-05 21:11:57',1,NULL,NULL,'tz1N3H18aEentBEgGAuDUkJG51i1jhqdqEvQ',NULL,'1',1,0),(831,1,513,0,'2020-08-06 19:01:16','2020-08-06 19:01:16',1,NULL,NULL,NULL,NULL,'1',1,0),(832,3,513,0,'2020-08-06 19:01:16','2020-08-06 19:01:16',1,NULL,NULL,'tz1cazUN5pfrH6FUMcMspbswkQ5qusNCXwvr',NULL,'1',1,0),(833,1,514,0,'2020-08-07 20:58:35','2020-08-07 20:58:35',1,NULL,NULL,NULL,NULL,'1',1,0),(834,3,514,0,'2020-08-07 20:58:35','2020-08-07 20:58:35',1,NULL,NULL,'tz1gXuVf6683TSDCZ2E3Sgfv5JUhgBFVH5Ud',NULL,'1',1,0),(836,3,515,0,'2020-08-08 16:28:39','2020-08-08 16:28:39',1,NULL,NULL,'tz1VNZ4WKBi1yrCLYYyy6kapJsFJZeVgj9YN',NULL,'1',1,0),(837,1,516,0,'2020-08-09 10:50:03','2020-08-09 10:50:03',1,NULL,NULL,NULL,NULL,'1',1,0),(838,3,516,0,'2020-08-09 10:50:03','2020-08-09 10:50:03',1,NULL,NULL,'tz1QLaqDJwbccN9AtTHficJnTLZMXwiRra8Q',NULL,'1',1,0),(839,1,517,0,'2020-08-09 11:33:15','2020-08-09 11:33:15',1,NULL,NULL,'1E1Ss5oCe53tximYccnEHZ1pmtejAUw7q',NULL,'1',1,0),(840,3,517,0,'2020-08-09 11:33:15','2020-08-09 11:33:15',1,NULL,NULL,'tz1Z1LG8UJKc5741W3kwix6TvHnA1fcmoro4',NULL,'1',1,0),(841,1,518,0,'2020-08-09 15:34:37','2020-08-09 15:34:37',1,NULL,NULL,NULL,NULL,'1',1,0),(842,3,518,0,'2020-08-09 15:34:37','2020-08-09 15:34:37',1,NULL,NULL,'tz1ToZncB6Ti2TTDm3eo55Z4PdaKPxyW23gu',NULL,'1',1,0),(843,1,519,0,'2020-08-09 17:56:26','2020-08-09 17:56:26',1,NULL,NULL,'1B3H4KegYREDncnheReCe2RDUxiQtR2GVk',NULL,'1',1,0),(844,3,519,0,'2020-08-09 17:56:26','2020-08-09 17:56:26',1,NULL,NULL,'tz1TXB2T6n1dHjcb41zShFSZr6uerDjpFHM1',NULL,'1',1,0),(845,1,520,0,'2020-08-09 19:46:07','2020-08-09 19:46:07',1,NULL,NULL,'1LKScNB9jHqdV9frRV3iAWu2xhCYgQQDqP',NULL,'1',1,0),(846,3,520,0,'2020-08-09 19:46:07','2020-08-09 19:46:07',1,NULL,NULL,'tz1V1N9kUzGkPE7ZwBb3fiZZ6w9cuardLMZT',NULL,'1',1,0),(847,1,521,0,'2020-08-09 21:38:56','2020-08-09 21:38:56',1,NULL,NULL,NULL,NULL,'1',1,0),(848,3,521,0,'2020-08-09 21:38:56','2020-08-09 21:38:56',1,NULL,NULL,'tz1VN5V995ruWo5pY7cb2ZJFmSQrBV3ykSj6',NULL,'1',1,0),(849,1,523,0,'2020-08-10 11:38:41','2020-08-10 11:38:41',1,NULL,NULL,'18gf7mx2SrfAq1pAv1MAcTsyg46K2sWZqx',NULL,'1',1,0),(850,3,523,0,'2020-08-10 11:38:41','2020-08-10 11:38:41',1,NULL,NULL,'tz1YtDfdkz29zPw6yNKgHn5uapUWKNMsE2Qs',NULL,'1',1,0),(851,1,524,0,'2020-08-10 11:42:19','2020-08-10 11:42:19',1,NULL,NULL,'1KUstTqd5BQLfRAyTPthSHus8n5AgojETx',NULL,'1',1,0),(852,3,524,0,'2020-08-10 11:42:19','2020-08-10 11:42:19',1,NULL,NULL,'tz1Zutw82yrex1oSwwL7JfTxGugbHmFxkqZs',NULL,'1',1,0),(853,1,525,0,'2020-08-10 12:55:10','2020-08-10 12:55:10',1,NULL,NULL,'125KLT9xQFcGSQB6KQxxA95uzmdsUMG1bd',NULL,'1',1,0),(854,3,525,0,'2020-08-10 12:55:10','2020-08-10 12:55:10',1,NULL,NULL,'tz1dtj6sCSkLsZvkNsanFu67B3q3NaL1kUQK',NULL,'1',1,0),(855,1,526,0,'2020-08-10 15:31:04','2020-08-10 15:31:04',1,NULL,NULL,NULL,NULL,'1',1,0),(856,3,526,0,'2020-08-10 15:31:04','2020-08-10 15:31:04',1,NULL,NULL,'tz1eQGNCzQNc17CJqvXhaV2iScsTCrfBPPdb',NULL,'1',1,0),(857,1,527,0,'2020-08-10 19:13:12','2020-08-10 19:13:12',1,NULL,NULL,NULL,NULL,'1',1,0),(858,3,527,0,'2020-08-10 19:13:12','2020-08-10 19:13:12',1,NULL,NULL,'tz1KxwFykyvWiwLnW49gt9sC1qjHf26wgEcU',NULL,'1',1,0),(859,1,528,0,'2020-08-11 13:53:41','2020-08-11 13:53:41',1,NULL,NULL,'16Z5PJxEMbgx4iz7oWEXEeQpxmCujF1GCf',NULL,'1',1,0),(860,3,528,0,'2020-08-11 13:53:41','2020-08-11 13:53:41',1,NULL,NULL,'tz1RsXoCwNFb8s1oxUgzZBbiFiwDbcveQHzh',NULL,'1',1,0),(861,1,529,0,'2020-08-12 01:42:51','2020-08-12 01:42:51',1,NULL,NULL,'14ArWRAPtG5bc5tYhAYakNJ1fqpqtYmdDA',NULL,'1',1,0),(862,3,529,0,'2020-08-12 01:42:51','2020-08-12 01:42:51',1,NULL,NULL,'tz1T89ScdBpVQvaJN4cNY13iwxrF52Csuc74',NULL,'1',1,0),(863,1,530,0,'2020-08-12 11:06:58','2020-08-12 11:06:58',1,NULL,NULL,'18yFmu5YxL9uMjQzVqAaVvd4nNbNDC7ogC',NULL,'1',1,0),(864,3,530,0,'2020-08-12 11:06:58','2020-08-12 11:06:58',1,NULL,NULL,'tz1PkHfKYTTmM8jmXE3Vmv7TWTHKhXDe58Gs',NULL,'1',1,0),(865,1,531,0,'2020-08-12 13:08:53','2020-08-12 13:08:53',1,NULL,NULL,'17uZnovd6JGam7rrGR8fwYLpD1qJUvc4Nm',NULL,'1',1,0),(866,3,531,0,'2020-08-12 13:08:53','2020-08-12 13:08:53',1,NULL,NULL,'tz1NGdQtfaG721LyjUMyvYf1zfpXhHpiP49h',NULL,'1',1,0),(867,1,532,0,'2020-08-12 20:51:04','2020-08-12 20:51:04',1,NULL,NULL,'1MuecGZg63fXHZqjrMa7BE5XPjN53rmb2L',NULL,'1',1,0),(868,3,532,0,'2020-08-12 20:51:04','2020-08-12 20:51:04',1,NULL,NULL,'tz1WwP9wobkcDe38J6SgC9LubSzLMHvFmEMT',NULL,'1',1,0),(869,1,533,0,'2020-08-16 17:06:28','2020-08-16 17:06:28',1,NULL,NULL,'1CgL8G2eaRGkEic36MKHtC12jm8giNExpf',NULL,'1',1,0),(870,3,533,0,'2020-08-16 17:06:28','2020-08-16 17:06:28',1,NULL,NULL,'tz1NMXbgwAeAnqsx9CYQipw5Z2Eayy8npbKF',NULL,'1',1,0),(871,1,534,0,'2020-08-18 07:33:37','2020-08-18 07:33:37',1,NULL,NULL,'1CeSuVojJX1Scyk7FgDxMAFuB5fK91f3hV',NULL,'1',1,0),(872,3,534,0,'2020-08-18 07:33:37','2020-08-18 07:33:37',1,NULL,NULL,'tz1S2VEA87miyfw1vjGv7Nms2BbzFX7Lp1h6',NULL,'1',1,0),(873,1,535,0,'2020-08-19 19:06:05','2020-08-19 19:06:05',1,NULL,NULL,'1JfhVTtgaGeef1TbAvrc8mkDqC3UKsTT2d',NULL,'1',1,0),(874,3,535,0,'2020-08-19 19:06:05','2020-08-19 19:06:05',1,NULL,NULL,'tz1MdhtbwheA6y6LMar4w6QSiwu845ru7K5D',NULL,'1',1,0),(875,1,536,0,'2020-08-20 02:17:26','2020-08-20 02:17:26',1,NULL,NULL,'1AmCZStR8f4d77tVPSJBt5eGs9FWv8q8Xm',NULL,'1',1,0),(876,3,536,0,'2020-08-20 02:17:26','2020-08-20 02:17:26',1,NULL,NULL,'tz1fGVqjnHhMMLEaR6Axcd3TQugt7uiSe4m3',NULL,'1',1,0),(878,3,537,0,'2020-08-20 10:35:19','2020-08-20 10:35:19',1,NULL,NULL,'tz1NPZoKmBCTqxtv6hDPsufVcpX55XRiBhLX',NULL,'1',1,0),(879,1,538,0,'2020-08-20 13:21:58','2020-08-20 13:21:58',1,NULL,NULL,'14PR6C3mA4pgbHEYGGUtBjtoqBoC6i5onA',NULL,'1',1,0),(880,3,538,0,'2020-08-20 13:21:58','2020-08-20 13:21:58',1,NULL,NULL,'tz1R67t2vCNkX1jyVhztAT3kXQxg2rRQfWjt',NULL,'1',1,0),(881,1,539,0,'2020-08-20 19:28:38','2020-08-20 19:28:38',1,NULL,NULL,'1BY2gs4B4DtEKdYfpSCsfDXGu4gNmLXke2',NULL,'1',1,0),(882,3,539,0,'2020-08-20 19:28:38','2020-08-20 19:28:38',1,NULL,NULL,'tz1LvN1L3qQ6yrEPWum4H8CVg5FNtmjFqsos',NULL,'1',1,0),(883,1,540,0,'2020-08-20 19:37:51','2020-08-20 19:37:51',1,NULL,NULL,'1Jxw8BQinZ4z3bEHH2FEmbnoUg9nMBUx7J',NULL,'1',1,0),(884,3,540,0,'2020-08-20 19:37:51','2020-08-20 19:37:51',1,NULL,NULL,'tz1PkrzNyeXBXb1Esy9owDh1GH8hcGG2ATW1',NULL,'1',1,0),(885,1,541,0,'2020-08-22 04:46:03','2020-08-22 04:46:03',1,NULL,NULL,'125FV2HTe9bnA95Ey14n9BEYGsRTtJETrd',NULL,'1',1,0),(886,3,541,0,'2020-08-22 04:46:03','2020-08-22 04:46:03',1,NULL,NULL,'tz1S9LnwZkgjYsidcxUC2TFx1mmRVUA1MJrt',NULL,'1',1,0),(887,1,543,0,'2020-08-23 07:40:11','2020-08-23 07:40:11',1,NULL,NULL,'1PyybZKJ2tuxYXjMtBT1Qt9KZDjaSbvcQd',NULL,'1',1,0),(888,3,543,0,'2020-08-23 07:40:11','2020-08-23 07:40:11',1,NULL,NULL,'tz1NY5b3hsvBh3eCdpVz8nWQsC7XsQnm1fpC',NULL,'1',1,0),(889,1,544,0,'2020-08-23 11:40:05','2020-08-23 11:40:05',1,NULL,NULL,'18veLnmwua1hiBbhKZ4BksWwkMMUGtMQAN',NULL,'1',1,0),(890,3,544,0,'2020-08-23 11:40:05','2020-08-23 11:40:05',1,NULL,NULL,'tz1hbGPdP2BxiKtFiYwjXvZxxd3LqxwLKq27',NULL,'1',1,0),(891,1,545,0,'2020-08-23 13:13:02','2020-08-23 13:13:02',1,NULL,NULL,'14DmKbe2FW8h7iEZamyspzP6JxdRTFpdLW',NULL,'1',1,0),(892,3,545,0,'2020-08-23 13:13:02','2020-08-23 13:13:02',1,NULL,NULL,'tz1hzk9Y1eHBSZEWDSTdW1M63jJsn1TorTnH',NULL,'1',1,0),(893,1,546,0,'2020-08-23 20:06:05','2020-08-23 20:06:05',1,NULL,NULL,'16wC6cJNMHmeJZZmw4ftE1HEMQYTgk1K2',NULL,'1',1,0),(894,3,546,0,'2020-08-23 20:06:05','2020-08-23 20:06:05',1,NULL,NULL,'tz1fm7NWaq1Yc11dMFV1a5dkMH2H7Ra8kkX7',NULL,'1',1,0),(895,1,547,0,'2020-08-24 02:49:35','2020-08-24 02:49:35',1,NULL,NULL,'138sQmVwEYVhvXoH4Z3xUWomtkZW7v9i39',NULL,'1',1,0),(896,3,547,0,'2020-08-24 02:49:35','2020-08-24 02:49:35',1,NULL,NULL,'tz1b51WF67J9m6PDcesbcGEg31ALaXkwcpxo',NULL,'1',1,0),(897,1,548,0,'2020-08-24 12:15:27','2020-08-24 12:15:27',1,NULL,NULL,'1APiVagJzzJMpAUjraav2wyXo9N3v8eyc3',NULL,'1',1,0),(898,3,548,0,'2020-08-24 12:15:27','2020-08-24 12:15:27',1,NULL,NULL,'tz1b14cNssHXbs1c6ZqD6hkw4uTGqbcxrf2z',NULL,'1',1,0),(899,1,550,0,'2020-08-24 20:32:47','2020-08-24 20:32:47',1,NULL,NULL,'18D641estFj6UvfmiefVup4RDYcn5Rycri',NULL,'1',1,0),(900,3,550,0,'2020-08-24 20:32:47','2020-08-24 20:32:47',1,NULL,NULL,'tz1SDyCRF7HuR5iQjZphhwYyLKu3rySawJtc',NULL,'1',1,0),(901,1,551,0,'2020-08-24 22:07:51','2020-08-24 22:07:51',1,NULL,NULL,'1DNSyBGdR1KVsyropgfNUdujVDLyAg1fUZ',NULL,'1',1,0),(902,3,551,0,'2020-08-24 22:07:51','2020-08-24 22:07:51',1,NULL,NULL,'tz1eJBg5QxFsUuZUiAduE7P3YkcGUw8uqdc8',NULL,'1',1,0),(903,1,552,0,'2020-08-25 01:01:31','2020-08-25 01:01:31',1,NULL,NULL,'19cMykhtebGzc75JWoSjkxWg7fNtMoxcsL',NULL,'1',1,0),(904,3,552,0,'2020-08-25 01:01:31','2020-08-25 01:01:31',1,NULL,NULL,'tz1MaSs3it36tdVVoP5jmhtqqx15gRfahqW4',NULL,'1',1,0),(905,1,554,0,'2020-08-26 07:25:11','2020-08-26 07:25:11',1,NULL,NULL,'13J5TxVg2bDmDpP3j2pMHd4Moti7ZX5UYh',NULL,'1',1,0),(906,3,554,0,'2020-08-26 07:25:11','2020-08-26 07:25:11',1,NULL,NULL,'tz1TT7Evt492XeVvk5MxykPGoiUWWjia1Mgi',NULL,'1',1,0),(907,1,555,0,'2020-08-26 13:31:08','2020-08-26 13:31:08',1,NULL,NULL,'12uLbCEtK8RadM8ZyjF24AdeWnao79faPn',NULL,'1',1,0),(908,3,555,0,'2020-08-26 13:31:08','2020-08-26 13:31:08',1,NULL,NULL,'tz1dBjqiDbAcpCUQ491WfTXoEbWzLBVnzspf',NULL,'1',1,0),(909,1,556,0,'2020-08-26 15:34:07','2020-08-26 15:34:07',1,NULL,NULL,'15uFHYoULqHixrMSw1MjaKkjcSyABuHjNj',NULL,'1',1,0),(910,3,556,0,'2020-08-26 15:34:07','2020-08-26 15:34:07',1,NULL,NULL,'tz1d1sJVHi4vmD45CMVUtsm5itnQiNRULTuq',NULL,'1',1,0),(911,1,557,0,'2020-08-27 09:14:37','2020-08-27 09:14:37',1,NULL,NULL,'1E9TARcThkYjDauannyzrTXeWvavETd2mX',NULL,'1',1,0),(912,3,557,0,'2020-08-27 09:14:37','2020-08-27 09:14:37',1,NULL,NULL,'tz1dBxt8Sff3TGRH9RUebiX5UY63Kt4dbZ9N',NULL,'1',1,0),(913,1,558,0,'2020-08-27 12:44:50','2020-08-27 12:44:50',1,NULL,NULL,'1FpKBbJp28VDbR9X7hworRW7M8UNAB8US5',NULL,'1',1,0),(914,3,558,0,'2020-08-27 12:44:50','2020-08-27 12:44:50',1,NULL,NULL,'tz1LUtadSHhud3RCPJ5ijYJhDAEmkSk7uU1E',NULL,'1',1,0),(915,1,559,0,'2020-08-27 14:49:36','2020-08-27 14:49:36',1,NULL,NULL,'1AhA2CWjQFvPc6GAUGJADL5FRS88GWNWD9',NULL,'1',1,0),(916,3,559,0,'2020-08-27 14:49:36','2020-08-27 14:49:36',1,NULL,NULL,'tz1WVVPAYuzz8ajNquDuGbvM9BtuJ3LnKXBm',NULL,'1',1,0),(917,1,560,0,'2020-08-27 18:33:29','2020-08-27 18:33:29',1,NULL,NULL,'15CRHgcQ5kaFKAPa5cQ9Lujt2MZ1vqSP1G',NULL,'1',1,0),(918,3,560,0,'2020-08-27 18:33:29','2020-08-27 18:33:29',1,NULL,NULL,'tz1S3LQMYGbS36vGXNNwbhzWV4ESMF7Fk38M',NULL,'1',1,0),(919,1,561,0,'2020-08-28 09:53:42','2020-08-28 09:53:42',1,NULL,NULL,'14xmVHsLttAQe9tFd61Crc6RsV2yhyXU5v',NULL,'1',1,0),(920,3,561,0,'2020-08-28 09:53:42','2020-08-28 09:53:42',1,NULL,NULL,'tz1hTA8wNdmhorQshJmoEwDioDEQ6BfTwsut',NULL,'1',1,0),(921,1,562,0,'2020-08-29 09:36:31','2020-08-29 09:36:31',1,NULL,NULL,'1Q2C4xCYP7PK9H9yLd2ZAnqB4EzGmujNfm',NULL,'1',1,0),(922,3,562,0,'2020-08-29 09:36:31','2020-08-29 09:36:31',1,NULL,NULL,'tz1R3bUjr3bDCsdtVTBduZt6GNcDfDT6XSsY',NULL,'1',1,0),(923,1,563,0,'2020-08-29 11:19:55','2020-08-29 11:19:55',1,NULL,NULL,'14tJzGJKbYZNpmPJyWALv1uPXA6HoGSzpq',NULL,'1',1,0),(924,3,563,0,'2020-08-29 11:19:55','2020-08-29 11:19:55',1,NULL,NULL,'tz1fHb4XAb5DD7dqhFsE2JwvXjufVxKPgrif',NULL,'1',1,0),(925,1,564,0,'2020-08-29 13:03:58','2020-08-29 13:03:58',1,NULL,NULL,'1NszmgfBnHZhhqnWXTQUR3dh9XSYQPJQ2F',NULL,'1',1,0),(926,3,564,0,'2020-08-29 13:03:58','2020-08-29 13:03:58',1,NULL,NULL,'tz1fvPAJVe2AcbYgtLWRatBZQz88oTGvvy4Z',NULL,'1',1,0),(927,1,565,0,'2020-08-29 22:52:03','2020-08-29 22:52:03',1,NULL,NULL,'1ExXqnroTfdBFNo5EciQiJoJ7mZYkNwA6K',NULL,'1',1,0),(928,3,565,0,'2020-08-29 22:52:03','2020-08-29 22:52:03',1,NULL,NULL,'tz1XeXWLaKv7tGH7GR9iLGyGjqNmhFYxAtjg',NULL,'1',1,0),(929,1,566,0,'2020-08-31 09:30:11','2020-08-31 09:30:11',1,NULL,NULL,'1KTeC6DZX4dAqNFgUxHEeUVv55Cg1hSi7L',NULL,'1',1,0),(930,3,566,0,'2020-08-31 09:30:11','2020-08-31 09:30:11',1,NULL,NULL,'tz1d2NEoMPuLPswhCqDxMmD5gwZwLkdTR64T',NULL,'1',1,0),(931,1,568,0,'2020-09-03 14:03:57','2020-09-03 14:03:57',1,NULL,NULL,'1GLSugReupNq3xP7Qbhq5yypYjY5S3cx1s',NULL,'1',1,0),(932,3,568,0,'2020-09-03 14:03:57','2020-09-03 14:03:57',1,NULL,NULL,'tz1PETfpw6VRVD4xyMbCcJv3dUfcqbf3xasT',NULL,'1',1,0),(933,1,574,0,'2020-09-05 17:23:36','2020-09-05 17:23:36',1,NULL,NULL,'1Bgv8KPgaYLP6thfQuppa7VmPm9bws8wf1',NULL,'1',1,0),(934,3,574,0,'2020-09-05 17:23:36','2020-09-05 17:23:36',1,NULL,NULL,'tz1NE6bMAxxA1R99XvTBn4dXZgLS2FN3Lt5c',NULL,'1',1,0),(935,1,575,0,'2020-09-05 18:41:43','2020-09-05 18:41:43',1,NULL,NULL,'1NnBi9UjmvTd52cwFp9e92zWo1aZYWJj6h',NULL,'1',1,0),(936,3,575,0,'2020-09-05 18:41:43','2020-09-05 18:41:43',1,NULL,NULL,'tz1cnmj8j2QFiovDzSYJ963W9zprganu5PCo',NULL,'1',1,0),(937,1,576,0,'2020-09-05 19:07:52','2020-09-05 19:07:52',1,NULL,NULL,'1BFuvhP9wFXAnFYFgNyuzuKoJqP4hofY1q',NULL,'1',1,0),(938,3,576,0,'2020-09-05 19:07:52','2020-09-05 19:07:52',1,NULL,NULL,'tz1ZRhVvW8vWpGRo6vhyNKXEh9hpzLSScFWu',NULL,'1',1,0),(939,1,577,0,'2020-09-05 23:29:07','2020-09-05 23:29:07',1,NULL,NULL,NULL,NULL,'1',1,0),(940,3,577,0,'2020-09-05 23:29:07','2020-09-05 23:29:07',1,NULL,NULL,'tz1aFqGisBWUvqbDbHx6Md6rCKRrQDaikFyV',NULL,'1',1,0),(941,1,578,0,'2020-09-06 20:09:58','2020-09-06 20:09:58',1,NULL,NULL,'13FJXej6tHv7keGA29xuERsLRvsXmXNtcu',NULL,'1',1,0),(942,3,578,0,'2020-09-06 20:09:58','2020-09-06 20:09:58',1,NULL,NULL,'tz1TCf9SRtvkYcDjFiRL8HtfQ8QB2nEZEdJM',NULL,'1',1,0),(943,1,579,0,'2020-09-06 20:20:28','2020-09-06 20:20:28',1,NULL,NULL,'1KpPcNs9TNN95dA2oHRhLAoWAB42T5ijuG',NULL,'1',1,0),(944,3,579,0,'2020-09-06 20:20:28','2020-09-06 20:20:28',1,NULL,NULL,'tz1Rkas1o7Ncmcv2J9sctCFfi23dXQiefCsp',NULL,'1',1,0),(945,1,580,0,'2020-09-06 20:54:59','2020-09-06 20:54:59',1,NULL,NULL,'1FZbzqcHLn9TWnRLfYytB2mEeM2hx1cdMg',NULL,'1',1,0),(946,3,580,0,'2020-09-06 20:54:59','2020-09-06 20:54:59',1,NULL,NULL,'tz1hjqmwhshuB15EQmNsJvA5zMTkEzLRasMb',NULL,'1',1,0),(947,1,581,0,'2020-09-06 22:32:46','2020-09-06 22:32:46',1,NULL,NULL,'1GDGtBv9xbWrygLRp7yxayNq8wzgP5KhrT',NULL,'1',1,0),(948,3,581,0,'2020-09-06 22:32:46','2020-09-06 22:32:46',1,NULL,NULL,'tz1UvM77oxef9ynUNx8bg8gJgoJ9aSLfizbx',NULL,'1',1,0),(949,1,582,0,'2020-09-07 02:00:43','2020-09-07 02:00:43',1,NULL,NULL,'1B59uvYru6vmnwZpobsH5Umqfu8hsq8Mym',NULL,'1',1,0),(950,3,582,0,'2020-09-07 02:00:43','2020-09-07 02:00:43',1,NULL,NULL,'tz1Mc15bRVThhiQJJXnRPQ7gSMtmmPzK9XzT',NULL,'1',1,0),(951,1,583,0,'2020-09-07 07:43:08','2020-09-07 07:43:08',1,NULL,NULL,'1BNLBUVMheskoD4NEfNW58mC4qNvNzwfyg',NULL,'1',1,0),(952,3,583,0,'2020-09-07 07:43:08','2020-09-07 07:43:08',1,NULL,NULL,'tz1TVAS353PyqCN1EeURrJ2UMrHoW1j1KGZC',NULL,'1',1,0),(953,1,584,0,'2020-09-07 09:38:47','2020-09-07 09:38:47',1,NULL,NULL,'15zYFyv94ZsDAQzjRzJYGG6RXq2SqoVcE7',NULL,'1',1,0),(954,3,584,0,'2020-09-07 09:38:47','2020-09-07 09:38:47',1,NULL,NULL,'tz1cvs3nvoBY5fFR9rNscygG5bCi1pUp1ys2',NULL,'1',1,0),(955,1,585,0,'2020-09-07 09:54:57','2020-09-07 09:54:57',1,NULL,NULL,'1JGr1AAvucmXZBSYApPtvJEo7m2wTNrK6S',NULL,'1',1,0),(956,3,585,0,'2020-09-07 09:54:57','2020-09-07 09:54:57',1,NULL,NULL,'tz1PbnvXqniYtfSuuTSeoVHtFziqSxFLrQNz',NULL,'1',1,0),(957,1,586,0,'2020-09-07 12:16:38','2020-09-07 12:16:38',1,NULL,NULL,'1HVkpAx67oGmSUzPSgrfajJBndt6KQ157V',NULL,'1',1,0),(958,3,586,0,'2020-09-07 12:16:38','2020-09-07 12:16:38',1,NULL,NULL,'tz1gEEPSSaftiSQwNNj4VpwhNfeiVEdw8Qez',NULL,'1',1,0),(959,1,587,0,'2020-09-07 13:23:07','2020-09-07 13:23:07',1,NULL,NULL,'1DMcmZF3BzUGbSAmXrRjb8VCd469vj3DZg',NULL,'1',1,0),(960,3,587,0,'2020-09-07 13:23:07','2020-09-07 13:23:07',1,NULL,NULL,'tz1ixqQDWRpUVxDVYvbrtskk16wFuas49imj',NULL,'1',1,0),(961,1,588,0,'2020-09-07 13:27:15','2020-09-07 13:27:15',1,NULL,NULL,'12oowzzd9RpuuMKXpuyer1qhRU8144pao9',NULL,'1',1,0),(962,3,588,0,'2020-09-07 13:27:15','2020-09-07 13:27:15',1,NULL,NULL,'tz1fskJvBdeDv6C2ZzfSJXqWqXjE2ycsKqZf',NULL,'1',1,0),(963,1,589,0,'2020-09-07 14:03:13','2020-09-07 14:03:13',1,NULL,NULL,'1K69BXMTTgNWBj8kLdktAMti2AF5z46rGL',NULL,'1',1,0),(964,3,589,0,'2020-09-07 14:03:13','2020-09-07 14:03:13',1,NULL,NULL,'tz1dtMocoTMe2uNjnwk4dRYKAwWAL5KpJnXD',NULL,'1',1,0),(965,1,590,0,'2020-09-07 21:12:39','2020-09-07 21:12:39',1,NULL,NULL,'17VPi9Jxv19tEG1QKXJqivGqeRCtYYUQMz',NULL,'1',1,0),(966,3,590,0,'2020-09-07 21:12:39','2020-09-07 21:12:39',1,NULL,NULL,'tz1T1pUssFihXnmjJiMiVpcmMrnKq3dhqZXH',NULL,'1',1,0),(967,1,591,0,'2020-09-08 15:07:15','2020-09-08 15:07:15',1,NULL,NULL,'1GDLQy9aSWJfcQfizmPFThGecw17RG9sv7',NULL,'1',1,0),(968,3,591,0,'2020-09-08 15:07:15','2020-09-08 15:07:15',1,NULL,NULL,'tz1ULV49aZwRif1YnrK3FB6rpqpS35f9iDyA',NULL,'1',1,0),(969,1,592,0,'2020-09-08 17:28:43','2020-09-08 17:28:43',1,NULL,NULL,'1KDCYoWJZQgfTiA58EWbS9n2hDJwNueAH9',NULL,'1',1,0),(970,3,592,0,'2020-09-08 17:28:43','2020-09-08 17:28:43',1,NULL,NULL,'tz1PXiQr5CUca4YzN7Cdfhd9K9yyyAmpZE7W',NULL,'1',1,0),(971,1,593,0,'2020-09-09 22:40:34','2020-09-09 22:40:34',1,NULL,NULL,'1EjKxhFQnqdPCDS5MykHde11xWmw65ia9X',NULL,'1',1,0),(972,3,593,0,'2020-09-09 22:40:34','2020-09-09 22:40:34',1,NULL,NULL,'tz1eAJp1nLzhEvZWFnhkUfGat5ZriEiq1z8v',NULL,'1',1,0),(973,1,594,0,'2020-09-10 04:54:01','2020-09-10 04:54:01',1,NULL,NULL,'1JxXWZD7v9H9gDuKq4CXWStf13iZB5Rdn1',NULL,'1',1,0),(974,3,594,0,'2020-09-10 04:54:01','2020-09-10 04:54:01',1,NULL,NULL,'tz1X3cVE8aNasuu4VeWNRgB4oax8EBjm7tT9',NULL,'1',1,0),(975,1,595,0,'2020-09-10 14:19:19','2020-09-10 14:19:19',1,NULL,NULL,'12WyY4RdG8ijb7CJ2wb5TwaF2hrKaVUqm9',NULL,'1',1,0),(976,3,595,0,'2020-09-10 14:19:19','2020-09-10 14:19:19',1,NULL,NULL,'tz1YdKq8AzaNHiGJDC5hd2i8qz5wUBGfVWpg',NULL,'1',1,0),(977,1,596,0,'2020-09-10 15:28:29','2020-09-10 15:28:29',1,NULL,NULL,'1NwthJRryj51jbK2jRD2aNE9EkBE7WMpxy',NULL,'1',1,0),(978,3,596,0,'2020-09-10 15:28:29','2020-09-10 15:28:29',1,NULL,NULL,'tz1faJghebCzX5R2Be33fpPUXw9B8UTU6Nts',NULL,'1',1,0),(979,1,597,0,'2020-09-10 17:01:37','2020-09-10 17:01:37',1,NULL,NULL,'16NxUfUXqZgmtoBuR81tCwg7tQw1XUHFh1',NULL,'1',1,0),(980,3,597,0,'2020-09-10 17:01:37','2020-09-10 17:01:37',1,NULL,NULL,'tz1WNphwgQY7bnWVu1WwjCzCKCSjDzX8kHyi',NULL,'1',1,0),(981,1,598,0,'2020-09-13 03:17:42','2020-09-13 03:17:42',1,NULL,NULL,'19DRpFnFaAfF638qVNSBPLvJ6ZeJwBDQPD',NULL,'1',1,0),(982,3,598,0,'2020-09-13 03:17:42','2020-09-13 03:17:42',1,NULL,NULL,'tz1Lr8t7iVXAByEcqbraN7EAGDt5FvSZYFdS',NULL,'1',1,0),(983,1,599,0,'2020-09-13 11:02:11','2020-09-13 11:02:11',1,NULL,NULL,'1GT2MPPMkrkha51tmoncBygsu2zk5Zd3Xe',NULL,'1',1,0),(984,3,599,0,'2020-09-13 11:02:11','2020-09-13 11:02:11',1,NULL,NULL,'tz1cLK3bWLCuXsjkGaQtZR4gSPTNs8f9e9Md',NULL,'1',1,0),(985,1,600,0,'2020-09-13 16:43:34','2020-09-13 16:43:34',1,NULL,NULL,'1PiBALV6RdSjYhhvV88bxpBg9tZvJBbis7',NULL,'1',1,0),(986,3,600,0,'2020-09-13 16:43:34','2020-09-13 16:43:34',1,NULL,NULL,'tz1VsZyT3sBmbETYSw9ZM1qYitHJ3ePxmBjr',NULL,'1',1,0),(987,1,601,0,'2020-09-14 16:25:47','2020-09-14 16:25:47',1,NULL,NULL,'164aHrnj8atSBhreeBmUA8drhQ95kjaxT8',NULL,'1',1,0),(988,3,601,0,'2020-09-14 16:25:47','2020-09-14 16:25:47',1,NULL,NULL,'tz1c9nHSTQpsmpZRPUhws2YqXJ9kPAhRr3ts',NULL,'1',1,0),(989,1,602,0,'2020-09-14 17:06:34','2020-09-14 17:06:34',1,NULL,NULL,'1N5dMQwuJxpGijYd4JeadzNchHMgtYyBz2',NULL,'1',1,0),(990,3,602,0,'2020-09-14 17:06:34','2020-09-14 17:06:34',1,NULL,NULL,'tz1PWDFMYL9PM6n7kAVNAGVW8EkNAnk1iFRr',NULL,'1',1,0),(991,1,603,0,'2020-09-15 14:14:05','2020-09-15 14:14:05',1,NULL,NULL,'1Ao7JzPzKH93Fej5n2yVpGHGAAXrac69CQ',NULL,'1',1,0),(992,3,603,0,'2020-09-15 14:14:05','2020-09-15 14:14:05',1,NULL,NULL,'tz1SShYcRyGPoNbAHdJegdaFNYrwQBEEoHX2',NULL,'1',1,0),(993,1,604,0,'2020-09-15 16:11:31','2020-09-15 16:11:31',1,NULL,NULL,'15YymQBngKM46HrzEWS61DVZyoQ8V3oPwX',NULL,'1',1,0),(994,3,604,0,'2020-09-15 16:11:31','2020-09-15 16:11:31',1,NULL,NULL,'tz1NFj8VNdurguqPa5DN3ATFZNg1N8nmrKNg',NULL,'1',1,0),(995,1,606,0,'2020-09-22 17:52:25','2020-09-22 17:52:25',1,NULL,NULL,'1CWjo2coHmaXQofdDMqo4ChFewSkLSy1tN',NULL,'1',1,0),(996,3,606,0,'2020-09-22 17:52:25','2020-09-22 17:52:25',1,NULL,NULL,'tz1fVJ6aBNQnVGgwg7hwq9j1dgnkvxJDpNdb',NULL,'1',1,0),(997,1,607,0,'2020-09-23 17:10:56','2020-09-23 17:10:56',1,NULL,NULL,'1BEqnWJZxNT3DT15iUP7gFzcmnuFbwSvb1',NULL,'1',1,0),(998,3,607,0,'2020-09-23 17:10:56','2020-09-23 17:10:56',1,NULL,NULL,'tz1P9ZgimoNRRyit8UdKKKbw1ihbAeM38n85',NULL,'1',1,0);
/*!40000 ALTER TABLE `wallet` ENABLE KEYS */;
UNLOCK TABLES;

--
-- Table structure for table `wallet_status`
--

DROP TABLE IF EXISTS `wallet_status`;
/*!40101 SET @saved_cs_client     = @@character_set_client */;
/*!50503 SET character_set_client = utf8mb4 */;
CREATE TABLE `wallet_status` (
  `wallet_status_code` int(11) NOT NULL AUTO_INCREMENT,
  `wallet_status_desc` varchar(255) NOT NULL,
  PRIMARY KEY (`wallet_status_code`)
) ENGINE=MyISAM DEFAULT CHARSET=utf8;
/*!40101 SET character_set_client = @saved_cs_client */;

--
-- Dumping data for table `wallet_status`
--

LOCK TABLES `wallet_status` WRITE;
/*!40000 ALTER TABLE `wallet_status` DISABLE KEYS */;
/*!40000 ALTER TABLE `wallet_status` ENABLE KEYS */;
UNLOCK TABLES;

--
-- Table structure for table `wallets_type`
--

DROP TABLE IF EXISTS `wallets_type`;
/*!40101 SET @saved_cs_client     = @@character_set_client */;
/*!50503 SET character_set_client = utf8mb4 */;
CREATE TABLE `wallets_type` (
  `wallettype_id` int(11) NOT NULL AUTO_INCREMENT,
  `wallet_desc` varchar(255) DEFAULT NULL,
  `Code` varchar(3) NOT NULL,
  `Fiat` int(11) NOT NULL DEFAULT '0',
  PRIMARY KEY (`wallettype_id`)
) ENGINE=MyISAM AUTO_INCREMENT=5 DEFAULT CHARSET=utf8;
/*!40101 SET character_set_client = @saved_cs_client */;

--
-- Dumping data for table `wallets_type`
--

LOCK TABLES `wallets_type` WRITE;
/*!40000 ALTER TABLE `wallets_type` DISABLE KEYS */;
INSERT INTO `wallets_type` VALUES (1,'Bcoin','BTC',0),(2,'Stellar','XLM',0),(3,'Tezos','XTZ',0),(4,'FCFA','XAF',1);
/*!40000 ALTER TABLE `wallets_type` ENABLE KEYS */;
UNLOCK TABLES;

--
-- Table structure for table `weekly_transaction`
--

DROP TABLE IF EXISTS `weekly_transaction`;
/*!40101 SET @saved_cs_client     = @@character_set_client */;
/*!50503 SET character_set_client = utf8mb4 */;
CREATE TABLE `weekly_transaction` (
  `id` int(11) NOT NULL AUTO_INCREMENT,
  `date_start` timestamp NOT NULL,
  `date_end` timestamp NOT NULL,
  `username` varchar(100) CHARACTER SET utf8mb4 COLLATE utf8mb4_general_ci NOT NULL,
  `amount` int(11) NOT NULL,
  PRIMARY KEY (`id`)
) ENGINE=InnoDB AUTO_INCREMENT=53 DEFAULT CHARSET=utf8mb4 COLLATE=utf8mb4_general_ci;
/*!40101 SET character_set_client = @saved_cs_client */;

--
-- Dumping data for table `weekly_transaction`
--

LOCK TABLES `weekly_transaction` WRITE;
/*!40000 ALTER TABLE `weekly_transaction` DISABLE KEYS */;
INSERT INTO `weekly_transaction` VALUES (1,'2020-08-02 00:00:00','2020-08-09 00:00:00','Mick',5000),(2,'2020-08-02 00:00:00','2020-08-09 00:00:00','bat20',5000),(3,'2020-08-02 00:00:00','2020-08-09 00:00:00','NBK',685300),(4,'2020-08-02 00:00:00','2020-08-09 00:00:00','iAmNV',407743),(5,'2020-08-09 00:00:00','2020-08-16 00:00:00','iAmNV',650000),(6,'2020-08-09 00:00:00','2020-08-16 00:00:00','NBK',685300),(7,'2020-08-09 00:00:00','2020-08-16 00:00:00','ejaratest25',500000),(8,'2020-08-09 00:00:00','2020-08-16 00:00:00','fradith',10000),(9,'2020-08-09 00:00:00','2020-08-16 00:00:00','ejarastock',400000),(10,'2020-08-09 00:00:00','2020-08-16 00:00:00','Bangelin',10000),(11,'2020-08-09 00:00:00','2020-08-16 00:00:00','ej_trans_test',5000),(12,'2020-08-16 00:00:00','2020-08-23 00:00:00','ejaratest25',5000),(13,'2020-08-16 00:00:00','2020-08-23 00:00:00','fradith',10000),(14,'2020-08-16 00:00:00','2020-08-23 00:00:00','kevin',60000),(15,'2020-08-16 00:00:00','2020-08-23 00:00:00','ejaratest26',100000),(16,'2020-08-16 00:00:00','2020-08-23 00:00:00','ejaratestwallet',45000),(17,'2020-08-16 00:00:00','2020-08-23 00:00:00','bat20',25000),(18,'2020-08-16 00:00:00','2020-08-23 00:00:00','tradedollars',20000),(19,'2020-08-16 00:00:00','2020-08-23 00:00:00','ejarastock',1000000),(20,'2020-08-16 00:00:00','2020-08-23 00:00:00','sinced',150000),(21,'2020-08-23 00:00:00','2020-08-30 00:00:00','andy92',1870000),(22,'2020-08-23 00:00:00','2020-08-30 00:00:00','fradith',10000),(23,'2020-08-23 00:00:00','2020-08-30 00:00:00','yamal24',5000),(24,'2020-08-23 00:00:00','2020-08-30 00:00:00','bat20',10000),(25,'2020-08-23 00:00:00','2020-08-30 00:00:00','lionelassila',5100),(26,'2020-08-23 00:00:00','2020-08-30 00:00:00','tradedollars',5000),(27,'2020-08-23 00:00:00','2020-08-30 00:00:00','Bangelin',20000),(28,'2020-08-23 00:00:00','2020-08-30 00:00:00','ejaratest26',25000),(29,'2020-08-30 00:00:00','2020-09-06 00:00:00','andy92',1246000),(30,'2020-08-30 00:00:00','2020-09-06 00:00:00','Bangelin',50000),(31,'2020-08-30 00:00:00','2020-09-06 00:00:00','ejaratest26',5000),(32,'2020-08-30 00:00:00','2020-09-06 00:00:00','djouguela',630230),(33,'2020-09-06 00:00:00','2020-09-13 00:00:00','ejaratest26',30000),(34,'2020-09-06 00:00:00','2020-09-13 00:00:00','bat20',20000),(35,'2020-09-06 00:00:00','2020-09-13 00:00:00','IBH19',45000),(36,'2020-09-06 00:00:00','2020-09-13 00:00:00','ej_trans_test',25000),(37,'2020-09-06 00:00:00','2020-09-13 00:00:00','andy92',1250000),(38,'2020-09-13 00:00:00','2020-09-20 00:00:00','iAmNV',10000),(39,'2020-09-13 00:00:00','2020-09-20 00:00:00','Lyonnel',11000),(40,'2020-09-13 00:00:00','2020-09-20 00:00:00','ejarastock',88900),(41,'2020-09-13 00:00:00','2020-09-20 00:00:00','andy92',1000000),(42,'2020-09-13 00:00:00','2020-09-20 00:00:00','djouguela',1250000),(43,'2020-09-13 00:00:00','2020-09-20 00:00:00','fradith',10371),(44,'2020-09-13 00:00:00','2020-09-20 00:00:00','martzokim',48450),(45,'2020-09-13 00:00:00','2020-09-20 00:00:00','IBH19',45000),(46,'2020-09-13 00:00:00','2020-09-20 00:00:00','Bangelin',20000),(47,'2020-09-13 00:00:00','2020-09-20 00:00:00','sinced',80014),(48,'2020-09-20 00:00:00','2020-09-27 00:00:00','andy92',312500),(49,'2020-09-27 00:00:00','2020-10-04 00:00:00','Mick',14800),(50,'2020-09-27 00:00:00','2020-10-04 00:00:00','tradedollars',20000),(51,'2020-09-27 00:00:00','2020-10-04 00:00:00','Loba3006',50000),(52,'2020-09-27 00:00:00','2020-10-04 00:00:00','sinced',350000);
/*!40000 ALTER TABLE `weekly_transaction` ENABLE KEYS */;
UNLOCK TABLES;

--
-- Dumping events for database 'ejara_db'
--

--
-- Dumping routines for database 'ejara_db'
--
SET @@SESSION.SQL_LOG_BIN = @MYSQLDUMP_TEMP_LOG_BIN;
/*!40103 SET TIME_ZONE=@OLD_TIME_ZONE */;

/*!40101 SET SQL_MODE=@OLD_SQL_MODE */;
/*!40014 SET FOREIGN_KEY_CHECKS=@OLD_FOREIGN_KEY_CHECKS */;
/*!40014 SET UNIQUE_CHECKS=@OLD_UNIQUE_CHECKS */;
/*!40101 SET CHARACTER_SET_CLIENT=@OLD_CHARACTER_SET_CLIENT */;
/*!40101 SET CHARACTER_SET_RESULTS=@OLD_CHARACTER_SET_RESULTS */;
/*!40101 SET COLLATION_CONNECTION=@OLD_COLLATION_CONNECTION */;
/*!40111 SET SQL_NOTES=@OLD_SQL_NOTES */;

-- Dump completed on 2020-09-24 17:47:57
